<?xml version="1.0" encoding="utf-8"?>
<COLLADA xmlns="http://www.collada.org/2005/11/COLLADASchema" version="1.4.1" xmlns:xsi="http://www.w3.org/2001/XMLSchema-instance">
  <asset>
    <contributor>
      <author>Blender User</author>
      <authoring_tool>Blender 3.6.23 commit date:2025-06-16, commit time:11:52, hash:e467db79ca8c</authoring_tool>
    </contributor>
    <created>2025-08-29T20:05:42</created>
    <modified>2025-08-29T20:05:42</modified>
    <unit name="meter" meter="1"/>
    <up_axis>Z_UP</up_axis>
  </asset>
  <library_cameras>
    <camera id="_D_뷰___3D_-camera" name="3D 뷰: {3D}">
      <optics>
        <technique_common>
          <orthographic>
            <xmag sid="xmag">0.5</xmag>
            <aspect_ratio>1.777778</aspect_ratio>
            <znear sid="znear">37.66601</znear>
            <zfar sid="zfar">85.0014</zfar>
          </orthographic>
        </technique_common>
      </optics>
      <extra>
        <technique profile="blender">
          <shiftx sid="shiftx" type="float">-0.04961895</shiftx>
          <shifty sid="shifty" type="float">-0.2286701</shifty>
          <dof_distance sid="dof_distance" type="float">0.06095999</dof_distance>
        </technique>
      </extra>
    </camera>
    <camera id="Camera-camera" name="Camera">
      <optics>
        <technique_common>
          <perspective>
            <xfov sid="xfov">39.59775</xfov>
            <aspect_ratio>1.777778</aspect_ratio>
            <znear sid="znear">0.1</znear>
            <zfar sid="zfar">100</zfar>
          </perspective>
        </technique_common>
      </optics>
      <extra>
        <technique profile="blender">
          <shiftx sid="shiftx" type="float">0</shiftx>
          <shifty sid="shifty" type="float">0</shifty>
          <dof_distance sid="dof_distance" type="float">10</dof_distance>
        </technique>
      </extra>
    </camera>
  </library_cameras>
  <library_lights>
    <light id="Light-light" name="Light">
      <technique_common>
        <point>
          <color sid="color">1000 1000 1000</color>
          <constant_attenuation>1</constant_attenuation>
          <linear_attenuation>0</linear_attenuation>
          <quadratic_attenuation>0.00111109</quadratic_attenuation>
        </point>
      </technique_common>
      <extra>
        <technique profile="blender">
          <type sid="type" type="int">0</type>
          <flag sid="flag" type="int">0</flag>
          <mode sid="mode" type="int">1</mode>
          <gamma sid="blender_gamma" type="float">1</gamma>
          <red sid="red" type="float">1</red>
          <green sid="green" type="float">1</green>
          <blue sid="blue" type="float">1</blue>
          <shadow_r sid="blender_shadow_r" type="float">0</shadow_r>
          <shadow_g sid="blender_shadow_g" type="float">0</shadow_g>
          <shadow_b sid="blender_shadow_b" type="float">0</shadow_b>
          <energy sid="blender_energy" type="float">1000</energy>
          <dist sid="blender_dist" type="float">29.99998</dist>
          <spotsize sid="spotsize" type="float">75</spotsize>
          <spotblend sid="spotblend" type="float">0.15</spotblend>
          <att1 sid="att1" type="float">0</att1>
          <att2 sid="att2" type="float">1</att2>
          <falloff_type sid="falloff_type" type="int">2</falloff_type>
          <clipsta sid="clipsta" type="float">0.04999995</clipsta>
          <clipend sid="clipend" type="float">30.002</clipend>
          <bias sid="bias" type="float">1</bias>
          <bufsize sid="bufsize" type="int">2880</bufsize>
          <samp sid="samp" type="int">3</samp>
          <buffers sid="buffers" type="int">1</buffers>
          <radius sid="radius" type="float">0.1</radius>
          <area_shape sid="area_shape" type="int">1</area_shape>
          <area_size sid="area_size" type="float">0.1</area_size>
          <area_sizey sid="area_sizey" type="float">0.1</area_sizey>
          <area_sizez sid="area_sizez" type="float">1</area_sizez>
        </technique>
      </extra>
    </light>
  </library_lights>
  <library_images/>
  <library_geometries>
    <geometry id="기본_벽__W1__434114__Geometry-mesh" name="기본 벽 #W1 [434114] Geometry">
      <mesh>
        <source id="기본_벽__W1__434114__Geometry-mesh-positions">
          <float_array id="기본_벽__W1__434114__Geometry-mesh-positions-array" count="2352">38.6678 -7.095299 0.984252 38.6678 -0.8617032 0.984252 38.6678 -0.8617032 15.2559 38.6678 -7.095299 15.2559 38.01163 -7.095299 0.984252 38.01163 -7.095299 15.2559 38.01163 -0.8617032 15.2559 38.01163 -0.8617032 0.984252 -34.15044 -7.423383 0.984252 -0.4562185 -7.423383 15.2559 -1.112386 -7.423383 15.2559 -34.15044 -7.423383 15.2559 -0.4562185 -6.767215 0.984252 -34.15044 -6.767215 0.984252 -34.15044 -6.767215 15.2559 -0.4562185 -6.767215 15.2559 -1.112386 -7.423383 0.984252 -1.112386 -40.06774 0.984252 -1.112386 -40.06774 15.2559 -0.4562185 -7.423383 0.984252 -0.4562185 -40.06774 9.186352 -0.4562185 -40.06774 4.265092 -0.4562185 -40.06774 0.984252 24.80625 -40.06774 0.984252 24.80625 -40.06774 15.2559 -0.4562185 -40.06774 15.2559 -0.4562185 -39.41157 15.2559 24.15008 -39.41157 15.2559 24.80625 -39.41157 0.984252 24.80625 -7.423383 0.984252 24.80625 -6.767215 15.2559 24.80625 -39.41157 15.2559 24.15008 -6.767215 15.2559 24.15008 -6.767215 0.984252 38.01163 -7.423383 0.984252 38.01163 -7.423383 15.2559 24.80625 -7.423383 15.2559 24.80625 -6.767215 0.984252 38.01163 -6.767215 15.2559 38.01163 -6.767215 0.984252 38.58578 -0.8617032 0.984252 38.58578 2.501158 0.984252 38.58578 2.501158 15.2559 38.58578 -0.8617032 15.2559 37.92961 -0.8617032 15.2559 37.92961 2.501158 15.2559 37.92961 2.501158 0.984252 38.58578 4.797746 0.984252 38.58578 8.570712 0.984252 38.58578 8.570712 15.2559 38.58578 4.797746 15.2559 37.92961 4.797746 0.984252 37.92961 4.797746 15.2559 37.92961 8.570712 15.2559 37.92961 8.570712 0.984252 8.730134 -14.72325 0.984252 16.27607 -15.37942 0.984252 16.27607 -33.91616 0.984252 16.27607 -33.91616 15.2559 16.27607 -33.26 15.2559 16.27607 -15.37942 15.2559 16.27607 -14.72325 15.2559 16.27607 -9.473908 15.2559 16.93223 -9.473908 0.984252 16.93223 -9.473908 15.2559 16.93223 -33.91616 15.2559 16.27607 -33.26 0.984252 8.730134 -33.91616 15.2559 8.073966 -35.80265 0.984252 8.073966 -35.80265 15.2559 8.073966 -14.72325 15.2559 8.730134 -14.72325 15.2559 8.730134 -15.37942 15.2559 8.730134 -33.26 15.2559 8.730134 -35.80265 15.2559 8.730134 -33.26 0.984252 8.730134 -15.37942 0.984252 -26.83417 31.74985 0.984252 -26.83417 -0.271152 13.12336 -26.83417 31.74985 13.12336 -26.24362 31.74985 0.984252 -26.24362 31.74985 13.12336 -26.24362 -0.271152 13.12336 -1.24362 31.74985 13.12336 -0.6530689 31.74985 13.12336 -0.6530689 -0.271152 13.12336 24.34693 -0.271152 13.12336 24.34693 31.74985 13.12336 24.93748 31.74985 13.12336 24.93748 -0.271152 13.12336 24.93748 -0.271152 0.984252 -40.48246 -0.8617032 0.984252 -40.48246 -0.8617032 13.12336 -40.48246 2.173074 13.12336 -39.89191 2.173074 13.12336 -39.89191 -0.8617032 13.12336 -39.89191 -0.8617032 0.984252 -14.0389 5.12583 13.12336 -14.0389 27.43554 13.12336 -13.44834 27.43554 13.12336 -13.44834 5.12583 13.12336 -14.0389 2.173074 0.984252 -14.0389 -0.271152 13.12336 -14.0389 2.173074 13.12336 -13.44834 2.173074 13.12336 -13.44834 -0.271152 13.12336 11.55166 5.12583 13.12336 11.55166 27.43554 13.12336 12.14221 27.43554 0.984252 12.14221 27.43554 13.12336 12.14221 5.12583 13.12336 11.55166 2.173074 0.984252 11.55166 -0.271152 0.984252 11.55166 -0.271152 13.12336 11.55166 2.173074 13.12336 12.14221 2.173074 0.984252 12.14221 2.173074 13.12336 12.14221 -0.271152 0.984252 -40.48246 8.570712 0.984252 -40.48246 5.12583 0.984252 -40.48246 5.12583 13.12336 -40.48246 8.570712 13.12336 -39.89191 8.570712 0.984252 -39.89191 8.570712 13.12336 -39.89191 5.12583 13.12336 -40.83578 32.17635 0.984252 -40.73735 32.17635 0.984252 -38.94047 32.17635 0.984252 -38.84204 32.17635 15.09186 -40.83578 32.17635 15.09186 -40.83578 32.27478 0.984252 -40.83578 32.27478 15.09186 -38.84204 32.27478 15.09186 -38.84204 32.27478 0.984252 -38.94047 30.28987 0.984252 -38.94047 30.28987 15.09186 -38.94047 32.17635 15.09186 -38.84204 32.17635 0.984252 -38.84204 30.3883 0.984252 -38.84204 30.28987 0.984252 -37.85779 30.28987 15.74803 -38.84204 30.28987 15.74803 -38.84204 30.28987 15.09186 -38.84204 30.3883 15.74803 -37.85779 30.3883 15.74803 -37.85779 30.3883 0.984252 -37.95622 30.28987 0.984252 -37.95622 27.43554 15.74803 -37.95622 30.28987 15.74803 -37.85779 30.28987 0.984252 -37.85779 27.43554 15.74803 -37.85779 27.43554 0.984252 -37.95622 27.53397 0.984252 -40.83578 27.53397 0.984252 -37.95622 27.53397 15.09186 -37.95622 27.43554 0.984252 -37.95622 27.43554 15.09186 -40.83578 27.43554 15.09186 -40.83578 27.43554 0.984252 -40.73735 27.53397 0.984252 -40.73735 32.17635 15.09186 -40.73735 27.53397 15.09186 -40.83578 27.53397 15.09186 -27.03102 32.17635 0.984252 -26.04677 32.17635 15.09186 -26.9326 32.17635 15.09186 -27.03102 32.27478 0.984252 -27.03102 32.27478 15.09186 -26.04677 32.27478 15.09186 -26.04677 32.27478 0.984252 -26.1452 32.17635 0.984252 -26.1452 31.74985 0.984252 -26.1452 32.17635 15.09186 -26.04677 32.17635 0.984252 -26.04677 31.74985 15.09186 -26.04677 31.74985 0.984252 -26.1452 31.84827 0.984252 -26.9326 31.84827 15.09186 -26.1452 31.84827 15.09186 -26.1452 31.74985 15.09186 -27.03102 31.74985 15.09186 -27.03102 31.74985 0.984252 -26.9326 31.84827 0.984252 -26.9326 32.17635 0.984252 -27.03102 31.84827 0.984252 -27.03102 31.84827 15.09186 -27.03102 32.17635 15.09186 -14.23575 32.17635 0.984252 -14.13732 32.17635 0.984252 -13.34992 32.17635 0.984252 -13.25149 32.17635 0.984252 -13.25149 32.17635 15.09186 -14.13732 32.17635 15.09186 -14.23575 32.17635 15.09186 -14.23575 32.27478 0.984252 -14.23575 32.27478 15.09186 -13.25149 32.27478 15.09186 -13.25149 32.27478 0.984252 -13.34992 30.28987 0.984252 -13.34992 30.28987 15.09186 -13.34992 32.17635 15.09186 -13.25149 30.28987 0.984252 -13.25149 30.3883 0.984252 -12.36567 30.28987 0.984252 -12.26724 30.28987 0.984252 -13.25149 30.28987 15.74803 -13.25149 30.28987 15.09186 -13.25149 30.3883 15.74803 -12.26724 30.3883 15.74803 -12.36567 27.43554 15.74803 -12.36567 27.53397 15.74803 -12.36567 30.28987 15.74803 -12.26724 30.28987 15.74803 -12.26724 27.43554 15.74803 -12.26724 27.43554 0.984252 -12.36567 27.53397 0.984252 -12.36567 27.43554 0.984252 -15.22 27.43554 15.74803 -15.22 27.43554 0.984252 -15.12157 27.53397 0.984252 -15.12157 30.28987 15.74803 -15.12157 27.53397 15.74803 -15.22 27.53397 0.984252 -15.22 27.53397 15.74803 -15.22 30.3883 15.74803 -15.22 30.3883 0.984252 -15.12157 30.28987 0.984252 -14.13732 30.28987 0.984252 -14.13732 30.28987 15.74803 -15.12157 30.3883 0.984252 -15.12157 30.3883 15.74803 -14.13732 30.3883 15.74803 -14.13732 30.3883 15.09186 -14.13732 30.3883 0.984252 -14.23575 30.3883 0.984252 -14.23575 30.3883 15.09186 -1.342045 32.17635 0.984252 -0.5546437 32.17635 0.984252 -0.5546437 32.17635 15.09186 -1.342045 32.17635 15.09186 -1.44047 32.27478 0.984252 -1.44047 32.27478 15.09186 -0.4562185 32.27478 15.09186 -0.4562185 32.27478 0.984252 -0.4562185 32.17635 0.984252 -0.4562185 32.17635 15.09186 -0.4562185 31.74985 15.09186 -0.4562185 31.74985 0.984252 -0.5546437 31.84827 0.984252 -1.44047 31.84827 0.984252 -0.5546437 31.84827 15.09186 -0.5546437 31.74985 0.984252 -0.5546437 31.74985 15.09186 -1.44047 31.74985 15.09186 -1.44047 31.74985 0.984252 -1.342045 31.84827 0.984252 -1.342045 31.84827 15.09186 -1.44047 31.84827 15.09186 -1.44047 32.17635 15.09186 -1.44047 32.17635 0.984252 11.3548 32.17635 0.984252 11.45323 32.17635 0.984252 12.24063 32.17635 0.984252 11.3548 32.17635 15.09186 11.3548 32.27478 0.984252 11.3548 32.27478 15.09186 12.33906 32.27478 15.09186 12.33906 32.27478 0.984252 12.24063 30.28987 0.984252 12.24063 30.28987 15.09186 12.24063 32.17635 15.09186 12.33906 32.17635 0.984252 12.33906 32.17635 15.09186 12.33906 30.28987 0.984252 13.22488 30.28987 0.984252 13.32331 30.28987 0.984252 13.22488 30.28987 15.74803 12.33906 30.28987 15.74803 12.33906 30.28987 15.09186 12.33906 30.3883 0.984252 12.33906 30.3883 15.74803 13.32331 30.3883 15.74803 13.32331 30.3883 0.984252 13.22488 27.53397 0.984252 13.22488 27.43554 0.984252 13.22488 27.53397 15.74803 13.32331 30.28987 15.74803 13.32331 27.43554 15.74803 10.37055 27.53397 0.984252 13.22488 27.43554 15.74803 10.37055 27.43554 15.74803 10.46898 27.53397 0.984252 10.46898 30.28987 0.984252 10.46898 30.28987 15.74803 10.46898 27.53397 15.74803 10.37055 27.53397 15.74803 10.37055 30.3883 15.74803 11.45323 30.28987 0.984252 11.45323 30.28987 15.74803 10.46898 30.3883 0.984252 10.46898 30.3883 15.74803 11.45323 30.3883 15.74803 11.45323 30.3883 15.09186 11.45323 30.3883 0.984252 11.45323 32.17635 15.09186 11.3548 30.3883 15.09186 24.15008 32.17635 0.984252 24.24851 32.17635 0.984252 25.03591 32.17635 15.09186 24.24851 32.17635 15.09186 24.15008 32.17635 15.09186 24.15008 32.27478 0.984252 24.15008 32.27478 15.09186 25.13433 32.27478 15.09186 25.13433 32.27478 0.984252 25.03591 32.17635 0.984252 25.13433 32.17635 0.984252 25.13433 32.17635 15.09186 25.13433 31.74985 15.09186 25.13433 31.74985 0.984252 25.03591 31.84827 0.984252 24.24851 31.84827 15.09186 25.03591 31.84827 15.09186 25.03591 31.74985 0.984252 25.03591 31.74985 15.09186 24.15008 31.74985 15.09186 24.15008 31.74985 0.984252 24.34693 31.74985 0.984252 24.93748 31.74985 0.984252 24.24851 31.84827 0.984252 24.15008 31.84827 0.984252 24.15008 31.84827 15.09186 38.88987 27.53397 0.984252 36.05953 27.53397 0.984252 35.9611 27.53397 0.984252 35.9611 27.53397 15.09186 38.88987 27.53397 15.09186 38.88987 27.43554 0.984252 38.88987 27.43554 15.09186 35.9611 27.43554 15.09186 35.9611 27.43554 0.984252 36.05953 30.28987 0.984252 36.05953 30.3883 15.74803 36.05953 30.28987 15.74803 36.05953 27.53397 15.74803 35.9611 27.53397 15.74803 35.9611 30.3883 15.74803 35.9611 30.3883 0.984252 37.04378 30.28987 0.984252 37.04378 30.28987 15.74803 36.05953 30.3883 0.984252 37.04378 30.3883 15.74803 37.04378 30.3883 0.984252 37.04378 32.22557 0.984252 37.04378 32.22557 15.09186 37.04378 30.3883 15.09186 36.94535 30.3883 15.09186 36.94535 32.22557 15.09186 36.94535 32.22557 0.984252 -40.59729 5.027404 0.984252 -38.12026 5.027404 0.984252 -38.02183 5.027404 15.09186 -40.59729 5.027404 15.09186 -40.59729 5.12583 0.984252 -40.59729 5.12583 15.09186 -38.02183 5.12583 15.09186 -38.12026 2.271499 0.984252 -38.12026 2.173074 15.09186 -38.12026 2.173074 15.74803 -38.12026 5.027404 15.74803 -38.02183 5.027404 0.984252 -38.02183 5.027404 15.74803 -38.02183 2.173074 15.74803 -40.59729 2.271499 0.984252 -40.59729 2.271499 15.09186 -38.12026 2.271499 15.09186 -38.12026 2.173074 0.984252 -40.59729 2.173074 15.09186 -40.59729 2.173074 0.984252 -40.48246 2.173074 0.984252 -39.89191 2.173074 0.984252 -34.49493 -0.92732 0.984252 -40.59729 -0.92732 0.984252 -40.59729 -0.92732 15.74803 -34.49493 -1.025745 0.984252 -40.59729 -1.025745 15.74803 -40.59729 -1.025745 0.984252 -15.05596 5.027404 0.984252 -12.52971 5.027404 0.984252 -12.52971 5.027404 15.74803 -14.95753 5.027404 15.74803 -15.05596 5.12583 15.74803 -12.43128 5.12583 15.74803 -12.43128 5.12583 0.984252 -12.52971 2.271499 0.984252 -12.43128 5.027404 0.984252 -12.43128 5.027404 15.74803 -12.43128 2.173074 15.74803 -14.95753 2.271499 0.984252 -15.05596 2.271499 15.74803 -14.95753 2.271499 15.74803 -12.52971 2.271499 15.74803 -12.52971 2.173074 0.984252 -12.52971 2.173074 15.74803 -15.05596 2.173074 15.74803 -14.95753 5.027404 0.984252 -15.05596 2.271499 0.984252 -15.05596 5.027404 15.74803 13.15927 5.027404 0.984252 13.15927 5.027404 15.74803 10.5346 5.12583 15.74803 13.15927 5.12583 15.74803 13.06084 5.027404 0.984252 13.06084 2.173074 0.984252 13.06084 2.173074 15.74803 13.06084 2.271499 15.74803 13.06084 5.027404 15.74803 13.15927 2.173074 15.74803 13.15927 2.173074 0.984252 13.06084 2.271499 0.984252 10.63302 2.271499 0.984252 10.5346 2.271499 15.74803 10.63302 2.271499 15.74803 10.5346 2.173074 15.74803 10.63302 5.027404 0.984252 10.63302 5.027404 15.74803 10.5346 2.271499 0.984252 10.5346 5.027404 15.74803 10.5346 5.027404 0.984252 36.02672 5.12583 0.984252 36.02672 5.12583 15.74803 37.92961 5.12583 15.74803 37.92961 5.027404 0.984252 37.92961 5.027404 15.74803 36.12514 5.027404 15.74803 36.02672 5.027404 0.984252 36.12514 5.027404 0.984252 36.02672 2.173074 0.984252 36.02672 2.173074 15.74803 36.02672 5.027404 15.74803 36.12514 2.173074 0.984252 36.12514 2.271499 0.984252 37.92961 2.173074 0.984252 37.92961 2.173074 15.74803 36.12514 2.173074 15.74803 36.12514 2.271499 15.74803 37.92961 2.271499 15.74803 37.92961 2.271499 0.984252 -38.84204 31.9631 0.984252 -27.03102 31.9631 0.984252 -27.03102 31.9631 15.09186 -38.84204 31.9631 15.09186 -38.84204 32.06152 0.984252 -38.84204 32.06152 15.09186 -27.03102 32.06152 15.09186 -27.03102 32.06152 0.984252 -14.23575 32.06152 0.984252 -26.04677 32.06152 0.984252 -26.04677 32.06152 15.09186 -14.23575 32.06152 15.09186 -14.23575 31.9631 0.984252 -14.23575 31.9631 15.09186 -26.04677 31.9631 15.09186 -26.04677 31.9631 0.984252 -13.25149 31.9631 0.984252 -1.44047 31.9631 0.984252 -1.44047 31.9631 15.09186 -13.25149 31.9631 15.09186 -13.25149 32.06152 0.984252 -13.25149 32.06152 15.09186 -1.44047 32.06152 15.09186 -1.44047 32.06152 0.984252 11.3548 32.06152 0.984252 -0.4562185 32.06152 0.984252 -0.4562185 32.06152 15.09186 11.3548 32.06152 15.09186 11.3548 31.9631 0.984252 11.3548 31.9631 15.09186 -0.4562185 31.9631 15.09186 -0.4562185 31.9631 0.984252 12.33906 31.9631 0.984252 24.15008 31.9631 0.984252 24.15008 31.9631 15.09186 12.33906 31.9631 15.09186 12.33906 32.06152 0.984252 12.33906 32.06152 15.09186 24.15008 32.06152 15.09186 24.15008 32.06152 0.984252 36.94535 32.06152 0.984252 25.13433 32.06152 0.984252 25.13433 32.06152 15.09186 36.94535 32.06152 15.09186 36.94535 31.9631 0.984252 36.94535 31.9631 15.09186 25.13433 31.9631 15.09186 25.13433 31.9631 0.984252 -33.83876 -6.767215 0.984252 -33.83876 -0.8617032 0.984252 -33.83876 -0.8617032 15.74803 -33.83876 -6.767215 15.74803 -34.49493 -6.767215 0.984252 -34.49493 -6.767215 15.74803 -34.49493 -1.025745 15.74803 -34.49493 -0.92732 15.74803 -34.49493 -0.8617032 15.74803 -34.49493 -0.8617032 0.984252 -39.82958 8.570712 0.984252 -39.82958 27.43554 0.984252 -39.82958 27.43554 15.74803 -39.82958 8.570712 15.74803 -40.48574 8.570712 0.984252 -40.48574 8.570712 15.74803 -40.48574 27.43554 15.74803 -40.48574 27.43554 0.984252 38.58578 27.43554 0.984252 38.58578 27.43554 15.74803 38.58578 8.570712 15.74803 37.92961 8.570712 15.74803 37.92961 27.43554 15.74803 37.92961 27.43554 0.984252 -26.83417 31.74985 1.148294 -26.83417 -0.271152 1.148294 -26.83417 -0.271152 0.984252 -37.57892 -0.271152 1.148294 -39.89191 -0.271152 1.148294 -37.57892 -0.271152 0.984252 -39.89191 2.173074 1.148294 -38.02183 2.173074 1.148294 -38.02183 2.173074 0.984252 -38.02183 5.12583 1.148294 -38.02183 5.12583 0.984252 -39.89191 5.12583 1.148294 -39.89191 5.12583 0.984252 -39.89191 8.570712 1.148294 -39.95753 8.570712 1.148294 -39.95753 8.570712 0.984252 -39.95753 27.43554 1.148294 -39.95753 27.43554 0.984252 -37.85779 27.43554 1.148294 -37.85779 30.3883 1.148294 -38.84204 30.3883 1.148294 -38.84204 31.74985 1.148294 -38.84204 31.74985 0.984252 -37.57892 31.74985 1.148294 -37.57892 31.74985 0.984252 -30.69838 22.36548 2.788714 -30.69838 22.36548 2.624672 -33.97922 22.36548 2.788714 -33.9851 25.64778 2.788714 -30.70426 25.64778 2.788714 -33.9851 25.64778 2.624672 -33.97922 22.36548 2.624672 -30.70426 25.64778 2.624672 36.94535 31.74985 0.984252 36.94535 31.74985 1.148294 36.94535 30.3883 1.148294 36.94535 30.3883 0.984252 35.9611 30.3883 1.148294 35.9611 27.43554 1.148294 37.92961 27.43554 1.148294 37.92961 8.570712 1.148294 37.92961 5.12583 1.148294 37.92961 5.12583 0.984252 36.02672 5.12583 1.148294 36.02672 2.173074 1.148294 37.92961 2.173074 1.148294 37.92961 -0.271152 1.148294 37.92961 -0.271152 0.984252 24.93748 -0.271152 1.148294 24.93748 31.74985 1.148294 -14.23575 31.74985 0.984252 -14.23575 31.74985 1.148294 -14.23575 30.3883 1.148294 -15.22 30.3883 1.148294 -15.22 27.43554 1.148294 -14.0389 27.43554 1.148294 -14.0389 27.43554 0.984252 -14.0389 5.12583 1.148294 -14.0389 5.12583 0.984252 -15.05596 5.12583 1.148294 -15.05596 5.12583 0.984252 -15.05596 2.173074 1.148294 -15.05596 2.173074 0.984252 -14.0389 2.173074 1.148294 -14.0389 -0.271152 1.148294 -15.49887 -0.271152 1.148294 -26.24362 -0.271152 1.148294 -15.49887 -0.271152 0.984252 -26.24362 31.74985 1.148294 -15.49887 31.74985 1.148294 -15.49887 31.74985 0.984252 -22.56486 22.36441 2.46063 -22.56486 22.36441 2.296588 -22.57162 25.64525 2.46063 -19.29078 25.64525 2.46063 -19.28402 22.36441 2.46063 -19.29078 25.64525 2.296588 -22.57162 25.64525 2.296588 -19.28402 22.36441 2.296588 -13.25149 30.3883 1.148294 -13.25149 31.74985 1.148294 -13.25149 31.74985 0.984252 -12.26724 30.3883 0.984252 -12.26724 30.3883 1.148294 -12.26724 27.43554 1.148294 -13.44834 27.43554 0.984252 -13.44834 27.43554 1.148294 -13.44834 5.12583 0.984252 -13.44834 5.12583 1.148294 -12.43128 5.12583 1.148294 -12.43128 2.173074 0.984252 -12.43128 2.173074 1.148294 -13.44834 2.173074 0.984252 -13.44834 2.173074 1.148294 -13.44834 -0.271152 1.148294 -1.24362 -0.271152 1.148294 -11.98837 -0.271152 1.148294 -11.98837 -0.271152 0.984252 -1.24362 31.74985 0.984252 -1.24362 31.74985 1.148294 -11.98837 31.74985 1.148294 -11.98837 31.74985 0.984252 -5.20741 22.37431 2.132546 -5.20741 22.37431 1.968504 -8.497197 25.63967 2.132546 -8.48825 22.37431 2.132546 -5.216356 25.63967 2.132546 -8.497197 25.63967 1.968504 -5.216356 25.63967 1.968504 -8.48825 22.37431 1.968504 11.3548 31.74985 0.984252 11.3548 31.74985 1.148294 11.3548 30.3883 1.148294 11.3548 30.3883 0.984252 10.37055 30.3883 1.148294 10.37055 30.3883 0.984252 10.37055 27.43554 1.148294 10.37055 27.43554 0.984252 11.55166 27.43554 1.148294 11.55166 27.43554 0.984252 11.55166 5.12583 1.148294 11.55166 5.12583 0.984252 10.5346 5.12583 1.148294 10.5346 5.12583 0.984252 10.5346 2.173074 1.148294 10.5346 2.173074 0.984252 11.55166 2.173074 1.148294 11.55166 -0.271152 1.148294 10.09168 -0.271152 1.148294 -0.6530689 -0.271152 1.148294 10.09168 -0.271152 0.984252 -0.6530689 31.74985 1.148294 -0.6530689 31.74985 0.984252 10.09168 31.74985 1.148294 10.09168 31.74985 0.984252 3.095096 22.3634 1.804462 3.095096 22.3634 1.64042 3.079895 25.63367 1.804462 6.360735 25.63367 1.804462 6.375936 22.3634 1.804462 6.360735 25.63367 1.64042 3.079895 25.63367 1.64042 6.375936 22.3634 1.64042 12.33906 30.3883 1.148294 12.33906 31.74985 1.148294 12.33906 31.74985 0.984252 13.32331 30.3883 1.148294 13.32331 27.43554 0.984252 13.32331 27.43554 1.148294 12.14221 27.43554 1.148294 12.14221 5.12583 0.984252 12.14221 5.12583 1.148294 13.15927 5.12583 0.984252 13.15927 5.12583 1.148294 13.15927 2.173074 1.148294 12.14221 2.173074 1.148294 12.14221 -0.271152 1.148294 24.34693 -0.271152 1.148294 13.60218 -0.271152 1.148294 13.60218 -0.271152 0.984252 24.34693 31.74985 1.148294 13.60218 31.74985 1.148294 13.60218 31.74985 0.984252 20.48165 22.36906 1.476378 20.48165 22.36906 1.312336 17.19268 25.65468 1.476378 20.47352 25.65468 1.476378 20.47352 25.65468 1.312336 17.19268 25.65468 1.312336 17.20081 22.36906 1.476378 17.20081 22.36906 1.312336 38.06084 -0.271152 0.984252 38.06084 -0.271152 1.148294 38.06084 -6.767215 1.148294 38.06084 -6.767215 0.984252 24.15008 -6.767215 1.148294 24.15008 -39.41157 1.148294 24.15008 -39.41157 0.984252 -0.4562185 -39.41157 1.148294 -0.4562185 -39.41157 0.984252 -0.4562185 -36.29477 1.148294 -0.4562185 -36.29477 0.984252 8.730134 -35.80265 0.984252 8.730134 -35.80265 1.148294 8.730134 -33.91616 1.148294 8.730134 -33.91616 0.984252 16.93223 -33.91616 1.148294 16.93223 -33.91616 0.984252 16.93223 -14.72325 1.148294 16.93223 -14.72325 0.984252 -0.4562185 -6.767215 1.148294 -40.48246 -6.767215 1.148294 -40.48246 -6.767215 0.984252 -40.48246 -0.271152 1.148294 -40.48246 -0.271152 0.984252 8.073966 -35.80265 1.148294 8.073966 -14.72325 1.148294 16.27607 -14.72325 1.148294 16.27607 -9.473908 1.148294 16.93223 -9.473908 1.148294 16.27607 -9.473908 0.984252 16.27607 -14.72325 0.984252 8.073966 -14.72325 0.984252 -30.47591 -0.8617032 0.984252 -30.47591 -0.8617032 13.12336 -39.89191 -0.271152 0.984252 -39.89191 -0.271152 13.12336 -30.47591 -0.271152 13.12336 -30.47591 -0.271152 0.984252 -27.19507 -0.8617032 0.984252 -25.88273 -0.8617032 0.984252 -25.88273 -0.8617032 13.12336 -27.19507 -0.8617032 13.12336 -27.19507 -0.271152 0.984252 -27.19507 -0.271152 13.12336 -25.88273 -0.271152 13.12336 -25.88273 -0.271152 0.984252 -26.24362 -0.271152 0.984252 -22.60189 -0.8617032 0.984252 -4.885352 -0.8617032 0.984252 -4.885352 -0.8617032 13.12336 -22.60189 -0.8617032 13.12336 -22.60189 -0.271152 0.984252 -22.60189 -0.271152 13.12336 -4.885352 -0.271152 13.12336 -4.885352 -0.271152 0.984252 -13.44834 -0.271152 0.984252 -14.0389 -0.271152 0.984252 -1.604512 -0.8617032 0.984252 -0.2921765 -0.8617032 0.984252 -0.2921765 -0.8617032 13.12336 -1.604512 -0.8617032 13.12336 -1.604512 -0.271152 0.984252 -1.604512 -0.271152 13.12336 -1.24362 -0.271152 13.12336 -0.2921765 -0.271152 13.12336 -0.2921765 -0.271152 0.984252 -0.6530689 -0.271152 0.984252 -1.24362 -0.271152 0.984252 2.988663 -0.8617032 0.984252 20.7052 -0.8617032 0.984252 20.7052 -0.8617032 13.12336 2.988663 -0.8617032 13.12336 2.988663 -0.271152 0.984252 2.988663 -0.271152 13.12336 12.14221 -0.271152 13.12336 20.7052 -0.271152 13.12336 20.7052 -0.271152 0.984252 23.98604 -0.8617032 0.984252 25.29837 -0.8617032 0.984252 25.29837 -0.8617032 13.12336 23.98604 -0.8617032 13.12336 23.98604 -0.271152 0.984252 23.98604 -0.271152 13.12336 25.29837 -0.271152 13.12336 25.29837 -0.271152 0.984252 24.34693 -0.271152 0.984252 28.57921 -0.8617032 0.984252 37.92961 -0.8617032 0.984252 37.92961 -0.8617032 13.12336 28.57921 -0.8617032 13.12336 28.57921 -0.271152 0.984252 28.57921 -0.271152 13.12336 37.92961 -0.271152 13.12336</float_array>
          <technique_common>
            <accessor source="#기본_벽__W1__434114__Geometry-mesh-positions-array" count="784" stride="3">
              <param name="X" type="float"/>
              <param name="Y" type="float"/>
              <param name="Z" type="float"/>
            </accessor>
          </technique_common>
        </source>
        <source id="기본_벽__W1__434114__Geometry-mesh-normals">
          <float_array id="기본_벽__W1__434114__Geometry-mesh-normals-array" count="864">1 0 0 -1 0 0 0 0 -1 0 1 0 0 0 1 0 -1 0 0 0 1 0 0 1 1.32404e-7 0 1 2.64808e-7 0 -1 0 0 -1 1.78089e-7 0 -1 -2.11846e-6 0 1 -1.42471e-6 0 1 0 0 1 0 0 -1 0 0 -1 2.12731e-6 0 -1 0 0 -1 2.46741e-7 0 -1 -1.56039e-7 0 1 0 0 1 -4.25462e-6 0 1 0 0 -1 0 0 -1 0 0 -1 0 0 1 0 0 1 5.01036e-7 0 1 0 0 1 -2.66064e-7 0 1 -3.58942e-7 0 1 0 -1 -9.28465e-7 0 -1 7.14232e-7 0 -1 -4.70771e-5 0 -1 1.31272e-6 0 -1 -2.21094e-5 -9.33168e-7 0 -1 -2.6345e-7 0 -1 -7.09929e-7 0 -1 0 -1 -9.27028e-7 0 -1 1.07139e-6 0 -1 -4.70812e-5 0 -1 1.96916e-6 0 -1 -2.21113e-5 -1 -1.99063e-6 0 -1 -2.10014e-5 0 -1 -2.00038e-5 0 0 1 0 0 1 1.45858e-7 0 1 1.52626e-7 -9.33167e-7 0 -1 -2.63451e-7 0 -1 -7.0993e-7 0 -1 0 1 0 0 1 0 0 1 0 0 -1 -3.0254e-7 0 -1 2.15728e-7 0 -1 -2.83576e-7 0 -1 2.29955e-7 -1 -1.24002e-6 0 -1 -1.84072e-7 0 -1 -7.36321e-7 0 0 1 0 0 1 1.82323e-7 0 1 1.90783e-7 0 0 1 2.54598e-6 0 1 3.76117e-6 0 1 4.15452e-7 0 -1 0 0 -1 2.66662e-7 0 -1 -4.72457e-7 0 1 -5.50473e-6 0 1 -3.53327e-6 0 1 5.54753e-7 0 1 0 0 1 0 0 1 -2.16825e-7 0 1 4.58402e-7 0 1 0 0 -1 -2.78095e-7 0 -1 0 0 -1 0 0 -1 0 0 -1 -2.29201e-7 0 -1 0.3907635 0 0.9204912 0.3895229 6.02675e-4 0.9210167 0.3897526 4.9113e-4 0.9209195 -0.3897528 -4.90989e-4 -0.9209194 -0.3895633 -5.83121e-4 -0.9209995 -0.3907635 0 -0.9204912 -0.4158964 -5.63133e-4 0.9094119 -0.4158207 -5.28163e-4 0.9094465 -0.4162908 -7.4618e-4 0.9092313 0.4162909 7.46181e-4 -0.9092313 0.4158611 5.46796e-4 -0.909428 0.4159367 5.81733e-4 -0.9093934 0 0.2596126 0.9657129 0 0.2596126 0.9657129 0.3893272 6.97849e-4 0.9210994 0 -0.2596126 -0.9657129 0 -0.2596126 -0.9657129 -0.3893271 -6.97849e-4 -0.9210993 -0.4146811 0 0.9099668 0.414681 0 -0.9099668 0 -0.07227796 0.9973846 0 -0.07227796 0.9973846 0 -0.0722779 0.9973846 0 -0.0722779 0.9973846 0 0.0722779 -0.9973846 0 0.07227796 -0.9973846 0 0.07227796 -0.9973846 0 0.0722779 -0.9973846 0 0 1 0 0 1 0 0 1 0 0 1 0 0 1 0 0 -1 0 0 -1 0 0 -1 0 0 -1 0 0 -1 -0.3372262 -5.44656e-4 0.9414235 -0.3359939 0 0.9418643 -0.3371604 -5.15565e-4 0.9414471 0.3372024 5.34122e-4 -0.9414321 0.3359939 0 -0.9418643 0.3372264 5.4474e-4 -0.9414235 -2.29201e-7 0 1 0 0 1 2.23161e-7 0 1 -5.54751e-7 0 1 0 0 1 2.29201e-7 0 -1 0 0 -1 0 0 -1 2.77375e-7 0 -1 0 0 -1 0 0.2101731 0.9776642 0 0.2101732 0.9776642 0 0.2101732 0.9776642 0 0.2101735 0.9776642 -0.3375684 -6.96267e-4 0.9413008 0 -0.2101732 -0.9776642 0 -0.2101732 -0.9776642 0 -0.2101731 -0.9776642 0 -0.2101735 -0.9776642 0.3375687 6.96267e-4 -0.9413007 0.3263711 5.44606e-4 0.9452416 0.3260884 6.72589e-4 0.945339 0.3265404 4.68315e-4 0.9451832 -0.3265405 -4.68151e-4 -0.9451831 -0.3260884 -6.72588e-4 -0.9453392 -0.3263713 -5.44631e-4 -0.9452415 0.3275771 0 0.9448245 0 -0.0578795 0.9983237 0 -0.0578795 0.9983237 0 -0.0578795 0.9983237 -0.3275771 0 -0.9448245 0 0.0578795 -0.9983237 0 0.0578795 -0.9983237 0 0.0578795 -0.9983237 -1.59451e-7 0 1 0 0 1 4.85569e-7 0 1 0 0 1 0 0 -1 -2.78029e-7 0 -1 0 0 -1 0 0 -1 0.2409924 0 0.970527 0.2397372 5.63138e-4 0.9708377 0.2399352 4.74469e-4 0.9707888 -0.2398501 -5.12641e-4 -0.9708098 -0.2397801 -5.43938e-4 -0.9708272 -0.2409923 0 -0.970527 -0.2723973 -6.81551e-4 0.9621847 -0.2720523 -5.42593e-4 0.9622823 -0.2725583 -7.46813e-4 0.9621391 0.2725583 7.46813e-4 -0.962139 0.2720527 5.42729e-4 -0.9622823 0.2723975 6.81567e-4 -0.9621847 0 0.159034 0.9872732 0 0.159034 0.9872731 0 0.159034 0.9872732 0 0.159034 0.9872732 0.23953 6.56244e-4 0.9708888 0 -0.159034 -0.9872732 0 -0.159034 -0.9872732 0 -0.159034 -0.9872732 -0.23953 -6.56244e-4 -0.9708888 -0.2707056 0 0.9626622 0.2707056 0 -0.9626622 0 -0.04342252 0.9990568 0 -0.04342252 0.9990568 0 -0.04342252 0.9990569 0 0.04342252 -0.9990568 0 0.04342252 -0.9990568 0 0.04342252 -0.9990569 -0.1741811 -7.16097e-4 0.9847134 -0.1724414 0 0.9850199 -0.1739623 -6.26129e-4 0.9847522 0.173919 6.08215e-4 -0.9847598 0.1724413 0 -0.9850199 0.1740937 6.80208e-4 -0.9847289 -2.292e-7 0 1 0 0 1 2.2316e-7 0 1 -5.54749e-7 0 1 0 0 1 2.292e-7 0 -1 0 0 -1 0 0 -1 2.77374e-7 0 -1 0 0 -1 0 0.1066719 0.9942944 0 0.1066719 0.9942943 0 0.1066719 0.9942943 0 0.1066719 0.9942943 -0.1744109 -8.10662e-4 0.9846727 0 -0.1066719 -0.9942943 0 -0.1066719 -0.9942943 0 -0.1066719 -0.9942944 0 -0.1066719 -0.9942943 0.1744109 8.10662e-4 -0.9846727 0.1723282 6.41735e-4 0.9850394 0.1719423 7.9916e-4 0.9851067 0.1724196 6.04373e-4 0.9850234 -0.1724638 -5.86385e-4 -0.9850157 -0.1719425 -7.9916e-4 -0.9851067 -0.1721969 -6.95195e-4 -0.9850624 0 -0.02897745 0.9995802 0 -0.02897745 0.9995802 0 -0.02897745 0.9995801 0 -0.02897745 0.9995801 0 0.02897745 -0.9995801 0 0.02897745 -0.9995801 0 0.02897745 -0.9995802 0 0.02897745 -0.9995801 0.1739006 0 0.9847632 -0.1739005 0 -0.9847633 0.08457559 0 0.9964172 0.0844205 6.43772e-5 0.9964303 0.08420008 1.55818e-4 0.9964489 -0.08450907 -2.76087e-5 -0.9964227 -0.0844205 -6.43772e-5 -0.9964303 -0.08457559 0 -0.9964172 0 0.05374902 0.9985545 0 0.05374902 0.9985545 0 0.05374902 0.9985545 0 -0.05374902 -0.9985545 0 -0.05374902 -0.9985545 0 -0.05374902 -0.9985545 0 -0.05374902 -0.9985545 -0.09097486 -7.047e-5 0.9958532 -0.0908643 -2.77044e-5 0.9958634 -0.09137737 -2.26115e-4 0.9958164 0.09137725 2.26115e-4 -0.9958164 0.0908643 2.77044e-5 -0.9958634 0.09097486 7.047e-5 -0.9958532 0.08407419 2.08118e-4 0.9964595 -0.08407413 -2.08118e-4 -0.9964596 -0.09079265 0 0.9958698 0.09079265 0 -0.9958698 0 -0.01448965 0.999895 0 -0.01448965 0.999895 0 -0.01448965 0.999895 0 -0.01448965 0.999895 0 0.01448965 -0.999895 0 0.01448965 -0.999895 0 0.01448965 -0.999895 0 0.01448965 -0.999895 0 0 1 0 0 1 0 0 1 0 0 1 0 0 1 0 0 -1 0 0 -1 0 0 -1 0 0 -1 0 0 -1 0 0 -1 0 0 -1 0 0 -1</float_array>
          <technique_common>
            <accessor source="#기본_벽__W1__434114__Geometry-mesh-normals-array" count="288" stride="3">
              <param name="X" type="float"/>
              <param name="Y" type="float"/>
              <param name="Z" type="float"/>
            </accessor>
          </technique_common>
        </source>
        <source id="기본_벽__W1__434114__Geometry-mesh-map-0">
          <float_array id="기본_벽__W1__434114__Geometry-mesh-map-0-array" count="10800">0 14.27165 0 0 6.233596 0 6.233596 0 6.233596 14.27165 0 14.27165 -6.233596 14.27165 -6.233596 0 0 14.27165 0 0 0 14.27165 -6.233596 0 6.233596 0.328084 0 0.328084 0 -0.328084 0 -0.328084 6.233596 -0.328084 6.233596 0.328084 -0.328084 14.27165 -0.328084 0 0.328084 0 0.328084 0 0.328084 14.27165 -0.328084 14.27165 0 -0.328084 6.233596 -0.328084 0 0.328084 6.233596 0.328084 0 0.328084 6.233596 -0.328084 0.328084 3.67953e-7 0.328084 14.27165 -0.328084 14.27165 -0.328084 14.27165 -0.328084 3.67953e-7 0.328084 3.67953e-7 0 14.27165 0 0 33.03805 0 0 14.27165 33.03805 0 33.03805 14.27165 33.03805 14.27165 33.69422 0 33.69422 14.27165 33.69422 0 33.03805 14.27165 33.03805 0 -33.69422 14.27165 -33.69422 0 0 14.27165 0 0 0 14.27165 -33.69422 0 33.03806 0.328084 0 -0.328084 33.69422 -0.328084 0 -0.328084 33.03806 0.328084 0 0.328084 33.03806 0.328084 33.69422 -0.328084 33.69422 0.328084 33.03806 -0.328084 33.69422 0.328084 -5.40679e-7 0.328084 33.69422 0.328084 33.03806 -0.328084 33.69422 -0.328084 33.03806 -0.328084 -5.40679e-7 0.328084 -5.40679e-7 -0.328084 0.328084 3.67953e-7 0.328084 14.27165 -0.328084 14.27165 -0.328084 14.27165 -0.328084 3.67953e-7 0.328084 3.67953e-7 -0.3280839 14.27165 -0.3280839 0 0.328084 0 0.328084 0 0.328084 14.27165 -0.3280839 14.27165 0.3280839 14.27165 0.3280839 0 32.97244 0 32.97244 0 32.97244 14.27165 0.3280839 14.27165 -32.97244 3.28084 -32.97244 0 -32.31627 0 -32.97244 14.27165 -32.97244 8.2021 -32.31627 14.27165 -32.97244 3.28084 -0.3280839 0 -32.97244 8.2021 -0.3280839 0 -0.3280839 14.27165 -32.97244 8.2021 -32.31627 14.27165 -32.97244 8.2021 -0.3280839 14.27165 -32.97244 3.28084 -32.31627 0 -0.3280839 0 32.97244 0.328084 0.328084 0.328084 32.31627 -0.328084 0.328084 -0.328084 32.31627 -0.328084 0.328084 0.328084 32.31627 -0.328084 32.97244 -0.328084 32.97244 0.328084 0.3280842 -0.328084 32.97244 -0.328084 32.31627 0.328084 32.97244 0.328084 32.31627 0.328084 32.97244 -0.328084 32.31627 0.328084 0.3280842 0.328084 0.3280842 -0.328084 -0.328084 14.27165 -0.328084 0 0.3280839 8.2021 0.3280839 8.2021 -0.328084 0 0.3280839 3.28084 -0.328084 14.27165 0.3280839 8.2021 0.3280839 14.27165 0.3280839 0 0.3280839 3.28084 -0.328084 0 0.3280839 14.27165 0.3280839 0 25.59055 0 25.59055 0 25.59055 14.27165 0.3280839 14.27165 -25.59055 14.27165 -25.59055 0 -24.93438 14.27165 -24.93438 14.27165 -25.59055 0 -24.93438 0 -24.93438 0 -0.3280839 0 -0.3280839 14.27165 -24.93438 0 -0.3280839 14.27165 -24.93438 14.27165 25.59055 0.328084 0.328084 0.328084 24.93438 -0.328084 0.328084 -0.328084 24.93438 -0.328084 0.328084 0.328084 24.93438 -0.328084 25.59055 -0.328084 25.59055 0.328084 0.3280838 -0.328084 25.59055 -0.328084 24.93438 0.328084 25.59055 0.328084 24.93438 0.328084 25.59055 -0.328084 24.93438 0.328084 0.3280838 0.328084 0.3280838 -0.328084 -0.3280838 0 0.3280842 0 0.3280842 14.27165 0.3280842 14.27165 -0.3280838 14.27165 -0.3280838 0 -0.3280839 14.27165 -0.3280839 0 0.328084 0 0.328084 0 0.328084 14.27165 -0.3280839 14.27165 0.328084 14.27165 0.328084 0 32.31627 0 0.328084 14.27165 32.31627 0 32.31627 14.27165 32.31627 14.27165 32.97244 0 32.97244 14.27165 32.97244 0 32.31627 14.27165 32.31627 0 -32.97244 14.27165 -32.97244 0 -0.328084 0 -0.328084 0 -0.328084 14.27165 -32.97244 14.27165 32.31627 0.328084 0.328084 -0.328084 32.97244 -0.328084 0.328084 -0.328084 32.31627 0.328084 0.328084 0.328084 32.31627 0.328084 32.97244 -0.328084 32.97244 0.328084 32.31627 -0.328084 32.97244 0.328084 0.3280842 0.328084 32.97244 0.328084 32.31627 -0.328084 32.97244 -0.328084 32.31627 -0.328084 0.3280842 0.328084 0.3280842 -0.328084 -0.3280857 0 0.3280842 0 0.3280842 14.27165 0.3280842 14.27165 -0.3280857 14.27165 -0.3280857 0 -0.3280839 14.27165 -0.3280839 0 0.3280841 0 0.3280841 0 0.3280841 14.27165 -0.3280839 14.27165 0.3280839 14.27165 0.3280839 0 13.53346 14.27165 13.53346 0 13.53346 14.27165 0.3280839 0 -13.53346 14.27165 -13.53346 0 -0.3280839 14.27165 -0.3280839 0 -0.3280839 14.27165 -13.53346 0 13.53346 0.328084 0.328084 0.328084 13.53346 -0.328084 0.328084 -0.328084 13.53346 -0.328084 0.328084 0.328084 0.3280841 -0.328084 13.53346 -0.328084 13.53346 0.328084 13.53346 0.328084 0.3280841 0.328084 0.3280841 -0.328084 -0.3280839 0 0.328084 0 0.328084 14.27165 0.328084 14.27165 -0.3280839 14.27165 -0.3280839 0 -3.90366e-7 14.27165 -3.90366e-7 0 3.362861 0 3.362861 0 3.362861 14.27165 -3.90366e-7 14.27165 -3.362861 14.27165 -3.362861 0 3.90366e-7 0 3.90366e-7 0 3.90366e-7 14.27165 -3.362861 14.27165 3.362861 0.328084 0 0.328084 0 -0.328084 0 -0.328084 3.362861 -0.328084 3.362861 0.328084 -0.328084 14.27165 -0.328084 0 0.328084 0 0.328084 0 0.328084 14.27165 -0.328084 14.27165 0 -0.328084 3.362861 -0.328084 3.362861 0.328084 3.362861 0.328084 0 0.328084 0 -0.328084 0.328084 3.67953e-7 0.328084 14.27165 -0.328084 14.27165 -0.328084 14.27165 -0.328084 3.67953e-7 0.328084 3.67953e-7 0 14.27165 0 0 3.772966 14.27165 3.772966 0 3.772966 14.27165 0 0 -3.772966 14.27165 -3.772966 0 0 0 0 0 0 14.27165 -3.772966 14.27165 3.772966 0.328084 0 0.328084 0 -0.328084 0 -0.328084 3.772966 -0.328084 3.772966 0.328084 -0.328084 14.27165 -0.328084 0 0.328084 0 0.328084 0 0.328084 14.27165 -0.328084 14.27165 0 -0.328084 3.772966 -0.328084 0 0.328084 3.772966 0.328084 0 0.328084 3.772966 -0.328084 0.328084 3.67953e-7 0.328084 14.27165 -0.328084 14.27165 -0.328084 14.27165 -0.328084 3.67953e-7 0.328084 3.67953e-7 0.3280841 14.27165 0.3280841 0 7.874016 14.27165 7.874016 0 7.874016 14.27165 0.3280841 0 -7.874016 14.27165 -7.874016 0 -0.3280841 0 -0.3280841 0 -0.3280841 14.27165 -7.874016 14.27165 7.874016 0.328084 0.328084 0.328084 0.328084 -0.328084 0.328084 -0.328084 7.874016 -0.328084 7.874016 0.328084 0.3280839 -0.328084 7.874016 -0.328084 7.874016 0.328084 7.874016 0.328084 0.3280839 0.328084 0.3280839 -0.328084 -0.328084 0 0.3280839 0 0.3280839 14.27165 0.3280839 14.27165 -0.328084 14.27165 -0.328084 0 -0.328084 0 0.328084 0 0.328084 14.27165 0.328084 14.27165 -0.328084 14.27165 -0.328084 0 0 0 5.249344 0 5.249344 14.27165 0 0 5.249344 14.27165 0 14.27165 5.249344 14.27165 5.249344 0 5.905512 14.27165 5.249344 0 5.905512 0 5.905512 14.27165 23.78609 0 24.44226 0 23.78609 14.27165 23.78609 0 23.78609 14.27165 5.905512 0 23.78609 14.27165 24.44226 0 24.44226 14.27165 5.905512 0 23.78609 14.27165 5.905512 14.27165 -24.44226 14.27165 -24.44226 0 0 14.27165 0 0 0 14.27165 -24.44226 0 24.44226 0.328084 23.78609 0.328084 24.44226 -0.328084 5.249344 0.328084 0 -0.328084 5.905512 0.328084 0 -0.328084 5.249344 0.328084 0 0.328084 5.905512 0.328084 24.44226 -0.328084 23.78609 0.328084 24.44226 -0.328084 5.905512 0.328084 0 -0.328084 23.78609 -0.328084 24.44226 -0.328084 24.44226 0.328084 5.905511 -0.328084 24.44226 0.328084 -6.60813e-7 0.328084 24.44226 0.328084 5.905511 -0.328084 23.78609 -0.328084 5.249343 -0.328084 -6.60813e-7 0.328084 -6.60813e-7 -0.328084 -6.60813e-7 0.328084 5.249343 -0.328084 5.905511 -0.328084 0.328084 3.67953e-7 0.328084 14.27165 -0.328084 14.27165 -0.328084 14.27165 -0.328084 3.67953e-7 0.328084 3.67953e-7 -0.328084 14.27165 -0.328084 0 0.328084 0 0.328084 0 0.328084 14.27165 -0.328084 14.27165 0.328084 14.27165 0.328084 0 7.874016 0 7.874016 0 7.874016 14.27165 0.328084 14.27165 -7.874016 14.27165 -7.874016 0 -0.328084 14.27165 -0.328084 0 -0.328084 14.27165 -7.874016 0 7.874016 0.328084 0.328084 0.328084 7.874016 -0.328084 0.328084 -0.328084 7.874016 -0.328084 0.328084 0.328084 0.3280839 -0.328084 7.874016 -0.328084 7.874016 0.328084 7.874016 0.328084 0.3280839 0.328084 0.3280839 -0.328084 -0.3280833 0 0.3280846 0 0.3280846 14.27165 0.3280846 14.27165 -0.3280833 14.27165 -0.3280833 0 -0.328084 14.27165 -0.328084 0 20.75131 0 20.75131 0 20.75131 14.27165 -0.328084 14.27165 -20.75131 0 -18.86483 0 -18.86483 14.27165 -20.75131 0 -18.86483 14.27165 -20.75131 14.27165 -18.86483 14.27165 -18.86483 0 -18.20866 14.27165 -18.86483 0 -18.20866 0 -18.20866 14.27165 -0.328084 0 -0.328084 14.27165 -18.20866 0 -18.20866 0 -0.328084 14.27165 -18.20866 14.27165 20.75131 0.328084 -0.328084 0.328084 18.20866 -0.328084 18.20866 -0.328084 -0.328084 0.328084 0.328084 -0.328084 20.75131 0.328084 18.20866 -0.328084 18.86483 -0.328084 -0.328084 -0.328084 0.328084 -0.328084 -0.328084 0.328084 18.86483 -0.328084 20.75131 -0.328084 20.75131 0.328084 -0.328084 14.27165 -0.328084 0 0.328084 0 0.328084 0 0.328084 14.27165 -0.328084 14.27165 -0.3280848 -0.328084 20.75131 -0.328084 18.20866 0.328084 18.20866 0.328084 20.75131 -0.328084 18.86483 0.328084 -0.3280848 -0.328084 18.20866 0.328084 0.3280831 0.328084 20.75131 0.328084 18.86483 0.328084 20.75131 -0.328084 0.3280831 0.328084 -0.3280848 0.328084 -0.3280848 -0.328084 -0.3280841 14.27165 -0.3280841 0 0.3280839 0 0.3280839 0 0.3280839 14.27165 -0.3280841 14.27165 0 12.13911 0 0 32.02099 0 32.02099 0 32.02099 12.13911 0 12.13911 -32.02099 12.13911 -32.02099 0 0 12.13911 0 0 0 12.13911 -32.02099 0 0 32.02099 0 0 0.5905512 0 0.5905512 0 0.5905512 32.02099 0 32.02099 0 32.31627 0 0.2952756 0.5905512 0.2952756 0.5905512 0.2952756 0.5905512 32.31627 0 32.31627 0 12.13911 0 0 0.5905512 12.13911 0.5905512 0 0.5905512 12.13911 0 0 -0.6069554 12.13911 -1.197507 0 -1.197507 12.13911 -1.197507 0 -0.6069554 12.13911 -0.6069554 0 0 12.13911 0 0 32.02099 12.13911 32.02099 0 32.02099 12.13911 0 0 -32.02099 12.13911 -32.02099 0 0 12.13911 0 0 0 12.13911 -32.02099 0 0 32.02099 0 0 0.5905512 0 0.5905512 0 0.5905512 32.02099 0 32.02099 0 32.31627 0 0.2952756 0.5905512 0.2952756 0.5905512 0.2952756 0.5905512 32.31627 0 32.31627 0 12.13911 0 0 0.5905512 0 0.5905512 0 0.5905512 12.13911 0 12.13911 -0.3608924 0 -0.9514436 0 -0.9514436 12.13911 -0.9514436 12.13911 -0.3608924 12.13911 -0.3608924 0 0.04921257 12.13911 0.04921257 0 32.07021 12.13911 32.07021 0 32.07021 12.13911 0.04921257 0 -32.07021 12.13911 -32.07021 0 -0.04921257 0 -0.04921257 0 -0.04921257 12.13911 -32.07021 12.13911 0 32.07021 0 0.04921257 0.5905512 0.04921257 0.5905512 0.04921257 0.5905512 32.07021 0 32.07021 0 32.31627 0 0.2952756 0.5905512 0.2952756 0.5905512 0.2952756 0.5905512 32.31627 0 32.31627 -0.1476378 12.13911 -0.738189 0 -0.738189 12.13911 -0.738189 0 -0.1476378 12.13911 -0.1476378 0 -0.3608924 12.13911 -0.9514436 0 -0.9514436 12.13911 -0.9514436 0 -0.3608924 12.13911 -0.3608924 0 0.04921257 12.13911 0.04921257 0 3.083989 0 3.083989 0 3.083989 12.13911 0.04921257 12.13911 -2.493438 12.13911 -3.083989 12.13911 -2.493438 0 -2.493438 0 -3.083989 12.13911 -3.083989 0 -2.493438 0 -0.04921257 0 -0.04921257 12.13911 -2.493438 0 -0.04921257 12.13911 -2.493438 12.13911 0 3.08399 0 0.04921257 0.5905512 2.493438 0.5905512 0.04921257 0.5905512 2.493438 0 0.04921257 0.5905512 2.493438 0.5905512 3.08399 0 3.08399 0 2.739501 0 -0.2952756 0.5905512 0.2952756 0.5905512 -0.2952756 0.5905512 0.2952756 0 -0.2952756 0.5905512 0.2952756 0.5905512 2.739501 0 2.739501 -1.820866 12.13911 -2.411417 0 -2.411417 12.13911 -2.411417 0 -1.820866 12.13911 -1.820866 0 -0.2952756 12.13911 -0.2952756 0 0.2952756 12.13911 0.2952756 0 0.2952756 12.13911 -0.2952756 0 0 12.13911 0 0 22.30971 0 22.30971 0 22.30971 12.13911 0 12.13911 -22.30971 12.13911 -22.30971 0 0 0 0 0 0 12.13911 -22.30971 12.13911 0 22.30971 0 0 0.5905512 0 0.5905512 0 0.5905512 22.30971 0 22.30971 0 12.13911 0 0 0.5905512 12.13911 0.5905512 0 0.5905512 12.13911 0 0 0 22.30971 0 0 0.5905512 0 0.5905512 0 0.5905512 22.30971 0 22.30971 0 12.13911 0 0 0.5905512 12.13911 0.5905512 0 0.5905512 12.13911 0 0 0 12.13911 0 0 2.444226 0 2.444226 0 2.444226 12.13911 0 12.13911 -2.444226 12.13911 -2.444226 0 0 0 0 0 0 12.13911 -2.444226 12.13911 0 2.444226 0 0 0.5905512 0 0.5905512 0 0.5905512 2.444226 0 2.444226 0 2.739501 0 0.2952756 0.5905512 2.739501 0.5905512 0.2952756 0.5905512 2.739501 0 0.2952756 0 12.13911 0 0 0.5905512 12.13911 0.5905512 0 0.5905512 12.13911 0 0 -8.562993 12.13911 -9.153544 0 -9.153544 12.13911 -9.153544 0 -8.562993 12.13911 -8.562993 0 0 12.13911 0 0 22.30971 0 22.30971 0 22.30971 12.13911 0 12.13911 -22.30971 12.13911 -22.30971 0 0 0 0 0 0 12.13911 -22.30971 12.13911 0 22.30971 0 0 0.5905512 0 0.5905512 0 0.5905512 22.30971 0 22.30971 0 12.13911 0 0 0.5905512 12.13911 0.5905512 0 0.5905512 12.13911 0 0 0 22.30971 0 0 0.5905512 0 0.5905512 0 0.5905512 22.30971 0 22.30971 0 12.13911 0 0 0.5905512 12.13911 0.5905512 0 0.5905512 12.13911 0 0 0 12.13911 0 0 2.444226 12.13911 2.444226 0 2.444226 12.13911 0 0 -2.444226 12.13911 -2.444226 0 0 0 0 0 0 12.13911 -2.444226 12.13911 0 2.444226 0 0 0.5905512 0 0.5905512 0 0.5905512 2.444226 0 2.444226 0 2.739501 0 0.2952756 0.5905512 2.739501 0.5905512 0.2952756 0.5905512 2.739501 0 0.2952756 0 12.13911 0 0 0.5905512 12.13911 0.5905512 0 0.5905512 12.13911 0 0 -8.562993 12.13911 -9.153544 0 -9.153544 12.13911 -9.153544 0 -8.562993 12.13911 -8.562993 0 0 12.13911 0 0 3.444882 0 3.444882 0 3.444882 12.13911 0 12.13911 -3.444882 12.13911 -3.444882 0 0 0 0 0 0 12.13911 -3.444882 12.13911 0 3.444882 0 0 0.5905512 0 0.5905512 0 0.5905512 3.444882 0 3.444882 0 12.13911 0 0 0.5905512 12.13911 0.5905512 0 0.5905512 12.13911 0 0 0 3.444882 0 0 0.5905512 0 0.5905512 0 0.5905512 3.444882 0 3.444882 0 12.13911 0 0 0.5905512 12.13911 0.5905512 0 0.5905512 12.13911 0 0 -0.04921257 0 0.04921257 0 -0.04921257 14.10761 0.04921257 14.10761 -0.04921257 14.10761 0.04921257 0 0.04921257 0 1.846092 0 0.04921257 14.10761 1.846092 0 1.944518 0 1.944518 14.10761 1.944518 14.10761 1.846092 14.10761 1.846092 0 1.846092 0 1.846092 14.10761 0.04921257 14.10761 -1.944518 14.10761 -1.944518 0 0.04921257 0 0.04921257 0 0.04921257 14.10761 -1.944518 14.10761 1.944518 0.04921257 1.846092 0.04921257 1.944518 -0.04921257 0.04921257 0.04921257 -0.04921257 -0.04921257 1.944518 -0.04921257 -0.04921257 -0.04921257 0.04921257 0.04921257 -0.04921257 0.04921257 0.04921257 0.04921257 1.944518 -0.04921257 1.846092 0.04921257 -0.04921263 -0.04921257 0.04921257 -0.04921257 -0.04921263 0.04921257 1.846092 -0.04921257 1.944518 0.04921257 -0.04921263 0.04921257 1.944518 0.04921257 1.846092 -0.04921257 1.944518 -0.04921257 1.846092 -0.04921257 -0.04921263 0.04921257 0.04921257 -0.04921257 -0.04921257 14.10761 -0.04921257 0 0.04921257 0 0.04921257 0 0.04921257 14.10761 -0.04921257 14.10761 -4.790026 14.10761 -4.790026 0 -4.691601 0 -4.691601 0 -4.691601 14.10761 -4.790026 14.10761 0.04921257 14.10761 0.04921257 0 1.935696 14.10761 1.935696 0 1.935696 14.10761 0.04921257 0 -1.935696 14.10761 -1.935696 0 -1.83727 0 -1.83727 0 -0.04921257 0 -0.04921257 14.10761 -1.83727 0 -0.04921257 14.10761 -1.935696 14.10761 1.935696 0.04921257 0.04921257 0.04921257 1.83727 -0.04921257 0.04921257 -0.04921257 1.83727 -0.04921257 0.04921257 0.04921257 1.83727 -0.04921257 1.935696 -0.04921257 1.935696 0.04921257 0.04921251 -0.04921257 1.935696 -0.04921257 1.935696 0.04921257 1.935696 0.04921257 0.04921251 0.04921257 0.04921251 -0.04921257 -0.04921263 0 0.04921257 0 0.04921257 14.10761 0.04921257 14.10761 -0.04921263 14.10761 -0.04921263 0 -0.04921257 14.10761 -0.04921257 0 0.04921257 0 0.04921257 0 0.04921257 14.10761 -0.04921257 14.10761 0.04921257 14.10761 0.04921257 0 0.9350394 0 0.04921257 14.76378 0.04921257 14.10761 0.9350394 14.76378 1.033465 0 1.033465 14.76378 0.04921257 14.10761 0.9350394 14.76378 0.04921257 14.10761 1.033465 14.76378 0.04921257 14.10761 0.9350394 0 1.033465 0 -1.033465 14.76378 -1.033465 0 -0.04921257 0 -0.04921257 0 -0.04921257 14.76378 -1.033465 14.76378 0.9350394 0.04921257 0.04921257 -0.04921257 1.033465 -0.04921257 0.04921257 -0.04921257 0.9350394 0.04921257 0.04921257 0.04921257 0.9350394 0.04921257 1.033465 -0.04921257 1.033465 0.04921257 0.9350394 -0.04921257 1.033465 0.04921257 0.04921257 0.04921257 1.033465 0.04921257 0.9350394 -0.04921257 1.033465 -0.04921257 0.9350394 -0.04921257 0.04921257 0.04921257 0.04921257 -0.04921257 -0.04921251 14.76378 -0.04921251 0 0.04921257 14.10761 0.04921257 14.76378 -0.04921251 14.76378 0.04921257 14.10761 -0.04921257 14.76378 -0.04921257 0 0.04921257 0 0.04921257 0 0.04921257 14.76378 -0.04921257 14.76378 2.903543 14.10761 0.04921257 14.76378 0.04921257 0 2.903543 14.10761 0.04921257 0 2.805118 0 2.903543 0 2.903543 14.10761 2.805118 0 2.903543 14.10761 2.903543 14.76378 0.04921257 14.76378 -2.903543 14.76378 -2.903543 0 -0.04921257 0 -0.04921257 0 -0.04921257 14.76378 -2.903543 14.76378 2.805118 0.04921257 0.04921257 -0.04921257 2.903543 -0.04921257 0.04921257 -0.04921257 2.805118 0.04921257 0.04921257 0.04921257 2.805118 0.04921257 2.903543 -0.04921257 2.903543 0.04921257 0.04921257 -0.04921257 2.903543 -0.04921257 2.903543 0.04921257 2.903543 0.04921257 0.04921257 0.04921257 0.04921257 -0.04921257 -0.04921257 0 0.04921257 0 0.04921257 14.76378 0.04921257 14.76378 -0.04921257 14.76378 -0.04921257 0 -0.04921257 14.10761 0.04921257 0 0.04921257 14.76378 0.04921257 0 -0.04921257 14.10761 -0.04921257 0 -0.04921257 14.10761 0.04921257 14.76378 -0.04921257 14.76378 0.04921257 14.10761 0.04921257 0 2.830344 0 0.04921257 14.10761 2.830344 0 2.830344 14.10761 2.830344 0 2.92877 14.10761 2.830344 14.10761 2.92877 14.10761 2.830344 0 2.92877 0 -2.92877 14.10761 -2.92877 0 -0.04921257 0 -0.04921257 0 -0.04921257 14.10761 -2.92877 14.10761 2.830344 0.04921257 0.04921257 -0.04921257 2.92877 -0.04921257 0.04921257 -0.04921257 2.830344 0.04921257 0.04921257 0.04921257 2.830344 0.04921257 2.92877 -0.04921257 2.92877 0.04921257 2.830344 -0.04921257 2.92877 0.04921257 0.04921245 0.04921257 2.92877 0.04921257 2.830344 -0.04921257 2.92877 -0.04921257 2.830344 -0.04921257 0.04921245 0.04921257 0.04921245 -0.04921257 -0.04921251 0 0.04921257 0 0.04921257 14.10761 0.04921257 14.10761 -0.04921251 14.10761 -0.04921251 0 -0.04921257 14.10761 -0.04921257 0 0.04921257 0 0.04921257 0 0.04921257 14.10761 -0.04921257 14.10761 0.04921257 14.10761 0.04921257 0 4.691601 0 4.691601 0 4.691601 14.10761 0.04921257 14.10761 -4.691601 14.10761 -4.691601 0 -0.04921257 0 -0.04921257 0 -0.04921257 14.10761 -4.691601 14.10761 4.691601 0.04921257 0.04921257 0.04921257 0.04921257 -0.04921257 0.04921257 -0.04921257 4.691601 -0.04921257 4.691601 0.04921257 0.04921233 -0.04921257 4.691601 -0.04921257 4.691601 0.04921257 4.691601 0.04921257 0.04921233 0.04921257 0.04921233 -0.04921257 -0.04921263 0 0.04921245 0 0.04921245 14.10761 0.04921245 14.10761 -0.04921263 14.10761 -0.04921263 0 -0.04921257 0 0.04921257 0 -0.04921257 14.10761 0.04921257 14.10761 -0.04921257 14.10761 0.04921257 0 0.04921257 0 0.8366142 14.10761 0.04921257 14.10761 0.8366142 0 0.9350394 0 0.9350394 14.10761 0.9350394 14.10761 0.8366142 14.10761 0.8366142 0 0.8366142 0 0.8366142 14.10761 0.04921257 0 -0.9350394 14.10761 -0.9350394 0 0.04921257 0 0.04921257 0 0.04921257 14.10761 -0.9350394 14.10761 0.9350394 0.04921257 0.8366142 0.04921257 0.9350394 -0.04921257 0.04921257 0.04921257 -0.04921257 -0.04921257 0.9350394 -0.04921257 -0.04921257 -0.04921257 0.04921257 0.04921257 -0.04921257 0.04921257 0.04921257 0.04921257 0.9350394 -0.04921257 0.8366142 0.04921257 -0.04921257 -0.04921257 0.04921257 -0.04921257 -0.04921257 0.04921257 0.8366142 -0.04921257 0.9350394 0.04921257 -0.04921257 0.04921257 0.9350394 0.04921257 0.8366142 -0.04921257 0.9350394 -0.04921257 0.8366142 -0.04921257 -0.04921257 0.04921257 0.04921257 -0.04921257 -0.04921257 14.10761 -0.04921257 0 0.04921257 0 0.04921257 0 0.04921257 14.10761 -0.04921257 14.10761 -0.4757218 14.10761 -0.4757218 0 -0.3772966 0 -0.3772966 0 -0.3772966 14.10761 -0.4757218 14.10761 0.04921257 14.10761 0.04921257 0 0.3772966 0 0.04921257 14.10761 0.3772966 0 0.3772966 14.10761 0.3772966 0 0.4757218 14.10761 0.3772966 14.10761 0.4757218 14.10761 0.3772966 0 0.4757218 0 -0.4757218 14.10761 -0.4757218 0 -0.04921257 0 -0.04921257 0 -0.04921257 14.10761 -0.4757218 14.10761 0.3772966 0.04921257 0.04921257 -0.04921257 0.4757218 -0.04921257 0.04921257 -0.04921257 0.3772966 0.04921257 0.04921257 0.04921257 0.3772966 0.04921257 0.4757218 -0.04921257 0.4757218 0.04921257 0.3772966 -0.04921257 0.4757218 0.04921257 0.04921257 0.04921257 0.4757218 0.04921257 0.3772966 -0.04921257 0.4757218 -0.04921257 0.3772966 -0.04921257 0.04921257 0.04921257 0.04921257 -0.04921257 -0.04921257 0 0.04921257 0 0.04921257 14.10761 0.04921257 14.10761 -0.04921257 14.10761 -0.04921257 0 -0.04921257 14.10761 -0.04921257 0 0.04921257 0 0.04921257 0 0.04921257 14.10761 -0.04921257 14.10761 0.04921257 14.10761 0.04921257 0 0.8366142 0 0.04921257 14.10761 0.8366142 0 0.8366142 14.10761 0.8366142 0 0.9350394 14.10761 0.8366142 14.10761 0.9350394 14.10761 0.8366142 0 0.9350394 0 -0.9350394 14.10761 -0.9350394 0 -0.04921257 0 -0.04921257 0 -0.04921257 14.10761 -0.9350394 14.10761 0.8366142 0.04921257 0.04921257 -0.04921257 0.9350394 -0.04921257 0.04921257 -0.04921257 0.8366142 0.04921257 0.04921257 0.04921257 0.8366142 0.04921257 0.9350394 -0.04921257 0.9350394 0.04921257 0.8366142 -0.04921257 0.9350394 0.04921257 0.04921257 0.04921257 0.9350394 0.04921257 0.8366142 -0.04921257 0.9350394 -0.04921257 0.8366142 -0.04921257 0.04921257 0.04921257 0.04921257 -0.04921257 -0.04921257 0 0.04921257 0 0.04921257 14.10761 0.04921257 14.10761 -0.04921257 14.10761 -0.04921257 0 -0.04921257 14.10761 -0.04921257 0 0.04921257 0 0.04921257 0 0.04921257 14.10761 -0.04921257 14.10761 0.04921257 14.10761 0.04921257 0 0.3772966 0 0.3772966 0 0.3772966 14.10761 0.04921257 14.10761 -0.3772966 14.10761 -0.3772966 0 -0.04921257 0 -0.04921257 0 -0.04921257 14.10761 -0.3772966 14.10761 0.3772966 0.04921257 0.04921257 0.04921257 0.04921257 -0.04921257 0.04921257 -0.04921257 0.3772966 -0.04921257 0.3772966 0.04921257 0.04921257 -0.04921257 0.3772966 -0.04921257 0.3772966 0.04921257 0.3772966 0.04921257 0.04921257 0.04921257 0.04921257 -0.04921257 -0.04921257 0 0.04921257 0 0.04921257 14.10761 0.04921257 14.10761 -0.04921257 14.10761 -0.04921257 0 -0.04921257 0 0.04921257 0 -0.04921257 14.10761 0.04921257 14.10761 -0.04921257 14.10761 0.04921257 0 0.04921257 0 0.8366142 14.10761 0.04921257 14.10761 0.8366142 0 0.9350394 0 0.9350394 14.10761 0.9350394 14.10761 0.8366142 14.10761 0.8366142 0 0.8366142 0 0.8366142 14.10761 0.04921257 0 -0.9350394 14.10761 -0.9350394 0 0.04921257 14.10761 0.04921257 0 0.04921257 14.10761 -0.9350394 0 0.9350394 0.04921257 0.8366142 0.04921257 0.9350394 -0.04921257 0.04921257 0.04921257 -0.04921257 -0.04921257 0.9350394 -0.04921257 -0.04921257 -0.04921257 0.04921257 0.04921257 -0.04921257 0.04921257 0.04921257 0.04921257 0.9350394 -0.04921257 0.8366142 0.04921257 -0.04921257 -0.04921257 0.04921257 -0.04921257 -0.04921257 0.04921257 0.8366142 -0.04921257 0.9350394 0.04921257 -0.04921257 0.04921257 0.9350394 0.04921257 0.8366142 -0.04921257 0.9350394 -0.04921257 0.8366142 -0.04921257 -0.04921257 0.04921257 0.04921257 -0.04921257 -0.04921257 14.10761 -0.04921257 0 0.04921257 0 0.04921257 0 0.04921257 14.10761 -0.04921257 14.10761 -1.935696 14.10761 -1.935696 0 -1.83727 0 -1.83727 0 -1.83727 14.10761 -1.935696 14.10761 0.04921257 14.10761 0.04921257 0 1.935696 0 1.935696 0 1.935696 14.10761 0.04921257 14.10761 -1.935696 14.10761 -1.935696 0 -1.83727 0 -1.83727 0 -0.04921257 0 -0.04921257 14.10761 -1.83727 0 -0.04921257 14.10761 -1.935696 14.10761 1.935696 0.04921257 0.04921257 0.04921257 1.83727 -0.04921257 0.04921257 -0.04921257 1.83727 -0.04921257 0.04921257 0.04921257 1.83727 -0.04921257 1.935696 -0.04921257 1.935696 0.04921257 0.04921251 -0.04921257 1.935696 -0.04921257 1.935696 0.04921257 1.935696 0.04921257 0.04921251 0.04921257 0.04921251 -0.04921257 -0.04921257 0 0.04921257 0 0.04921257 14.10761 0.04921257 14.10761 -0.04921257 14.10761 -0.04921257 0 -0.04921257 14.10761 -0.04921257 0 0.04921257 0 0.04921257 0 0.04921257 14.10761 -0.04921257 14.10761 0.04921257 14.10761 0.04921257 0 0.9350394 0 0.04921257 14.76378 0.04921257 14.10761 0.9350394 14.76378 1.033465 0 1.033465 14.76378 0.04921257 14.10761 0.9350394 14.76378 0.04921257 14.10761 1.033465 14.76378 0.04921257 14.10761 0.9350394 0 1.033465 0 -1.033465 14.76378 -1.033465 0 -0.04921257 0 -0.04921257 0 -0.04921257 14.76378 -1.033465 14.76378 0.9350394 0.04921257 0.04921257 -0.04921257 1.033465 -0.04921257 0.04921257 -0.04921257 0.9350394 0.04921257 0.04921257 0.04921257 0.9350394 0.04921257 1.033465 -0.04921257 1.033465 0.04921257 0.9350394 -0.04921257 1.033465 0.04921257 0.04921257 0.04921257 1.033465 0.04921257 0.9350394 -0.04921257 1.033465 -0.04921257 0.9350394 -0.04921257 0.04921257 0.04921257 0.04921257 -0.04921257 -0.04921251 14.76378 -0.04921251 0 0.04921257 14.10761 0.04921257 14.76378 -0.04921251 14.76378 0.04921257 14.10761 -0.04921257 14.76378 -0.04921257 0 0.04921257 0 0.04921257 0 0.04921257 14.76378 -0.04921257 14.76378 0.04921257 14.76378 0.04921257 0 2.805118 0 0.04921257 14.76378 2.805118 0 2.805118 14.76378 2.805118 0 2.903543 14.76378 2.805118 14.76378 2.903543 14.76378 2.805118 0 2.903543 0 -2.903543 14.76378 -2.903543 0 -0.04921257 0 -0.04921257 0 -0.04921257 14.76378 -2.903543 14.76378 2.805118 0.04921257 0.04921257 -0.04921257 2.903543 -0.04921257 0.04921257 -0.04921257 2.805118 0.04921257 0.04921257 0.04921257 2.805118 0.04921257 2.903543 -0.04921257 2.903543 0.04921257 2.805118 -0.04921257 2.903543 0.04921257 0.04921257 0.04921257 2.903543 0.04921257 2.805118 -0.04921257 2.903543 -0.04921257 2.805118 -0.04921257 0.04921257 0.04921257 0.04921257 -0.04921257 -0.04921257 14.76378 0.04921257 0 0.04921257 14.76378 0.04921257 0 -0.04921257 14.76378 -0.04921257 0 -0.04921257 14.76378 -0.04921257 0 0.04921257 14.76378 0.04921257 0 0.04921257 14.76378 -0.04921257 0 0.04921257 14.76378 0.04921257 0 2.805118 0 0.04921257 14.76378 2.805118 0 2.805118 14.76378 -2.903543 14.76378 -2.903543 0 -0.04921257 0 -0.04921257 0 -0.04921257 14.76378 -2.903543 14.76378 2.805118 0.04921257 0.04921257 -0.04921257 2.903543 -0.04921257 0.04921257 -0.04921257 2.805118 0.04921257 0.04921257 0.04921257 2.805118 0.04921257 2.903543 -0.04921257 2.903543 0.04921257 2.805118 -0.04921257 2.903543 0.04921257 0.04921257 0.04921257 2.903543 0.04921257 2.805118 -0.04921257 2.903543 -0.04921257 2.805118 -0.04921257 0.04921257 0.04921257 0.04921257 -0.04921257 -0.04921251 0 0.04921257 0 0.04921257 14.76378 0.04921257 14.76378 -0.04921251 14.76378 -0.04921251 0 -0.04921257 14.76378 -0.04921257 0 0.04921257 0 0.04921257 0 0.04921257 14.76378 -0.04921257 14.76378 0.04921257 14.76378 0.04921257 0 2.805118 0 0.04921257 14.76378 2.805118 0 2.805118 14.76378 2.805118 0 2.903543 14.76378 2.805118 14.76378 2.903543 14.76378 2.805118 0 2.903543 0 -2.903543 14.76378 -2.903543 0 -0.04921257 0 -0.04921257 0 -0.04921257 14.76378 -2.903543 14.76378 2.805118 0.04921257 0.04921257 -0.04921257 2.903543 -0.04921257 0.04921257 -0.04921257 2.805118 0.04921257 0.04921257 0.04921257 2.805118 0.04921257 2.903543 -0.04921257 2.903543 0.04921257 2.805118 -0.04921257 2.903543 0.04921257 0.04921257 0.04921257 2.903543 0.04921257 2.805118 -0.04921257 2.903543 -0.04921257 2.805118 -0.04921257 0.04921257 0.04921257 0.04921257 -0.04921257 -0.04921251 14.76378 0.04921257 0 0.04921257 14.76378 0.04921257 0 -0.04921251 14.76378 -0.04921251 0 -0.04921257 14.76378 -0.04921257 0 0.04921257 14.76378 0.04921257 0 0.04921257 14.76378 -0.04921257 0 0.04921257 14.76378 0.04921257 0 1.033465 0 1.033465 0 1.033465 14.76378 0.04921257 14.76378 -1.033465 14.10761 -1.033465 0 -0.9350394 0 -1.033465 14.76378 -1.033465 14.10761 -0.04921257 14.76378 -0.04921257 0 -0.04921257 14.76378 -1.033465 14.10761 -0.04921257 0 -1.033465 14.10761 -0.9350394 0 1.033465 0.04921257 0.04921257 0.04921257 0.9350394 -0.04921257 0.04921257 -0.04921257 0.9350394 -0.04921257 0.04921257 0.04921257 0.9350394 -0.04921257 1.033465 -0.04921257 1.033465 0.04921257 0.04921257 -0.04921257 1.033465 -0.04921257 1.033465 0.04921257 1.033465 0.04921257 0.04921257 0.04921257 0.04921257 -0.04921257 -0.04921251 0 0.04921257 0 0.04921257 14.76378 0.04921257 14.76378 -0.04921251 14.76378 -0.04921251 0 -0.04921257 14.76378 -0.04921257 0 0.04921257 14.10761 0.04921257 0 0.04921257 14.10761 -0.04921257 0 0.04921257 14.10761 0.04921257 14.76378 -0.04921257 14.76378 0.04921257 14.10761 0.04921257 0 1.83727 0 1.83727 0 1.83727 14.10761 0.04921257 14.10761 -1.83727 14.10761 -1.83727 0 -0.04921257 0 -0.04921257 0 -0.04921257 14.10761 -1.83727 14.10761 1.83727 0.04921257 0.04921257 0.04921257 1.83727 -0.04921257 0.04921257 -0.04921257 1.83727 -0.04921257 0.04921257 0.04921257 0.04921251 -0.04921257 1.83727 -0.04921257 1.83727 0.04921257 1.83727 0.04921257 0.04921251 0.04921257 0.04921251 -0.04921257 0.04921257 14.10761 -0.04921257 14.10761 -0.04921257 0 -0.04921257 0 0.04921257 0 -0.04921257 14.10761 0.04921257 14.10761 -0.04921257 14.10761 0.04921257 0 0.04921257 0 0.8366142 14.10761 0.04921257 14.10761 0.8366142 0 0.9350394 0 0.9350394 14.10761 0.9350394 14.10761 0.8366142 14.10761 0.8366142 0 0.8366142 0 0.8366142 14.10761 0.04921257 0 -0.9350394 14.10761 -0.9350394 0 0.04921257 0 0.04921257 0 0.04921257 14.10761 -0.9350394 14.10761 0.9350394 0.04921257 0.8366142 0.04921257 0.9350394 -0.04921257 0.04921257 0.04921257 -0.04921257 -0.04921257 0.9350394 -0.04921257 -0.04921257 -0.04921257 0.04921257 0.04921257 -0.04921257 0.04921257 0.04921257 0.04921257 0.9350394 -0.04921257 0.8366142 0.04921257 -0.04921257 -0.04921257 0.04921257 -0.04921257 -0.04921257 0.04921257 0.8366142 -0.04921257 0.9350394 0.04921257 -0.04921257 0.04921257 0.9350394 0.04921257 0.8366142 -0.04921257 0.9350394 -0.04921257 0.8366142 -0.04921257 -0.04921257 0.04921257 0.04921257 -0.04921257 -0.04921257 14.10761 -0.04921257 0 0.04921257 0 0.04921257 0 0.04921257 14.10761 -0.04921257 14.10761 -0.4757218 14.10761 -0.4757218 0 -0.3772966 0 -0.3772966 0 -0.3772966 14.10761 -0.4757218 14.10761 0.04921257 14.10761 0.04921257 0 0.3772966 0 0.04921257 14.10761 0.3772966 0 0.3772966 14.10761 0.3772966 0 0.4757218 14.10761 0.3772966 14.10761 0.4757218 14.10761 0.3772966 0 0.4757218 0 -0.4757218 14.10761 -0.4757218 0 -0.04921257 0 -0.04921257 0 -0.04921257 14.10761 -0.4757218 14.10761 0.3772966 0.04921257 0.04921257 -0.04921257 0.4757218 -0.04921257 0.04921257 -0.04921257 0.3772966 0.04921257 0.04921257 0.04921257 0.3772966 0.04921257 0.4757218 -0.04921257 0.4757218 0.04921257 0.3772966 -0.04921257 0.4757218 0.04921257 0.04921257 0.04921257 0.4757218 0.04921257 0.3772966 -0.04921257 0.4757218 -0.04921257 0.3772966 -0.04921257 0.04921257 0.04921257 0.04921257 -0.04921257 -0.04921257 0 0.04921257 0 0.04921257 14.10761 0.04921257 14.10761 -0.04921257 14.10761 -0.04921257 0 -0.04921257 14.10761 -0.04921257 0 0.04921257 0 0.04921257 0 0.04921257 14.10761 -0.04921257 14.10761 0.04921257 14.10761 0.04921257 0 0.8366142 0 0.04921257 14.10761 0.8366142 0 0.8366142 14.10761 0.8366142 0 0.9350394 14.10761 0.8366142 14.10761 0.9350394 14.10761 0.8366142 0 0.9350394 0 -0.9350394 14.10761 -0.9350394 0 -0.04921257 0 -0.04921257 0 -0.04921257 14.10761 -0.9350394 14.10761 0.8366142 0.04921257 0.04921257 -0.04921257 0.9350394 -0.04921257 0.04921257 -0.04921257 0.8366142 0.04921257 0.04921257 0.04921257 0.8366142 0.04921257 0.9350394 -0.04921257 0.9350394 0.04921257 0.8366142 -0.04921257 0.9350394 0.04921257 0.04921257 0.04921257 0.9350394 0.04921257 0.8366142 -0.04921257 0.9350394 -0.04921257 0.8366142 -0.04921257 0.04921257 0.04921257 0.04921257 -0.04921257 -0.04921257 0 0.04921257 0 0.04921257 14.10761 0.04921257 14.10761 -0.04921257 14.10761 -0.04921257 0 -0.04921257 14.10761 -0.04921257 0 0.04921257 0 0.04921257 0 0.04921257 14.10761 -0.04921257 14.10761 0.04921257 14.10761 0.04921257 0 0.3772966 0 0.3772966 0 0.3772966 14.10761 0.04921257 14.10761 -0.3772966 14.10761 -0.3772966 0 -0.04921257 0 -0.04921257 0 -0.04921257 14.10761 -0.3772966 14.10761 0.3772966 0.04921257 0.04921257 0.04921257 0.3772966 -0.04921257 0.04921257 -0.04921257 0.3772966 -0.04921257 0.04921257 0.04921257 0.04921257 -0.04921257 0.3772966 -0.04921257 0.3772966 0.04921257 0.3772966 0.04921257 0.04921257 0.04921257 0.04921257 -0.04921257 -0.04921257 0 0.04921257 0 0.04921257 14.10761 0.04921257 14.10761 -0.04921257 14.10761 -0.04921257 0 -0.04921257 0 0.04921257 0 -0.04921257 14.10761 0.04921257 14.10761 -0.04921257 14.10761 0.04921257 0 0.04921257 0 0.8366142 14.10761 0.04921257 14.10761 0.8366142 0 0.9350394 0 0.9350394 14.10761 0.9350394 14.10761 0.8366142 14.10761 0.8366142 0 0.8366142 0 0.8366142 14.10761 0.04921257 0 -0.9350394 14.10761 -0.9350394 0 0.04921257 0 0.04921257 0 0.04921257 14.10761 -0.9350394 14.10761 0.9350394 0.04921257 0.8366142 0.04921257 0.9350394 -0.04921257 0.04921257 0.04921257 -0.04921257 -0.04921257 0.9350394 -0.04921257 -0.04921257 -0.04921257 0.04921257 0.04921257 -0.04921257 0.04921257 0.04921257 0.04921257 0.9350394 -0.04921257 0.8366142 0.04921257 -0.04921257 -0.04921257 0.04921257 -0.04921257 -0.04921257 0.04921257 0.8366142 -0.04921257 0.9350394 0.04921257 -0.04921257 0.04921257 0.9350394 0.04921257 0.8366142 -0.04921257 0.9350394 -0.04921257 0.8366142 -0.04921257 -0.04921257 0.04921257 0.04921257 -0.04921257 -0.04921257 14.10761 -0.04921257 0 0.04921257 0 0.04921257 0 0.04921257 14.10761 -0.04921257 14.10761 -1.935696 14.10761 -1.935696 0 -1.83727 0 -1.83727 0 -1.83727 14.10761 -1.935696 14.10761 0.04921257 14.10761 0.04921257 0 1.935696 0 1.935696 0 1.935696 14.10761 0.04921257 14.10761 -1.935696 14.10761 -1.935696 0 -1.83727 0 -1.83727 0 -0.04921257 0 -0.04921257 14.10761 -1.83727 0 -0.04921257 14.10761 -1.935696 14.10761 1.935696 0.04921257 0.04921257 0.04921257 1.83727 -0.04921257 0.04921257 -0.04921257 1.83727 -0.04921257 0.04921257 0.04921257 1.83727 -0.04921257 1.935696 -0.04921257 1.935696 0.04921257 0.04921251 -0.04921257 1.935696 -0.04921257 1.935696 0.04921257 1.935696 0.04921257 0.04921251 0.04921257 0.04921251 -0.04921257 -0.04921257 0 0.04921257 0 0.04921257 14.10761 0.04921257 14.10761 -0.04921257 14.10761 -0.04921257 0 -0.04921257 14.10761 -0.04921257 0 0.04921257 0 0.04921257 0 0.04921257 14.10761 -0.04921257 14.10761 0.04921257 14.10761 0.04921257 0 0.9350394 0 0.04921257 14.76378 0.04921257 14.10761 0.9350394 14.76378 1.033465 0 1.033465 14.76378 0.04921257 14.10761 0.9350394 14.76378 0.04921257 14.10761 1.033465 14.76378 0.04921257 14.10761 0.9350394 0 1.033465 0 -1.033465 14.76378 -1.033465 0 -0.04921257 0 -0.04921257 0 -0.04921257 14.76378 -1.033465 14.76378 0.9350394 0.04921257 0.04921257 -0.04921257 1.033465 -0.04921257 0.04921257 -0.04921257 0.9350394 0.04921257 0.04921257 0.04921257 0.9350394 0.04921257 1.033465 -0.04921257 1.033465 0.04921257 0.9350394 -0.04921257 1.033465 0.04921257 0.04921257 0.04921257 1.033465 0.04921257 0.9350394 -0.04921257 1.033465 -0.04921257 0.9350394 -0.04921257 0.04921257 0.04921257 0.04921257 -0.04921257 -0.04921251 14.76378 -0.04921251 0 0.04921257 14.10761 0.04921257 14.76378 -0.04921251 14.76378 0.04921257 14.10761 -0.04921257 14.76378 -0.04921257 0 0.04921257 0 0.04921257 0 0.04921257 14.76378 -0.04921257 14.76378 0.04921257 14.76378 0.04921257 0 2.805118 0 0.04921257 14.76378 2.805118 0 2.805118 14.76378 2.805118 0 2.903543 14.76378 2.805118 14.76378 2.903543 14.76378 2.805118 0 2.903543 0 -2.903543 14.76378 -2.903543 0 -0.04921257 0 -0.04921257 0 -0.04921257 14.76378 -2.903543 14.76378 2.805118 0.04921257 0.04921257 -0.04921257 2.903543 -0.04921257 0.04921257 -0.04921257 2.805118 0.04921257 0.04921257 0.04921257 2.805118 0.04921257 2.903543 -0.04921257 2.903543 0.04921257 2.805118 -0.04921257 2.903543 0.04921257 0.04921257 0.04921257 2.903543 0.04921257 2.805118 -0.04921257 2.903543 -0.04921257 2.805118 -0.04921257 0.04921257 0.04921257 0.04921257 -0.04921257 -0.04921257 14.76378 0.04921257 0 0.04921257 14.76378 0.04921257 0 -0.04921257 14.76378 -0.04921257 0 -0.04921257 14.76378 -0.04921257 0 0.04921257 14.76378 0.04921257 0 0.04921257 14.76378 -0.04921257 0 0.04921257 14.76378 0.04921257 0 2.805118 0 0.04921257 14.76378 2.805118 0 2.805118 14.76378 2.903543 14.76378 2.805118 0 2.903543 0 -2.903543 14.76378 -2.903543 0 -0.04921257 0 -0.04921257 0 -0.04921257 14.76378 -2.903543 14.76378 2.805118 0.04921257 0.04921257 -0.04921257 2.903543 -0.04921257 0.04921257 -0.04921257 2.805118 0.04921257 0.04921257 0.04921257 2.805118 0.04921257 2.903543 -0.04921257 2.903543 0.04921257 2.805118 -0.04921257 2.903543 0.04921257 0.04921257 0.04921257 2.903543 0.04921257 2.805118 -0.04921257 2.903543 -0.04921257 2.805118 -0.04921257 0.04921257 0.04921257 0.04921257 -0.04921257 -0.04921251 0 0.04921257 0 0.04921257 14.76378 0.04921257 14.76378 -0.04921251 14.76378 -0.04921251 0 -0.04921257 14.76378 -0.04921257 0 0.04921257 0 0.04921257 0 0.04921257 14.76378 -0.04921257 14.76378 0.04921257 14.76378 0.04921257 0 2.805118 0 0.04921257 14.76378 2.805118 0 2.805118 14.76378 2.805118 0 2.903543 14.76378 2.805118 14.76378 2.903543 14.76378 2.805118 0 2.903543 0 -2.903543 14.76378 -2.903543 0 -0.04921257 0 -0.04921257 0 -0.04921257 14.76378 -2.903543 14.76378 2.805118 0.04921257 0.04921257 -0.04921257 2.903543 -0.04921257 0.04921257 -0.04921257 2.805118 0.04921257 0.04921257 0.04921257 2.805118 0.04921257 2.903543 -0.04921257 2.903543 0.04921257 2.805118 -0.04921257 2.903543 0.04921257 0.04921257 0.04921257 2.903543 0.04921257 2.805118 -0.04921257 2.903543 -0.04921257 2.805118 -0.04921257 0.04921257 0.04921257 0.04921257 -0.04921257 -0.04921251 14.76378 0.04921257 0 0.04921257 14.76378 -0.04921257 14.76378 -0.04921257 0 0.04921257 14.76378 0.04921257 0 0.04921257 14.76378 -0.04921257 0 0.04921257 14.76378 0.04921257 0 1.033465 0 1.033465 0 1.033465 14.76378 0.04921257 14.76378 -1.033465 14.10761 -1.033465 0 -0.9350394 0 -1.033465 14.76378 -1.033465 14.10761 -0.04921257 14.76378 -0.04921257 0 -0.04921257 14.76378 -1.033465 14.10761 -0.04921257 0 -1.033465 14.10761 -0.9350394 0 1.033465 0.04921257 0.04921257 0.04921257 0.9350394 -0.04921257 0.04921257 -0.04921257 0.9350394 -0.04921257 0.04921257 0.04921257 0.9350394 -0.04921257 1.033465 -0.04921257 1.033465 0.04921257 0.04921257 -0.04921257 1.033465 -0.04921257 1.033465 0.04921257 1.033465 0.04921257 0.04921257 0.04921257 0.04921257 -0.04921257 -0.04921251 0 0.04921257 0 0.04921257 14.76378 0.04921257 14.76378 -0.04921251 14.76378 -0.04921251 0 -0.04921257 14.76378 -0.04921257 0 0.04921257 14.10761 0.04921257 0 0.04921257 14.10761 -0.04921257 0 0.04921257 14.10761 0.04921257 14.76378 -0.04921257 14.76378 0.04921257 14.10761 0.04921257 0 1.83727 0 1.83727 0 1.83727 14.10761 0.04921257 14.10761 -1.83727 14.10761 -1.83727 0 -0.04921257 0 -0.04921257 0 -0.04921257 14.10761 -1.83727 14.10761 1.83727 0.04921257 0.04921257 0.04921257 0.04921257 -0.04921257 0.04921257 -0.04921257 1.83727 -0.04921257 1.83727 0.04921257 0.04921251 -0.04921257 1.83727 -0.04921257 1.83727 0.04921257 1.83727 0.04921257 0.04921251 0.04921257 0.04921251 -0.04921257 0.04921257 14.10761 -0.04921257 14.10761 -0.04921257 0 -0.04921257 0 0.04921257 0 -0.04921257 14.10761 0.04921257 14.10761 -0.04921257 14.10761 0.04921257 0 0.04921257 0 0.8366142 0 0.04921257 14.10761 0.8366142 0 0.9350394 0 0.9350394 14.10761 0.9350394 14.10761 0.8366142 14.10761 0.8366142 0 0.8366142 0 0.8366142 14.10761 0.04921257 14.10761 -0.9350394 14.10761 -0.9350394 0 0.04921257 0 0.04921257 0 0.04921257 14.10761 -0.9350394 14.10761 0.9350394 0.04921257 0.8366142 0.04921257 0.9350394 -0.04921257 0.04921257 0.04921257 -0.04921257 -0.04921257 0.9350394 -0.04921257 -0.04921257 -0.04921257 0.04921257 0.04921257 -0.04921257 0.04921257 0.04921257 0.04921257 0.9350394 -0.04921257 0.8366142 0.04921257 -0.04921257 -0.04921257 0.04921257 -0.04921257 -0.04921257 0.04921257 0.8366142 -0.04921257 0.9350394 0.04921257 -0.04921257 0.04921257 0.9350394 0.04921257 0.8366142 -0.04921257 0.9350394 -0.04921257 0.8366142 -0.04921257 -0.04921257 0.04921257 0.04921257 -0.04921257 -0.04921257 14.10761 -0.04921257 0 0.04921257 0 0.04921257 0 0.04921257 14.10761 -0.04921257 14.10761 -0.4757218 14.10761 -0.4757218 0 -0.3772966 0 -0.3772966 0 -0.3772966 14.10761 -0.4757218 14.10761 0.04921257 14.10761 0.04921257 0 0.3772966 0 0.04921257 14.10761 0.3772966 0 0.3772966 14.10761 0.3772966 0 0.4757218 14.10761 0.3772966 14.10761 0.4757218 14.10761 0.3772966 0 0.4757218 0 -0.4757218 14.10761 -0.4757218 0 -0.04921257 0 -0.04921257 0 -0.04921257 14.10761 -0.4757218 14.10761 0.3772966 0.04921257 0.04921257 -0.04921257 0.4757218 -0.04921257 0.04921257 -0.04921257 0.3772966 0.04921257 0.04921257 0.04921257 0.3772966 0.04921257 0.4757218 -0.04921257 0.4757218 0.04921257 0.3772966 -0.04921257 0.4757218 0.04921257 0.04921257 0.04921257 0.4757218 0.04921257 0.3772966 -0.04921257 0.4757218 -0.04921257 0.3772966 -0.04921257 0.04921257 0.04921257 0.04921257 -0.04921257 -0.04921257 0 0.04921257 0 0.04921257 14.10761 0.04921257 14.10761 -0.04921257 14.10761 -0.04921257 0 -0.04921257 14.10761 -0.04921257 0 0.04921257 0 0.04921257 0 0.04921257 14.10761 -0.04921257 14.10761 0.04921257 14.10761 0.04921257 0 0.8366142 0 0.04921257 14.10761 0.8366142 0 0.8366142 14.10761 0.8366142 0 0.9350394 14.10761 0.8366142 14.10761 0.9350394 14.10761 0.8366142 0 0.9350394 0 -0.9350394 14.10761 -0.9350394 0 -0.738189 0 -0.9350394 14.10761 -0.738189 0 -0.04921257 14.10761 -0.1476378 0 -0.04921257 0 -0.04921257 14.10761 -0.1476378 0 -0.04921257 14.10761 -0.738189 0 0.8366142 0.04921257 0.04921257 0.04921257 0.738189 -0.04921257 0.9350394 0.04921257 0.8366142 0.04921257 0.9350394 -0.04921257 0.04921257 -0.04921257 0.1476378 -0.04921257 0.04921257 0.04921257 0.738189 -0.04921257 0.9350394 -0.04921257 0.8366142 0.04921257 0.1476378 -0.04921257 0.738189 -0.04921257 0.04921257 0.04921257 0.8366142 -0.04921257 0.9350394 0.04921257 0.04921257 0.04921257 0.9350394 0.04921257 0.8366142 -0.04921257 0.9350394 -0.04921257 0.8366142 -0.04921257 0.04921257 0.04921257 0.04921257 -0.04921257 -0.04921257 0 0.04921257 0 0.04921257 14.10761 0.04921257 14.10761 -0.04921257 14.10761 -0.04921257 0 -0.04921257 14.10761 -0.04921257 0 0.04921257 0 0.04921257 0 0.04921257 14.10761 -0.04921257 14.10761 0.04921257 14.10761 0.04921257 0 0.3772966 0 0.3772966 0 0.3772966 14.10761 0.04921257 14.10761 -0.3772966 14.10761 -0.3772966 0 -0.04921257 0 -0.04921257 0 -0.04921257 14.10761 -0.3772966 14.10761 0.3772966 0.04921257 0.04921257 0.04921257 0.04921257 -0.04921257 0.04921257 -0.04921257 0.3772966 -0.04921257 0.3772966 0.04921257 0.04921257 -0.04921257 0.3772966 -0.04921257 0.3772966 0.04921257 0.3772966 0.04921257 0.04921257 0.04921257 0.04921257 -0.04921257 -0.04921257 0 0.04921257 0 0.04921257 14.10761 0.04921257 14.10761 -0.04921257 14.10761 -0.04921257 0 0 14.10761 0 0 2.830344 0 2.830344 0 2.92877 0 2.92877 14.10761 2.830344 0 2.92877 14.10761 0 14.10761 -2.92877 14.10761 -2.92877 0 0 14.10761 0 0 0 14.10761 -2.92877 0 2.830344 0.04921257 0 -0.04921257 2.92877 -0.04921257 0 -0.04921257 2.830344 0.04921257 0 0.04921257 2.830344 0.04921257 2.92877 -0.04921257 2.92877 0.04921257 0 -0.04921257 2.92877 -0.04921257 2.92877 0.04921257 2.92877 0.04921257 0 0.04921257 0 -0.04921257 0.04921257 0 0.04921257 14.10761 -0.04921257 14.10761 -0.04921257 14.10761 -0.04921257 0 0.04921257 0 -0.04921257 14.10761 -0.04921257 0 0.04921257 0 0.04921257 0 0.04921257 14.10761 -0.04921257 14.10761 0.04921257 14.76378 0.04921257 0 2.805118 0 0.04921257 14.76378 2.805118 0 2.805118 14.76378 2.805118 0 2.903543 14.76378 2.805118 14.76378 2.903543 14.76378 2.805118 0 2.903543 0 -2.903543 14.76378 -2.903543 0 -0.04921257 14.10761 -0.04921257 0 -0.04921257 14.10761 -2.903543 0 -0.04921257 14.10761 -0.04921257 14.76378 -2.903543 14.76378 2.805118 0.04921257 0.04921257 -0.04921257 2.903543 -0.04921257 0.04921257 -0.04921257 2.805118 0.04921257 0.04921257 0.04921257 2.805118 0.04921257 2.903543 -0.04921257 2.903543 0.04921257 2.805118 -0.04921257 2.903543 0.04921257 0.04921257 0.04921257 2.903543 0.04921257 2.805118 -0.04921257 2.903543 -0.04921257 2.805118 -0.04921257 0.04921257 0.04921257 0.04921257 -0.04921257 -0.04921263 14.10761 0.04921245 0 0.04921245 14.76378 0.04921245 14.76378 -0.04921263 14.76378 -0.04921263 14.10761 -0.04921257 14.76378 -0.04921257 0 0.04921257 0 0.04921257 0 0.04921257 14.76378 -0.04921257 14.76378 0.04921257 14.76378 0.04921257 0 1.033465 0 1.033465 0 1.033465 14.76378 0.04921257 14.76378 -1.033465 14.10761 -1.033465 0 -0.9350394 0 -1.033465 14.76378 -1.033465 14.10761 -0.04921257 14.76378 -0.04921257 0 -0.04921257 14.76378 -1.033465 14.10761 -0.04921257 0 -1.033465 14.10761 -0.9350394 0 1.033465 0.04921257 0.04921257 0.04921257 0.9350394 -0.04921257 0.04921257 -0.04921257 0.9350394 -0.04921257 0.04921257 0.04921257 0.9350394 -0.04921257 1.033465 -0.04921257 1.033465 0.04921257 0.04921257 -0.04921257 1.033465 -0.04921257 1.033465 0.04921257 1.033465 0.04921257 0.04921257 0.04921257 0.04921257 -0.04921257 -0.04921251 0 0.04921257 0 0.04921257 14.76378 0.04921257 14.76378 -0.04921251 14.76378 -0.04921251 0 -0.04921257 14.76378 -0.04921257 0 0.04921257 14.10761 0.04921257 0 0.04921257 14.10761 -0.04921257 0 0.04921257 14.10761 0.04921257 14.76378 -0.04921257 14.76378 0.04921257 14.10761 0.04921257 0 1.886483 0 1.886483 0 1.886483 14.10761 0.04921257 14.10761 -1.886483 14.10761 -1.886483 0 -0.04921257 0 -0.04921257 0 -0.04921257 14.10761 -1.886483 14.10761 1.886483 0.04921257 0.04921257 0.04921257 0.04921257 -0.04921257 0.04921257 -0.04921257 1.886483 -0.04921257 1.886483 0.04921257 -0.04921257 14.10761 -0.04921257 0 0.04921257 0 0.04921257 0 0.04921257 14.10761 -0.04921257 14.10761 0.04921251 -0.04921257 1.886483 -0.04921257 1.886483 0.04921257 1.886483 0.04921257 0.04921251 0.04921257 0.04921251 -0.04921257 0.04921257 14.10761 -0.04921257 14.10761 -0.04921257 0 0 14.10761 0 0 2.477034 0 2.477034 0 2.575459 0 2.575459 14.10761 2.477034 0 2.575459 14.10761 0 14.10761 -2.575459 14.10761 -2.575459 0 0 0 0 0 0 14.10761 -2.575459 14.10761 2.477034 0.04921257 0 -0.04921257 2.575459 -0.04921257 0 -0.04921257 2.477034 0.04921257 0 0.04921257 2.477034 0.04921257 2.575459 -0.04921257 2.575459 0.04921257 0 -0.04921257 2.575459 -0.04921257 2.575459 0.04921257 2.575459 0.04921257 0 0.04921257 0 -0.04921257 0.04921257 0 0.04921257 14.10761 -0.04921257 14.10761 -0.04921257 14.10761 -0.04921257 0 0.04921257 0 -0.04921257 14.10761 -0.04921257 0 0.04921257 0 0.04921257 0 0.04921257 14.10761 -0.04921257 14.10761 2.903543 14.10761 0.04921257 14.76378 0.04921257 0 2.903543 14.10761 0.04921257 0 2.805118 0 2.903543 0 2.903543 14.10761 2.805118 0 2.903543 14.10761 2.903543 14.76378 0.04921257 14.76378 -2.903543 14.76378 -2.903543 0 -0.04921257 14.10761 -0.04921257 0 -0.04921257 14.10761 -2.903543 0 -0.04921257 14.10761 -0.04921257 14.76378 -2.903543 14.76378 2.805118 0.04921257 0.04921257 -0.04921257 2.903543 -0.04921257 0.04921257 -0.04921257 2.805118 0.04921257 0.04921257 0.04921257 2.805118 0.04921257 2.903543 -0.04921257 2.903543 0.04921257 0.04921257 -0.04921257 2.903543 -0.04921257 2.903543 0.04921257 2.903543 0.04921257 0.04921257 0.04921257 0.04921257 -0.04921257 -0.04921251 14.10761 0.04921257 0 0.04921257 14.76378 0.04921257 14.76378 -0.04921251 14.76378 -0.04921251 14.10761 -0.04921257 14.10761 0.04921257 0 0.04921257 14.76378 0.04921257 0 -0.04921257 14.10761 -0.04921257 0 -0.04921257 14.10761 0.04921257 14.76378 -0.04921257 14.76378 0.04921257 14.10761 0.04921257 0 2.526247 0 2.526247 0 2.526247 14.10761 0.04921257 14.10761 -2.526247 14.10761 -2.526247 0 -2.411417 0 -2.526247 14.10761 -2.411417 0 -1.820866 0 -1.820866 0 -0.04921257 0 -0.04921257 14.10761 -1.820866 0 -0.04921257 14.10761 -2.526247 14.10761 2.526247 0.04921257 0.04921257 0.04921257 1.820866 -0.04921257 1.820866 -0.04921257 0.04921257 0.04921257 0.04921257 -0.04921257 2.526247 0.04921257 1.820866 -0.04921257 2.411417 -0.04921257 2.411417 -0.04921257 2.526247 -0.04921257 2.526247 0.04921257 -0.04921257 14.10761 -0.04921257 0 0.04921257 0 0.04921257 0 0.04921257 14.10761 -0.04921257 14.10761 0.04921257 -0.04921257 2.526247 -0.04921257 2.526247 0.04921257 2.526247 0.04921257 0.04921257 0.04921257 0.04921257 -0.04921257 -0.04921251 0 0.04921257 0 0.04921257 14.10761 0.04921257 14.10761 -0.04921251 14.10761 -0.04921251 0 0.328084 14.76378 0.328084 0 6.430446 0 6.430446 0 6.430446 14.76378 0.328084 14.76378 -6.430446 14.76378 -6.430446 0 -0.328084 0 -0.328084 0 -0.328084 14.76378 -6.430446 14.76378 6.430446 0.04921257 0.328084 0.04921257 6.430446 -0.04921257 0.328084 -0.04921257 6.430446 -0.04921257 0.328084 0.04921257 -0.04921257 14.76378 -0.04921257 0 0.04921257 0 0.04921257 0 0.04921257 14.76378 -0.04921257 14.76378 0.3280841 -0.04921257 6.430446 -0.04921257 6.430446 0.04921257 6.430446 0.04921257 0.3280841 0.04921257 0.3280841 -0.04921257 -0.04921233 0 0.04921251 0 0.04921251 14.76378 0.04921251 14.76378 -0.04921233 14.76378 -0.04921233 0 -0.04921257 0 0.04921257 0 -0.04921257 14.76378 0.04921257 14.76378 -0.04921257 14.76378 0.04921257 0 0.04921257 0 2.477034 0 0.04921257 14.76378 2.477034 0 2.575459 0 2.575459 14.76378 2.575459 14.76378 2.477034 14.76378 2.477034 0 2.477034 0 2.477034 14.76378 0.04921257 14.76378 -2.575459 14.76378 -2.575459 0 0.04921257 14.76378 0.04921257 0 0.04921257 14.76378 -2.575459 0 2.575459 0.04921257 2.477034 0.04921257 2.575459 -0.04921257 0.04921257 0.04921257 -0.04921257 -0.04921257 2.575459 -0.04921257 -0.04921257 -0.04921257 0.04921257 0.04921257 -0.04921257 0.04921257 0.04921257 0.04921257 2.575459 -0.04921257 2.477034 0.04921257 -0.04921251 -0.04921257 0.04921257 -0.04921257 -0.04921251 0.04921257 2.477034 -0.04921257 2.575459 0.04921257 -0.04921251 0.04921257 2.575459 0.04921257 2.477034 -0.04921257 2.575459 -0.04921257 2.477034 -0.04921257 -0.04921251 0.04921257 0.04921257 -0.04921257 -0.04921257 14.76378 -0.04921257 0 0.04921257 0 0.04921257 0 0.04921257 14.76378 -0.04921257 14.76378 -2.903543 14.76378 -2.903543 0 -2.805118 0 -2.805118 0 -2.805118 14.76378 -2.903543 14.76378 0.04921257 14.76378 0.04921257 0 2.805118 0 0.04921257 14.76378 2.805118 0 2.805118 14.76378 2.805118 0 2.903543 14.76378 2.805118 14.76378 2.903543 14.76378 2.805118 0 2.903543 0 -2.903543 14.76378 -2.903543 0 -0.04921257 0 -0.04921257 0 -0.04921257 14.76378 -2.903543 14.76378 2.805118 0.04921257 0.04921257 -0.04921257 2.903543 -0.04921257 0.04921257 -0.04921257 2.805118 0.04921257 0.04921257 0.04921257 2.805118 0.04921257 2.903543 -0.04921257 2.903543 0.04921257 2.805118 -0.04921257 2.903543 0.04921257 0.04921257 0.04921257 2.903543 0.04921257 2.805118 -0.04921257 2.903543 -0.04921257 2.805118 -0.04921257 0.04921257 0.04921257 0.04921257 -0.04921257 -0.04921257 14.76378 -0.04921257 0 0.04921257 14.76378 0.04921257 0 0.04921257 14.76378 -0.04921257 0 0.04921257 14.76378 0.04921257 0 2.477034 0 0.04921257 14.76378 2.477034 0 2.477034 14.76378 2.477034 0 2.575459 14.76378 2.477034 14.76378 2.575459 14.76378 2.477034 0 2.575459 0 -2.575459 14.76378 -2.575459 0 -0.04921257 0 -0.04921257 0 -0.04921257 14.76378 -2.575459 14.76378 2.477034 0.04921257 0.04921257 -0.04921257 2.575459 -0.04921257 0.04921257 -0.04921257 2.477034 0.04921257 0.04921257 0.04921257 2.477034 0.04921257 2.575459 -0.04921257 2.575459 0.04921257 2.477034 -0.04921257 2.575459 0.04921257 0.04921257 0.04921257 2.575459 0.04921257 2.477034 -0.04921257 2.575459 -0.04921257 2.477034 -0.04921257 0.04921257 0.04921257 0.04921257 -0.04921257 -0.04921251 0 0.04921257 0 0.04921257 14.76378 0.04921257 14.76378 -0.04921251 14.76378 -0.04921251 0 -0.04921257 14.76378 -0.04921257 0 0.04921257 0 0.04921257 0 0.04921257 14.76378 -0.04921257 14.76378 0.04921257 14.76378 0.04921257 0 2.805118 0 2.805118 0 2.805118 14.76378 0.04921257 14.76378 -2.805118 14.76378 -2.805118 0 -0.04921257 0 -0.04921257 0 -0.04921257 14.76378 -2.805118 14.76378 2.805118 0.04921257 0.04921257 0.04921257 2.805118 -0.04921257 0.04921257 -0.04921257 2.805118 -0.04921257 0.04921257 0.04921257 0.04921257 -0.04921257 2.805118 -0.04921257 2.805118 0.04921257 2.805118 0.04921257 0.04921257 0.04921257 0.04921257 -0.04921257 -0.04921257 14.76378 0.04921257 0 0.04921257 14.76378 0.04921257 0 -0.04921257 14.76378 -0.04921257 0 -0.04921257 0 0.04921257 0 -0.04921257 14.76378 0.04921257 14.76378 -0.04921257 14.76378 0.04921257 0 0.04921257 0 2.477034 0 0.04921257 14.76378 2.477034 0 2.575459 0 2.575459 14.76378 2.575459 14.76378 2.477034 14.76378 2.477034 0 2.477034 0 2.477034 14.76378 0.04921257 14.76378 -2.575459 14.76378 -2.575459 0 0.04921257 0 0.04921257 0 0.04921257 14.76378 -2.575459 14.76378 2.575459 0.04921257 2.477034 0.04921257 2.575459 -0.04921257 0.04921257 0.04921257 -0.04921257 -0.04921257 2.575459 -0.04921257 -0.04921257 -0.04921257 0.04921257 0.04921257 -0.04921257 0.04921257 0.04921257 0.04921257 2.575459 -0.04921257 2.477034 0.04921257 -0.04921251 -0.04921257 0.04921257 -0.04921257 -0.04921251 0.04921257 2.477034 -0.04921257 2.575459 0.04921257 -0.04921251 0.04921257 2.575459 0.04921257 2.477034 -0.04921257 2.575459 -0.04921257 2.477034 -0.04921257 -0.04921251 0.04921257 0.04921257 -0.04921257 -0.04921257 14.76378 -0.04921257 0 0.04921257 0 0.04921257 0 0.04921257 14.76378 -0.04921257 14.76378 -2.903543 14.76378 -2.903543 0 -2.805118 0 -2.805118 0 -2.805118 14.76378 -2.903543 14.76378 0.04921257 14.76378 0.04921257 0 2.805118 0 0.04921257 14.76378 2.805118 0 2.805118 14.76378 2.805118 0 2.903543 14.76378 2.805118 14.76378 2.903543 14.76378 2.805118 0 2.903543 0 -2.903543 14.76378 -2.903543 0 -0.04921257 0 -0.04921257 0 -0.04921257 14.76378 -2.903543 14.76378 2.805118 0.04921257 0.04921257 -0.04921257 2.903543 -0.04921257 0.04921257 -0.04921257 2.805118 0.04921257 0.04921257 0.04921257 2.805118 0.04921257 2.903543 -0.04921257 2.903543 0.04921257 2.805118 -0.04921257 2.903543 0.04921257 0.04921257 0.04921257 2.903543 0.04921257 2.805118 -0.04921257 2.903543 -0.04921257 2.805118 -0.04921257 0.04921257 0.04921257 0.04921257 -0.04921257 -0.04921257 14.76378 -0.04921257 0 0.04921257 14.76378 0.04921257 0 0.04921257 14.76378 -0.04921257 0 0.04921257 14.76378 0.04921257 0 2.477034 0 0.04921257 14.76378 2.477034 0 2.477034 14.76378 2.477034 0 2.575459 14.76378 2.477034 14.76378 2.575459 14.76378 2.477034 0 2.575459 0 -2.575459 14.76378 -2.575459 0 -0.04921257 0 -0.04921257 0 -0.04921257 14.76378 -2.575459 14.76378 2.477034 0.04921257 0.04921257 -0.04921257 2.575459 -0.04921257 0.04921257 -0.04921257 2.477034 0.04921257 0.04921257 0.04921257 2.477034 0.04921257 2.575459 -0.04921257 2.575459 0.04921257 2.477034 -0.04921257 2.575459 0.04921257 0.04921257 0.04921257 2.575459 0.04921257 2.477034 -0.04921257 2.575459 -0.04921257 2.477034 -0.04921257 0.04921257 0.04921257 0.04921257 -0.04921257 -0.04921251 0 0.04921257 0 0.04921257 14.76378 0.04921257 14.76378 -0.04921251 14.76378 -0.04921251 0 -0.04921257 14.76378 -0.04921257 0 0.04921257 0 0.04921257 0 0.04921257 14.76378 -0.04921257 14.76378 0.04921257 14.76378 0.04921257 0 2.805118 0 2.805118 0 2.805118 14.76378 0.04921257 14.76378 -2.805118 14.76378 -2.805118 0 -0.04921257 0 -0.04921257 0 -0.04921257 14.76378 -2.805118 14.76378 2.805118 0.04921257 0.04921257 0.04921257 2.805118 -0.04921257 0.04921257 -0.04921257 2.805118 -0.04921257 0.04921257 0.04921257 0.04921257 -0.04921257 2.805118 -0.04921257 2.805118 0.04921257 2.805118 0.04921257 0.04921257 0.04921257 0.04921257 -0.04921257 -0.04921257 14.76378 0.04921257 0 0.04921257 14.76378 0.04921257 0 -0.04921257 14.76378 -0.04921257 0 0 14.76378 0 0 1.902887 0 1.902887 0 1.902887 14.76378 0 14.76378 -1.804462 14.76378 -1.902887 14.76378 -1.804462 0 -1.804462 0 -1.902887 14.76378 -1.902887 0 -1.804462 0 0 0 0 14.76378 -1.804462 0 0 14.76378 -1.804462 14.76378 1.902887 0.04921257 0 0.04921257 1.804462 -0.04921257 0 -0.04921257 1.804462 -0.04921257 0 0.04921257 1.804462 -0.04921257 1.902887 -0.04921257 1.902887 0.04921257 0 -0.04921257 1.902887 -0.04921257 1.804462 0.04921257 1.902887 0.04921257 1.804462 0.04921257 1.902887 -0.04921257 1.804462 0.04921257 0 0.04921257 0 -0.04921257 0.04921257 0 0.04921257 14.76378 -0.04921257 14.76378 -0.04921257 14.76378 -0.04921257 0 0.04921257 0 -0.04921257 14.76378 -0.04921257 0 0.04921257 0 0.04921257 0 0.04921257 14.76378 -0.04921257 14.76378 0.04921257 14.76378 0.04921257 0 2.903543 0 2.903543 0 2.903543 14.76378 0.04921257 14.76378 -2.805118 14.76378 -2.903543 14.76378 -2.805118 0 -2.805118 0 -2.903543 14.76378 -2.903543 0 -2.805118 0 -0.04921257 0 -0.04921257 14.76378 -2.805118 0 -0.04921257 14.76378 -2.805118 14.76378 2.903543 0.04921257 0.04921257 0.04921257 2.805118 -0.04921257 0.04921257 -0.04921257 2.805118 -0.04921257 0.04921257 0.04921257 2.805118 -0.04921257 2.903543 -0.04921257 2.903543 0.04921257 0.04921257 -0.04921257 2.903543 -0.04921257 2.805118 0.04921257 2.903543 0.04921257 2.805118 0.04921257 2.903543 -0.04921257 2.805118 0.04921257 0.04921257 0.04921257 0.04921257 -0.04921257 -0.04921257 14.76378 -0.04921257 0 0.04921257 0 0.04921257 0 0.04921257 14.76378 -0.04921257 14.76378 0.04921257 14.76378 0.04921257 0 1.853675 0 1.853675 0 1.853675 14.76378 0.04921257 14.76378 -1.853675 14.76378 -1.853675 0 -0.04921257 0 -0.04921257 0 -0.04921257 14.76378 -1.853675 14.76378 1.853675 0.04921257 0.04921257 0.04921257 1.853675 -0.04921257 0.04921257 -0.04921257 1.853675 -0.04921257 0.04921257 0.04921257 -0.04921257 14.76378 -0.04921257 0 0.04921257 0 0.04921257 0 0.04921257 14.76378 -0.04921257 14.76378 0.04921257 -0.04921257 1.853675 -0.04921257 1.853675 0.04921257 1.853675 0.04921257 0.04921257 0.04921257 0.04921257 -0.04921257 0 14.10761 0 0 11.81102 0 11.81102 0 11.81102 14.10761 0 14.10761 -11.81102 14.10761 -11.81102 0 0 0 0 0 0 14.10761 -11.81102 14.10761 11.81102 0.04921257 0 0.04921257 0 -0.04921257 0 -0.04921257 11.81102 -0.04921257 11.81102 0.04921257 -0.04921257 14.10761 -0.04921257 0 0.04921257 0 0.04921257 0 0.04921257 14.10761 -0.04921257 14.10761 0 -0.04921257 11.81102 -0.04921257 11.81102 0.04921257 11.81102 0.04921257 0 0.04921257 0 -0.04921257 0.04921257 0 0.04921257 14.10761 -0.04921257 14.10761 -0.04921257 14.10761 -0.04921257 0 0.04921257 0 0 14.10761 0 0 11.81102 0 11.81102 0 11.81102 14.10761 0 14.10761 -11.81102 14.10761 -11.81102 0 0 0 0 0 0 14.10761 -11.81102 14.10761 11.81102 0.04921257 0 0.04921257 11.81102 -0.04921257 0 -0.04921257 11.81102 -0.04921257 0 0.04921257 -0.04921257 14.10761 -0.04921257 0 0.04921257 0 0.04921257 0 0.04921257 14.10761 -0.04921257 14.10761 0 -0.04921257 11.81102 -0.04921257 0 0.04921257 11.81102 0.04921257 0 0.04921257 11.81102 -0.04921257 0.04921257 0 0.04921257 14.10761 -0.04921257 14.10761 -0.04921257 14.10761 -0.04921257 0 0.04921257 0 0 14.10761 0 0 11.81102 0 11.81102 0 11.81102 14.10761 0 14.10761 -11.81102 14.10761 -11.81102 0 0 0 0 0 0 14.10761 -11.81102 14.10761 11.81102 0.04921257 0 0.04921257 0 -0.04921257 0 -0.04921257 11.81102 -0.04921257 11.81102 0.04921257 -0.04921257 14.10761 -0.04921257 0 0.04921257 0 0.04921257 0 0.04921257 14.10761 -0.04921257 14.10761 0 -0.04921257 11.81102 -0.04921257 11.81102 0.04921257 11.81102 0.04921257 0 0.04921257 0 -0.04921257 0.04921257 0 0.04921257 14.10761 -0.04921257 14.10761 -0.04921257 14.10761 -0.04921257 0 0.04921257 0 0 14.10761 0 0 11.81102 0 11.81102 0 11.81102 14.10761 0 14.10761 -11.81102 14.10761 -11.81102 0 0 0 0 0 0 14.10761 -11.81102 14.10761 11.81102 0.04921257 0 0.04921257 0 -0.04921257 0 -0.04921257 11.81102 -0.04921257 11.81102 0.04921257 -0.04921257 14.10761 -0.04921257 0 0.04921257 0 0.04921257 0 0.04921257 14.10761 -0.04921257 14.10761 0 -0.04921257 11.81102 -0.04921257 11.81102 0.04921257 11.81102 0.04921257 0 0.04921257 0 -0.04921257 0.04921257 0 0.04921257 14.10761 -0.04921257 14.10761 -0.04921257 14.10761 -0.04921257 0 0.04921257 0 0 14.10761 0 0 11.81102 0 11.81102 0 11.81102 14.10761 0 14.10761 -11.81102 14.10761 -11.81102 0 0 0 0 0 0 14.10761 -11.81102 14.10761 11.81102 0.04921257 0 0.04921257 0 -0.04921257 0 -0.04921257 11.81102 -0.04921257 11.81102 0.04921257 -0.04921257 14.10761 -0.04921257 0 0.04921257 0 0.04921257 0 0.04921257 14.10761 -0.04921257 14.10761 0 -0.04921257 11.81102 -0.04921257 11.81102 0.04921257 11.81102 0.04921257 0 0.04921257 0 -0.04921257 0.04921257 0 0.04921257 14.10761 -0.04921257 14.10761 -0.04921257 14.10761 -0.04921257 0 0.04921257 0 0 14.10761 0 0 11.81102 0 11.81102 0 11.81102 14.10761 0 14.10761 -11.81102 14.10761 -11.81102 0 0 0 0 0 0 14.10761 -11.81102 14.10761 11.81102 0.04921257 0 0.04921257 0 -0.04921257 0 -0.04921257 11.81102 -0.04921257 11.81102 0.04921257 -0.04921257 14.10761 -0.04921257 0 0.04921257 0 0.04921257 0 0.04921257 14.10761 -0.04921257 14.10761 0 -0.04921257 11.81102 -0.04921257 11.81102 0.04921257 11.81102 0.04921257 0 0.04921257 0 -0.04921257 0.04921257 0 0.04921257 14.10761 -0.04921257 14.10761 -0.04921257 14.10761 -0.04921257 0 0.04921257 0 0 14.76378 0 0 5.905512 14.76378 5.905512 0 5.905512 14.76378 0 0 -5.905512 0 -5.839895 0 -5.905512 14.76378 -5.839895 14.76378 -5.905512 14.76378 -5.839895 0 -5.74147 0 0 0 0 14.76378 0 14.76378 -5.74147 14.76378 -5.74147 0 5.905512 0.328084 0 0.328084 5.74147 -0.328084 5.74147 -0.328084 0 0.328084 0 -0.328084 5.905512 0.328084 5.74147 -0.328084 5.839895 -0.328084 5.839895 -0.328084 5.905512 -0.328084 5.905512 0.328084 -0.328084 14.76378 -0.328084 0 0.328084 0 0.328084 0 0.328084 14.76378 -0.328084 14.76378 0 -0.328084 5.905512 -0.328084 5.74147 0.328084 5.74147 0.328084 5.905512 -0.328084 5.839895 0.328084 0 -0.328084 5.74147 0.328084 0 0.328084 5.905512 0.328084 5.839895 0.328084 5.905512 -0.328084 0.328084 0 0.328084 14.76378 -0.328084 14.76378 -0.328084 14.76378 -0.328084 0 0.328084 0 0 14.76378 0 0 18.86483 0 18.86483 0 18.86483 14.76378 0 14.76378 -18.86483 14.76378 -18.86483 0 0 0 0 0 0 14.76378 -18.86483 14.76378 18.86483 0.328084 0 0.328084 0 -0.328084 0 -0.328084 18.86483 -0.328084 18.86483 0.328084 -0.328084 14.76378 -0.328084 0 0.328084 0 0.328084 0 0.328084 14.76378 -0.328084 14.76378 -6.20766e-7 -0.328084 18.86483 -0.328084 18.86483 0.328084 18.86483 0.328084 -6.20766e-7 0.328084 -6.20766e-7 -0.328084 0.328084 0 0.328084 14.76378 -0.328084 14.76378 -0.328084 14.76378 -0.328084 0 0.328084 0 0 14.76378 0 0 18.86483 0 18.86483 0 18.86483 14.76378 0 14.76378 -18.86483 14.76378 -18.86483 0 0 0 0 0 0 14.76378 -18.86483 14.76378 18.86483 0.328084 0 0.328084 0 -0.328084 0 -0.328084 18.86483 -0.328084 18.86483 0.328084 -0.328084 14.76378 -0.328084 0 0.328084 0 0.328084 0 0.328084 14.76378 -0.328084 14.76378 -6.20766e-7 -0.328084 18.86483 -0.328084 18.86483 0.328084 18.86483 0.328084 -6.20766e-7 0.328084 -6.20766e-7 -0.328084 0.328084 0 0.328084 14.76378 -0.328084 14.76378 -0.328084 14.76378 -0.328084 0 0.328084 0 -0.2711507 0 31.74985 0 -0.2711507 0.1640419 31.74985 0.1640419 -0.2711507 0.1640419 31.74985 0 -39.57892 0 -28.83417 0 -28.83417 0.1640419 -41.89191 0 -39.57892 0 -39.57892 0.1640419 -28.83417 0.1640419 -39.57892 0.1640419 -39.57892 0 -39.57892 0.1640419 -41.89191 0.1640419 -41.89191 0 -2.173074 0 0.271152 0 0.271152 0.1640419 0.271152 0.1640419 -2.173074 0.1640419 -2.173074 0 40.02183 0 41.89191 0 41.89191 0.1640419 41.89191 0.1640419 40.02183 0.1640419 40.02183 0 -5.12583 0 -2.173074 0 -2.173074 0.1640419 -2.173074 0.1640419 -5.12583 0.1640419 -5.12583 0 -41.89191 0 -40.02183 0 -41.89191 0.1640419 -40.02183 0.1640419 -41.89191 0.1640419 -40.02183 0 -8.570712 0 -5.12583 0 -5.12583 0.1640419 -5.12583 0.1640419 -8.570712 0.1640419 -8.570712 0 -41.95753 0 -41.89191 0 -41.89191 0.1640419 -41.89191 0.1640419 -41.95753 0.1640419 -41.95753 0 -27.43554 0 -8.570712 0 -8.570712 0.1640419 -8.570712 0.1640419 -27.43554 0.1640419 -27.43554 0 39.85779 0 41.95753 0 41.95753 0.1640419 41.95753 0.1640419 39.85779 0.1640419 39.85779 0 -30.3883 0 -27.43554 0 -27.43554 0.1640419 -27.43554 0.1640419 -30.3883 0.1640419 -30.3883 0 -40.84204 0 -39.85779 0 -39.85779 0.1640419 -39.85779 0.1640419 -40.84204 0.1640419 -40.84204 0 -31.74985 0 -30.3883 0 -30.3883 0.1640419 -30.3883 0.1640419 -31.74985 0.1640419 -31.74985 0 39.57892 0 40.84204 0 39.57892 0.1640419 28.83417 0 39.57892 0 39.57892 0.1640419 40.84204 0.1640419 39.57892 0.1640419 40.84204 0 39.57892 0.1640419 28.83417 0.1640419 28.83417 0 7.168635 -6.496063 -11.69619 -6.56168 7.168635 -6.56168 -11.69619 -4.461942 -11.69619 -6.56168 7.168635 -6.496063 -16.0105 -4.183071 -14.64895 -4.461942 -11.69619 -4.461942 -16.0105 -4.183071 -16.0105 -5.446194 -14.64895 -4.461942 -16.0105 -5.446194 -14.64895 -5.446194 -14.64895 -4.461942 -16.0105 -4.183071 -11.69619 -4.461942 16.0105 -4.183071 7.168635 -6.496063 10.61352 -4.625984 -11.69619 -4.461942 13.56627 -6.496063 16.0105 -6.496063 13.56627 -4.625984 10.61352 -4.625984 7.168635 -6.496063 10.61352 -6.496063 13.56627 -4.625984 16.0105 -4.183071 10.61352 -4.625984 16.0105 -6.496063 16.0105 -4.183071 13.56627 -4.625984 10.61352 -4.625984 16.0105 -4.183071 -11.69619 -4.461942 -39.95753 -8.570712 -39.95753 -27.43554 -39.89191 -8.570712 -39.89191 -8.570712 -39.95753 -27.43554 -37.85779 -27.43554 -37.85779 -27.43554 -37.85779 -30.3883 -37.57892 -31.74984 -37.85779 -30.3883 -38.84204 -31.74984 -37.57892 -31.74984 -37.85779 -30.3883 -38.84204 -30.3883 -38.84204 -31.74984 -37.57892 0.2711516 -37.85779 -27.43554 -37.57892 -31.74984 -37.85779 -27.43554 -38.02183 -5.12583 -39.89191 -8.570712 -38.02183 -2.173074 -39.89191 0.2711516 -39.89191 -2.173074 -39.89191 -5.12583 -39.89191 -8.570712 -38.02183 -5.12583 -38.02183 -5.12583 -37.57892 0.2711516 -38.02183 -2.173074 -38.02183 -2.173074 -37.57892 0.2711516 -39.89191 0.2711516 -37.85779 -27.43554 -37.57892 0.2711516 -38.02183 -5.12583 16.0105 8.631134 -16.0105 8.631134 -6.626128 4.433145 28.8986 22.36548 24.70062 31.74985 24.70062 -0.2711517 -16.01062 -0.7146461 -6.627601 3.244412 -9.909903 3.237943 -9.908432 2.691588 -9.908432 -0.5892522 -6.626128 -0.58337 -6.626128 -0.58337 -6.626128 2.69747 -9.908432 2.691588 30.2262 25.64912 30.21973 22.36681 34.17879 31.74983 -33.97922 -22.36548 -33.9851 -25.64778 -30.70426 -25.64778 -30.70426 -25.64778 -30.69838 -22.36548 -33.97922 -22.36548 -8.56058 2.691588 -14.8793 6.56168 -14.8793 -4.183071 -14.8793 -4.183071 -8.56058 -0.5892522 -8.56058 2.691588 -16.01037 8.60568 -9.907057 4.404079 -6.624754 4.410465 37.57892 30.66123 26.83417 30.66123 30.70426 24.34251 30.70426 24.34251 33.9851 24.34251 37.57892 30.66123 28.92152 22.36423 28.92791 25.64653 24.72631 31.74984 -16.0105 -0.7316963 16.0105 -0.7316963 -6.626128 3.224163 30.23971 22.36548 34.19557 -0.2711517 34.19557 31.74985 15.99793 -4.183071 15.99793 6.56168 -6.698054 2.69747 -6.698054 2.69747 -6.698055 -0.58337 15.99793 -4.183071 30.69838 22.42555 26.83417 -0.2704426 37.57892 -0.270443 37.57892 -0.270443 33.97922 22.42555 30.69838 22.42555 30.3883 0 31.74985 0 31.74985 0.1640419 31.74985 0.1640419 30.3883 0.1640419 30.3883 0 33.9611 0 34.94535 0 34.94535 0.1640419 34.94535 0.1640419 33.9611 0.1640419 33.9611 0 27.43554 0 30.3883 0 30.3883 0.1640419 30.3883 0.1640419 27.43554 0.1640419 27.43554 0 -35.92961 0 -33.9611 0 -35.92961 0.1640419 -33.9611 0.1640419 -35.92961 0.1640419 -33.9611 0 8.570712 0 27.43554 0 27.43554 0.1640419 27.43554 0.1640419 8.570712 0.1640419 8.570712 0 5.12583 0 8.570712 0 8.570712 0.1640419 8.570712 0.1640419 5.12583 0.1640419 5.12583 0 34.02672 0 35.92961 0 35.92961 0.1640419 35.92961 0.1640419 34.02672 0.1640419 34.02672 0 2.173074 0 5.12583 0 5.12583 0.1640419 5.12583 0.1640419 2.173074 0.1640419 2.173074 0 -35.92961 0 -34.02672 0 -35.92961 0.1640419 -34.02672 0.1640419 -35.92961 0.1640419 -34.02672 0 -0.271152 0 2.173074 0 2.173074 0.1640419 2.173074 0.1640419 -0.271152 0.1640419 -0.271152 0 22.93748 0 35.92961 0 35.92961 0.1640419 35.92961 0.1640419 22.93748 0.1640419 22.93748 0 -31.74984 0 0.271152 0 -31.74984 0.1640419 0.271152 0.1640419 -31.74984 0.1640419 0.271152 0 -34.94536 0 -22.93748 0 -22.93748 0.1640419 -22.93748 0.1640419 -34.94536 0.1640419 -34.94536 0 -16.0105 -6.496063 -11.69619 4.527559 -14.64895 4.527559 -11.69619 4.527559 -16.0105 -6.496063 7.168635 6.496063 -16.0105 -6.496063 -14.64895 4.527559 -16.0105 5.511811 -14.64895 5.511811 -16.0105 5.511811 -14.64895 4.527559 -11.69619 4.527559 7.168635 6.496063 -11.69619 6.496063 10.61352 4.593176 16.0105 -6.496063 13.56627 4.593176 16.0105 -6.496063 10.61352 4.593176 7.168635 6.496063 13.56627 4.593176 16.0105 -6.496063 16.0105 6.496063 7.168635 6.496063 10.61352 4.593176 10.61352 6.496063 13.56627 4.593176 16.0105 6.496063 13.56627 6.496063 16.0105 -6.496063 7.168635 6.496063 -16.0105 -6.496063 35.9611 -30.3883 35.9611 -27.43554 24.93748 -31.74985 37.92961 -8.570712 24.93748 -31.74985 35.9611 -27.43554 36.94535 -31.74985 35.9611 -30.3883 24.93748 -31.74985 35.9611 -30.3883 36.94535 -31.74985 36.94535 -30.3883 37.92961 -27.43554 37.92961 -8.570712 35.9611 -27.43554 36.02672 -2.173074 24.93748 0.2711521 36.02672 -5.12583 37.92961 -8.570712 36.02672 -5.12583 24.93748 0.2711521 37.92961 0.2711521 24.93748 0.2711521 36.02672 -2.173074 37.92961 -5.12583 36.02672 -5.12583 37.92961 -8.570712 37.92961 -2.173074 37.92961 0.2711521 36.02672 -2.173074 24.93748 -31.74985 37.92961 -8.570712 24.93748 0.2711521 30.3883 0 31.74985 0 31.74985 0.1640419 31.74985 0.1640419 30.3883 0.1640419 30.3883 0 -17.22 0 -16.23575 0 -16.23575 0.1640419 -16.23575 0.1640419 -17.22 0.1640419 -17.22 0 27.43554 0 30.3883 0 30.3883 0.1640419 30.3883 0.1640419 27.43554 0.1640419 27.43554 0 16.0389 0 17.22 0 16.0389 0.1640419 17.22 0.1640419 16.0389 0.1640419 17.22 0 5.12583 0 27.43554 0 27.43554 0.1640419 27.43554 0.1640419 5.12583 0.1640419 5.12583 0 -17.05596 0 -16.0389 0 -16.0389 0.1640419 -16.0389 0.1640419 -17.05596 0.1640419 -17.05596 0 2.173074 0 5.12583 0 5.12583 0.1640419 5.12583 0.1640419 2.173074 0.1640419 2.173074 0 16.0389 0 17.05596 0 17.05596 0.1640419 17.05596 0.1640419 16.0389 0.1640419 16.0389 0 -0.271152 0 2.173074 0 2.173074 0.1640419 2.173074 0.1640419 -0.271152 0.1640419 -0.271152 0 -17.49887 0 -16.0389 0 -17.49887 0.1640419 -28.24362 0 -17.49887 0 -17.49887 0.1640419 -16.0389 0.1640419 -17.49887 0.1640419 -16.0389 0 -17.49887 0.1640419 -28.24362 0.1640419 -28.24362 0 -31.74984 0 0.271152 0 0.271152 0.1640419 0.271152 0.1640419 -31.74984 0.1640419 -31.74984 0 17.49887 0 28.24362 0 17.49887 0.1640419 16.23575 0 17.49887 0 17.49887 0.1640419 28.24362 0.1640419 17.49887 0.1640419 28.24362 0 17.49887 0.1640419 16.23575 0.1640419 16.23575 0 -16.0105 -4.521551 16.0105 -4.521551 -6.625066 -0.6157174 20.81209 22.36441 24.71793 -0.2711528 24.71793 31.74985 13.56627 5.085302 16.0105 6.102362 13.56627 6.102362 16.0105 4.642388 13.56627 5.085302 10.61352 5.085302 13.56627 5.085302 16.0105 4.642388 16.0105 6.102362 16.0105 4.642388 10.61352 5.085302 -11.69619 4.92126 10.61352 6.102362 -11.69619 6.102362 10.61352 5.085302 -14.64895 5.905512 -16.0105 5.905512 -14.64895 4.92126 -11.69619 4.92126 -14.64895 4.92126 -16.0105 4.642388 -16.0105 4.642388 -14.64895 4.92126 -16.0105 5.905512 -11.69619 4.92126 -16.0105 4.642388 16.0105 4.642388 -11.69619 6.102362 -11.69619 4.92126 10.61352 5.085302 -14.0389 -2.173074 -14.0389 0.2711521 -15.05596 -2.173074 -15.05596 -5.12583 -15.05596 -2.173074 -15.49887 0.2711521 -14.0389 0.2711521 -15.49887 0.2711521 -15.05596 -2.173074 -15.22 -27.43554 -15.05596 -5.12583 -15.49887 0.2711521 -15.05596 -5.12583 -14.0389 -27.43554 -14.0389 -5.12583 -15.22 -30.3883 -14.23575 -31.74985 -14.23575 -30.3883 -15.49887 -31.74985 -15.22 -30.3883 -15.22 -27.43554 -14.23575 -31.74985 -15.22 -30.3883 -15.49887 -31.74985 -15.49887 0.2711521 -15.49887 -31.74985 -15.22 -27.43554 -15.05596 -5.12583 -15.22 -27.43554 -14.0389 -27.43554 -15.26686 4.642388 -15.26686 -6.102362 -9.022795 0.8504783 -9.022795 -2.430362 -9.022795 0.8504783 -15.26686 -6.102362 -16.01061 -4.514437 -6.626152 -0.6062657 -9.906984 -0.6134521 -9.905899 0.8504784 -9.905899 -2.430362 -6.625066 -2.423597 -6.625066 -2.423597 -6.625066 0.857243 -9.905899 0.8504784 19.29078 24.79662 26.24362 31.04069 15.49887 31.04069 26.24362 31.04069 19.29078 24.79662 22.57162 24.79662 20.81009 25.64621 20.8029 22.36538 24.71107 31.74984 -22.56486 -22.36441 -22.57162 -25.64525 -19.29078 -25.64525 -19.29078 -25.64525 -19.28402 -22.36441 -22.56486 -22.36441 -16.01037 5.428712 -9.904843 1.417549 -6.624011 1.424705 18.66306 22.36347 18.67022 25.64431 14.65905 31.74984 -16.0105 5.443811 -6.625066 1.437622 16.0105 5.443811 -6.673027 -2.423597 16.00055 -6.102362 -6.673027 0.8572429 16.00055 4.642389 -6.673027 0.8572429 16.00055 -6.102362 14.64371 -0.2711513 18.6499 22.36441 14.64371 31.74985 19.28402 22.40288 26.24362 -0.2706978 22.56486 22.40288 26.24362 -0.2706978 19.28402 22.40288 15.49887 -0.2706978 -31.74985 0 -30.3883 0 -30.3883 0.1640419 -30.3883 0.1640419 -31.74985 0.1640419 -31.74985 0 16.23575 0 17.22 0 17.22 0.1640419 17.22 0.1640419 16.23575 0.1640419 16.23575 0 -30.3883 0 -27.43554 0 -27.43554 0.1640419 -27.43554 0.1640419 -30.3883 0.1640419 -30.3883 0 -17.22 0 -16.0389 0 -16.0389 0.1640419 -16.0389 0.1640419 -17.22 0.1640419 -17.22 0 -27.43554 0 -5.12583 0 -5.12583 0.1640419 -5.12583 0.1640419 -27.43554 0.1640419 -27.43554 0 16.0389 0 17.05596 0 17.05596 0.1640419 17.05596 0.1640419 16.0389 0.1640419 16.0389 0 -5.12583 0 -2.173074 0 -2.173074 0.1640419 -2.173074 0.1640419 -5.12583 0.1640419 -5.12583 0 -17.05596 0 -16.0389 0 -16.0389 0.1640419 -16.0389 0.1640419 -17.05596 0.1640419 -17.05596 0 -2.173074 0 0.271152 0 0.271152 0.1640419 0.271152 0.1640419 -2.173074 0.1640419 -2.173074 0 17.49887 0 28.24362 0 17.49887 0.1640419 16.0389 0 17.49887 0 17.49887 0.1640419 28.24362 0.1640419 17.49887 0.1640419 28.24362 0 17.49887 0.1640419 16.0389 0.1640419 16.0389 0 -0.2711507 0 31.74985 0 -0.2711507 0.1640419 31.74985 0.1640419 -0.2711507 0.1640419 31.74985 0 -17.49887 0 -16.23575 0 -17.49887 0.1640419 -28.24362 0 -17.49887 0 -17.49887 0.1640419 -16.23575 0.1640419 -17.49887 0.1640419 -16.23575 0 -17.49887 0.1640419 -28.24362 0.1640419 -28.24362 0 -14.64895 -4.92126 -16.0105 -5.905512 -14.64895 -5.905512 10.61352 -5.085302 -11.69619 -6.102362 10.61352 -6.102362 13.56627 -5.085302 13.56627 -6.102362 16.0105 -6.102362 -16.0105 -4.642388 -14.64895 -4.92126 -11.69619 -4.92126 -11.69619 -6.102362 10.61352 -5.085302 -11.69619 -4.92126 -16.0105 -5.905512 -14.64895 -4.92126 -16.0105 -4.642388 16.0105 -4.642388 -16.0105 -4.642388 -11.69619 -4.92126 13.56627 -5.085302 16.0105 -4.642388 10.61352 -5.085302 -11.69619 -4.92126 10.61352 -5.085302 16.0105 -4.642388 16.0105 -6.102362 16.0105 -4.642388 13.56627 -5.085302 -14.23575 30.3883 -14.23575 31.74985 -15.22 30.3883 -14.0389 5.12583 -14.0389 27.43554 -15.05596 5.12583 -14.0389 -0.2711521 -14.0389 2.173074 -15.05596 2.173074 -15.22 27.43554 -15.22 30.3883 -15.49887 31.74985 -15.22 27.43554 -15.05596 5.12583 -14.0389 27.43554 -15.49887 31.74985 -15.22 30.3883 -14.23575 31.74985 -15.22 27.43554 -15.49887 31.74985 -15.49887 -0.2711521 -15.05596 5.12583 -15.49887 -0.2711521 -15.05596 2.173074 -15.49887 -0.2711521 -15.05596 5.12583 -15.22 27.43554 -15.05596 2.173074 -15.49887 -0.2711521 -14.0389 -0.2711521 16.0105 45.57187 -16.0105 45.57187 -6.634965 41.4877 -21.38598 22.37431 -25.47014 31.74985 -25.47014 -0.2711527 -9.900324 2.129626 -9.900324 -1.151214 -6.634965 -1.142268 -6.634965 -1.142268 -6.634965 2.138572 -9.900324 2.129626 -16.01062 35.09132 -6.63585 38.72917 -9.901207 38.71987 -18.99899 22.37431 -18.99004 25.63967 -22.27088 25.63967 -22.27088 25.63967 -22.27983 22.37431 -18.99899 22.37431 -18.53391 25.64043 -18.54321 22.37507 -14.90535 31.74984 -9.391393 42.41214 -15.58033 46.38488 -15.58033 35.64012 -15.58033 35.64012 -9.391393 39.1313 -9.391393 42.41214 -16.01038 45.57646 -9.899542 41.48461 -6.634184 41.49382 -15.49887 31.34577 -26.24362 31.34577 -22.27088 25.15683 -22.27088 25.15683 -18.99004 25.15683 -15.49887 31.34577 -21.39186 22.37364 -21.38265 25.639 -25.4745 31.74984 -16.0105 35.10584 16.0105 35.10584 -6.634965 38.74172 -18.55605 22.37431 -14.92018 -0.2711527 -14.92018 31.74985 16.00312 35.64012 16.00312 46.38488 -6.663724 42.42109 -6.663724 42.42109 -6.663724 39.14025 16.00312 35.64012 -22.27983 22.39595 -26.24362 -0.2708958 -15.49887 -0.2708958 -15.49887 -0.2708958 -18.99899 22.39595 -22.27983 22.39595 30.3883 0 31.74985 0 31.74985 0.1640419 31.74985 0.1640419 30.3883 0.1640419 30.3883 0 -17.22 0 -16.23575 0 -16.23575 0.1640419 -16.23575 0.1640419 -17.22 0.1640419 -17.22 0 27.43554 0 30.3883 0 30.3883 0.1640419 30.3883 0.1640419 27.43554 0.1640419 27.43554 0 16.0389 0 17.22 0 17.22 0.1640419 17.22 0.1640419 16.0389 0.1640419 16.0389 0 5.12583 0 27.43554 0 5.12583 0.1640419 27.43554 0.1640419 5.12583 0.1640419 27.43554 0 -17.05596 0 -16.0389 0 -17.05596 0.1640419 -16.0389 0.1640419 -17.05596 0.1640419 -16.0389 0 2.173074 0 5.12583 0 5.12583 0.1640419 5.12583 0.1640419 2.173074 0.1640419 2.173074 0 16.0389 0 17.05596 0 17.05596 0.1640419 17.05596 0.1640419 16.0389 0.1640419 16.0389 0 -0.271152 0 2.173074 0 2.173074 0.1640419 2.173074 0.1640419 -0.271152 0.1640419 -0.271152 0 -17.49887 0 -16.0389 0 -17.49887 0.1640419 -28.24362 0 -17.49887 0 -17.49887 0.1640419 -16.0389 0.1640419 -17.49887 0.1640419 -16.0389 0 -17.49887 0.1640419 -28.24362 0.1640419 -28.24362 0 -31.74984 0 0.271152 0 -31.74984 0.1640419 0.271152 0.1640419 -31.74984 0.1640419 0.271152 0 17.49887 0 28.24362 0 28.24362 0.1640419 16.23575 0 17.49887 0 17.49887 0.1640419 28.24362 0.1640419 17.49887 0.1640419 17.49887 0 17.49887 0.1640419 16.23575 0.1640419 16.23575 0 -16.0105 -5.68094 16.0105 -5.68094 -6.624056 -1.875773 22.04532 22.3634 25.85049 -0.2711519 25.85049 31.74985 13.56627 5.085302 16.0105 6.102362 13.56627 6.102362 16.0105 4.642388 13.56627 5.085302 10.61352 5.085302 13.56627 5.085302 16.0105 4.642388 16.0105 6.102362 16.0105 4.642388 10.61352 5.085302 -11.69619 4.92126 10.61352 6.102362 -11.69619 6.102362 10.61352 5.085302 -14.64895 5.905512 -16.0105 5.905512 -14.64895 4.92126 -11.69619 4.92126 -14.64895 4.92126 -16.0105 4.642388 -16.0105 4.642388 -14.64895 4.92126 -16.0105 5.905512 -11.69619 4.92126 -16.0105 4.642388 16.0105 4.642388 -11.69619 6.102362 -11.69619 4.92126 10.61352 5.085302 -14.0389 -2.173074 -14.0389 0.2711521 -15.05596 -2.173074 -15.05596 -5.12583 -15.05596 -2.173074 -15.49887 0.2711521 -14.0389 0.2711521 -15.49887 0.2711521 -15.05596 -2.173074 -15.22 -27.43554 -15.05596 -5.12583 -15.49887 0.2711521 -15.05596 -5.12583 -14.0389 -27.43554 -14.0389 -5.12583 -15.22 -30.3883 -14.23575 -31.74985 -14.23575 -30.3883 -15.49887 -31.74985 -15.22 -30.3883 -15.22 -27.43554 -14.23575 -31.74985 -15.22 -30.3883 -15.49887 -31.74985 -15.49887 0.2711521 -15.49887 -31.74985 -15.22 -27.43554 -15.05596 -5.12583 -15.22 -27.43554 -14.0389 -27.43554 -15.81184 4.642388 -15.81184 -6.102363 -9.660573 -2.369398 -9.660573 -2.369398 -9.660573 0.9114422 -15.81184 4.642388 -16.01062 -5.676074 -6.624723 -1.869567 -9.894991 -1.885004 -9.894325 0.9114421 -9.894325 -2.369398 -6.624056 -2.354197 -6.624056 -2.354197 -6.624056 0.9266422 -9.894325 0.9114421 22.51066 25.41742 26.24362 31.56869 15.49887 31.56869 15.49887 31.56869 19.22982 25.41742 22.51066 25.41742 22.05487 25.6342 22.03944 22.36394 25.84594 31.74983 -22.49546 -22.3634 -22.51066 -25.63367 -19.22982 -25.63367 -19.22982 -25.63367 -19.21462 -22.3634 -22.49546 -22.3634 -16.01036 4.840578 -9.893651 1.053227 -6.623383 1.068657 19.0444 22.36286 19.05983 25.63313 15.27247 31.74984 -6.638432 -2.354197 16.00563 -6.102362 16.00563 4.642388 16.00563 4.642388 -6.638432 0.9266422 -6.638432 -2.354197 15.49887 -0.2710381 26.24362 -0.2710381 22.49546 22.37303 22.49546 22.37303 19.21462 22.37303 15.49887 -0.2710381 -16.0105 4.850014 -6.624056 1.076776 16.0105 4.850015 15.26272 -0.2711511 19.03596 22.3634 15.26272 31.74985 -31.74985 0 -30.3883 0 -30.3883 0.1640419 -30.3883 0.1640419 -31.74985 0.1640419 -31.74985 0 16.23575 0 17.22 0 17.22 0.1640419 17.22 0.1640419 16.23575 0.1640419 16.23575 0 -30.3883 0 -27.43554 0 -27.43554 0.1640419 -27.43554 0.1640419 -30.3883 0.1640419 -30.3883 0 -17.22 0 -16.0389 0 -16.0389 0.1640419 -16.0389 0.1640419 -17.22 0.1640419 -17.22 0 -27.43554 0 -5.12583 0 -27.43554 0.1640419 -5.12583 0.1640419 -27.43554 0.1640419 -5.12583 0 16.0389 0 17.05596 0 16.0389 0.1640419 17.05596 0.1640419 16.0389 0.1640419 17.05596 0 -5.12583 0 -2.173074 0 -2.173074 0.1640419 -2.173074 0.1640419 -5.12583 0.1640419 -5.12583 0 -17.05596 0 -16.0389 0 -16.0389 0.1640419 -16.0389 0.1640419 -17.05596 0.1640419 -17.05596 0 -2.173074 0 0.271152 0 0.271152 0.1640419 0.271152 0.1640419 -2.173074 0.1640419 -2.173074 0 17.49887 0 28.24362 0 28.24362 0.1640419 16.0389 0 17.49887 0 17.49887 0.1640419 28.24362 0.1640419 17.49887 0.1640419 17.49887 0 17.49887 0.1640419 16.0389 0.1640419 16.0389 0 -0.2711507 0 31.74985 0 31.74985 0.1640419 31.74985 0.1640419 -0.2711507 0.1640419 -0.2711507 0 -17.49887 0 -16.23575 0 -17.49887 0.1640419 -28.24362 0 -17.49887 0 -17.49887 0.1640419 -16.23575 0.1640419 -17.49887 0.1640419 -16.23575 0 -17.49887 0.1640419 -28.24362 0.1640419 -28.24362 0 -14.64895 -4.92126 -16.0105 -5.905512 -14.64895 -5.905512 10.61352 -5.085302 -11.69619 -6.102362 10.61352 -6.102362 13.56627 -5.085302 13.56627 -6.102362 16.0105 -6.102362 -16.0105 -4.642388 -14.64895 -4.92126 -11.69619 -4.92126 -11.69619 -6.102362 10.61352 -5.085302 -11.69619 -4.92126 -16.0105 -5.905512 -14.64895 -4.92126 -16.0105 -4.642388 16.0105 -4.642388 -16.0105 -4.642388 -11.69619 -4.92126 13.56627 -5.085302 16.0105 -4.642388 10.61352 -5.085302 -11.69619 -4.92126 10.61352 -5.085302 16.0105 -4.642388 16.0105 -6.102362 16.0105 -4.642388 13.56627 -5.085302 -14.23575 30.3883 -14.23575 31.74985 -15.22 30.3883 -14.0389 5.12583 -14.0389 27.43554 -15.05596 5.12583 -14.0389 -0.2711521 -14.0389 2.173074 -15.05596 2.173074 -15.22 27.43554 -15.22 30.3883 -15.49887 31.74985 -15.22 27.43554 -15.05596 5.12583 -14.0389 27.43554 -15.49887 31.74985 -15.22 30.3883 -14.23575 31.74985 -15.22 27.43554 -15.49887 31.74985 -15.49887 -0.2711521 -15.05596 5.12583 -15.49887 -0.2711521 -15.05596 2.173074 -15.49887 -0.2711521 -15.05596 5.12583 -15.22 27.43554 -15.05596 2.173074 -15.49887 -0.2711521 -14.0389 -0.2711521 16.0105 46.27697 -16.0105 46.27697 -6.629714 42.3978 -22.27041 22.36906 -26.14959 31.74985 -26.14959 -0.2711524 -9.851793 42.51146 -15.95579 46.38488 -15.95579 35.64012 -15.95579 35.64012 -9.851793 39.23062 -9.851793 42.51146 -15.49887 31.70395 -26.24362 31.70395 -22.37021 25.59996 -22.37021 25.59996 -19.08937 25.59996 -15.49887 31.70395 -9.915328 2.228948 -9.915329 -1.051892 -6.629714 -1.043759 -6.629714 -1.043759 -6.629714 2.237081 -9.915328 2.228948 -16.01054 35.58961 -6.629825 39.20336 -9.91544 39.1952 -19.0975 22.36906 -19.08937 25.65468 -22.37021 25.65468 -22.37021 25.65468 -22.37834 22.36906 -19.0975 22.36906 -19.03895 25.65475 -19.04712 22.36914 -15.43337 31.74985 -16.01046 46.27761 -9.915225 42.39044 -6.629611 42.3986 -22.27113 22.36899 -22.26297 25.65461 -26.15015 31.74985 -16.0105 35.59101 16.0105 35.59101 -6.629714 39.20456 -19.04841 22.36906 -15.43486 -0.2711524 -15.43486 31.74985 16.00809 35.64013 16.00809 46.38488 -6.634496 42.51959 -6.634496 42.51959 -6.634497 39.23876 16.00809 35.64013 -22.37834 22.37147 -26.24362 -0.2711238 -15.49887 -0.2711234 -15.49887 -0.2711234 -19.0975 22.37147 -22.37834 22.37147 -6.767215 0 -0.271152 0 -0.271152 0.1640419 -0.271152 0.1640419 -6.767215 0.1640419 -6.767215 0 22.15008 0 36.06084 0 36.06084 0.1640419 36.06084 0.1640419 22.15008 0.1640419 22.15008 0 -39.41157 0 -6.767215 0 -6.767215 0.1640419 -6.767215 0.1640419 -39.41157 0.1640419 -39.41157 0 -2.456218 0 22.15008 0 22.15008 0.1640419 22.15008 0.1640419 -2.456218 0.1640419 -2.456218 0 36.29477 0 39.41157 0 39.41157 0.1640419 39.41157 0.1640419 36.29477 0.1640419 36.29477 0 33.91616 0 35.80265 0 35.80265 0.1640419 35.80265 0.1640419 33.91616 0.1640419 33.91616 0 -14.93223 0 -6.730133 0 -6.730133 0.1640419 -6.730133 0.1640419 -14.93223 0.1640419 -14.93223 0 14.72325 0 33.91616 0 33.91616 0.1640419 33.91616 0.1640419 14.72325 0.1640419 14.72325 0 6.767215 0 36.29477 0 6.767215 0.1640419 36.29477 0.1640419 6.767215 0.1640419 36.29477 0 -42.48246 0 -2.456218 0 -2.456218 0.1640419 -2.456218 0.1640419 -42.48246 0.1640419 -42.48246 0 0.2711522 0 6.767215 0 6.767215 0.1640419 6.767215 0.1640419 0.2711522 0.1640419 0.2711522 0 -36.06084 0 42.48246 0 42.48246 0.1640419 42.48246 0.1640419 -36.06084 0.1640419 -36.06084 0 -42.5689 19.86549 -42.5689 13.36942 -2.542651 13.36942 -42.5689 19.86549 -2.542651 13.36942 35.97441 19.86549 5.987533 5.413386 14.18963 10.66273 -2.542651 13.36942 22.06365 13.36942 -2.542651 13.36942 14.18963 10.66273 35.97441 13.36942 35.97441 19.86549 22.06365 13.36942 22.06365 13.36942 14.8458 10.66273 14.8458 5.413386 22.06365 13.36942 35.97441 19.86549 -2.542651 13.36942 14.8458 5.413386 22.06365 -19.27493 22.06365 13.36942 14.18963 10.66273 14.8458 10.66273 22.06365 13.36942 5.987533 -15.66601 5.987533 5.413386 -2.542651 -16.15814 -2.542651 -16.15814 -2.542651 -19.27493 5.987533 -15.66601 5.987533 5.413386 -2.542651 13.36942 -2.542651 -16.15814 5.987533 -15.66601 -2.542651 -19.27493 6.643701 -15.66601 14.8458 -13.77953 6.643701 -15.66601 22.06365 -19.27493 6.643701 -15.66601 14.8458 -13.77953 6.643701 -13.77953 22.06365 -19.27493 6.643701 -15.66601 -2.542651 -19.27493 22.06365 -19.27493 14.8458 5.413386 14.8458 -13.77953 5.987533 5.413386 14.18963 5.413386 14.18963 10.66273 -0.4562184 6.767215 -40.48247 6.767215 -40.48247 0.2711521 38.06084 0.2711521 -0.4562184 6.767215 -40.48247 0.2711521 -0.4562184 6.767215 16.27606 9.473908 8.073966 14.72325 16.27606 9.473908 -0.4562184 6.767215 24.15008 6.767215 24.15008 6.767215 38.06084 0.2711521 38.06084 6.767215 16.93223 14.72325 16.93223 9.473908 24.15008 6.767215 -0.4562184 6.767215 38.06084 0.2711521 24.15008 6.767215 24.15008 6.767215 24.15008 39.41157 16.93223 14.72325 24.15008 6.767215 16.93223 9.473908 16.27606 9.473908 -0.4562184 36.29477 8.073966 14.72325 8.073966 35.80265 8.073966 35.80265 -0.4562184 39.41157 -0.4562184 36.29477 -0.4562184 36.29477 -0.4562184 6.767215 8.073966 14.72325 8.730134 35.80265 -0.4562184 39.41157 8.073966 35.80265 24.15008 39.41157 8.730134 35.80265 16.93223 33.91616 8.730134 33.91616 16.93223 33.91616 8.730134 35.80265 -0.4562184 39.41157 8.730134 35.80265 24.15008 39.41157 16.93223 33.91616 16.93223 14.72325 24.15008 39.41157 16.27606 9.473908 16.27606 14.72325 8.073966 14.72325 9.473908 0 14.72325 0 14.72325 0.1640419 14.72325 0.1640419 9.473908 0.1640419 9.473908 0 14.27606 0 14.93223 0 14.93223 0.1640419 14.93223 0.1640419 14.27606 0.1640419 14.27606 0 -14.72325 0 -9.473908 0 -9.473908 0.1640419 -9.473908 0.1640419 -14.72325 0.1640419 -14.72325 0 6.073965 0 14.27606 0 14.27606 0.1640419 14.27606 0.1640419 6.073965 0.1640419 6.073965 0 -35.80265 0 -14.72325 0 -14.72325 0.1640419 -14.72325 0.1640419 -35.80265 0.1640419 -35.80265 0 -6.730133 0 -6.073965 0 -6.073965 0.1640419 -6.073965 0.1640419 -6.730133 0.1640419 -6.730133 0 0.2952756 12.13911 0.2952756 0 9.711287 0 9.711287 0 9.711287 12.13911 0.2952756 12.13911 -9.711287 12.13911 -9.711287 0 -0.2952756 12.13911 -0.2952756 0 -0.2952756 12.13911 -9.711287 0 0 9.711287 0 0.2952756 0.5905512 9.711287 0.5905512 0.2952756 0.5905512 9.711287 0 0.2952756 0 12.13911 0 0 0.5905512 0 0.5905512 0 0.5905512 12.13911 0 12.13911 0 9.416011 0 0 0.5905512 9.416011 0.5905512 0 0.5905512 9.416011 0 0 0 12.13911 0 0 1.312336 0 1.312336 0 1.312336 12.13911 0 12.13911 -1.312336 0 -0.9514436 0 -1.312336 12.13911 -0.9514436 12.13911 -1.312336 12.13911 -0.9514436 0 -0.9514436 0 -0.3608924 0 -0.9514436 12.13911 -0.3608924 0 0 0 0 12.13911 0 12.13911 -0.3608924 12.13911 -0.3608924 0 -0.3608924 0 -0.3608924 12.13911 -0.9514436 12.13911 0 1.312336 0 0 0.5905512 0.3608924 0.5905512 0.3608924 0 0 0.5905512 0 0 1.312336 0.5905512 0.3608924 0.5905512 0.9514436 0.5905512 0.9514436 0.5905512 1.312336 0 1.312336 0 12.13911 0 0 0.5905512 0 0.5905512 0 0.5905512 12.13911 0 12.13911 0 1.312336 0 0 0.5905512 0.3608924 0.5905512 0.3608924 0 0 0.5905512 0 0 1.312336 0.5905512 0.3608924 0.5905512 0.9514436 0.5905512 0.9514436 0.5905512 1.312336 0 1.312336 0 12.13911 0 0 0.5905512 0 0.5905512 0 0.5905512 12.13911 0 12.13911 0 12.13911 0 0 17.71654 0 17.71654 0 17.71654 12.13911 0 12.13911 -17.71654 0 -9.153544 0 -17.71654 12.13911 -9.153544 12.13911 -17.71654 12.13911 -9.153544 0 -9.153544 0 -8.562993 0 -9.153544 12.13911 -8.562993 0 0 0 0 12.13911 0 12.13911 -8.562993 12.13911 -8.562993 0 -8.562993 0 -8.562993 12.13911 -9.153544 12.13911 0 17.71654 0 0 0.5905512 8.562993 0.5905512 8.562993 0 0 0.5905512 0 0 17.71654 0.5905512 8.562993 0.5905512 9.153544 0.5905512 9.153544 0.5905512 17.71654 0 17.71654 0 12.13911 0 0 0.5905512 0 0.5905512 0 0.5905512 12.13911 0 12.13911 0 17.71654 0 0 0.5905512 8.562993 0.5905512 8.562993 0 0 0.5905512 0 0 17.71654 0.5905512 8.562993 0.5905512 9.153544 0.5905512 9.153544 0.5905512 17.71654 0 17.71654 0 12.13911 0 0 0.5905512 0 0.5905512 0 0.5905512 12.13911 0 12.13911 0 12.13911 0 0 1.312336 0 1.312336 0 1.312336 12.13911 0 12.13911 -1.312336 0 -0.9514436 0 -1.312336 12.13911 -0.9514436 12.13911 -1.312336 12.13911 -0.9514436 0 -0.9514436 0 -0.3608924 12.13911 -0.9514436 12.13911 -0.3608924 0 0 0 0 12.13911 0 12.13911 -0.3608924 12.13911 -0.3608924 0 -0.3608924 0 -0.3608924 12.13911 -0.9514436 0 0 1.312336 0 0 0.5905512 0.3608924 0.5905512 0.3608924 0 0 0.5905512 0 0 1.312336 0.5905512 0.3608924 0.5905512 0.9514436 0.5905512 0.9514436 0.5905512 1.312336 0 1.312336 0 12.13911 0 0 0.5905512 0 0.5905512 0 0.5905512 12.13911 0 12.13911 0 1.312336 0 0 0.5905512 0.3608924 0.5905512 0.3608924 0 0 0.5905512 0 0 1.312336 0.5905512 0.3608924 0.5905512 0.9514436 0.5905512 0.9514436 0.5905512 1.312336 0 1.312336 0 12.13911 0 0 0.5905512 0 0.5905512 0 0.5905512 12.13911 0 12.13911 0 12.13911 0 0 17.71654 0 17.71654 0 17.71654 12.13911 0 12.13911 -17.71654 0 -9.153544 0 -17.71654 12.13911 -9.153544 12.13911 -17.71654 12.13911 -9.153544 0 -9.153544 0 -8.562993 0 -9.153544 12.13911 -8.562993 0 0 0 0 12.13911 0 12.13911 -8.562993 12.13911 -8.562993 0 -8.562993 0 -8.562993 12.13911 -9.153544 12.13911 0 17.71654 0 0 0.5905512 8.562993 0.5905512 8.562993 0 0 0.5905512 0 0 17.71654 0.5905512 8.562993 0.5905512 9.153544 0.5905512 9.153544 0.5905512 17.71654 0 17.71654 0 12.13911 0 0 0.5905512 12.13911 0.5905512 0 0.5905512 12.13911 0 0 0 17.71654 0 0 0.5905512 8.562993 0.5905512 8.562993 0 0 0.5905512 0 0 17.71654 0.5905512 8.562993 0.5905512 9.153544 0.5905512 9.153544 0.5905512 17.71654 0 17.71654 0 12.13911 0 0 0.5905512 12.13911 0.5905512 0 0.5905512 12.13911 0 0 0 12.13911 0 0 1.312336 0 1.312336 0 1.312336 12.13911 0 12.13911 -1.312336 0 -0.9514436 0 -1.312336 12.13911 -0.9514436 12.13911 -1.312336 12.13911 -0.9514436 0 -0.9514436 0 -0.3608924 0 -0.9514436 12.13911 -0.3608924 0 0 0 0 12.13911 0 12.13911 -0.3608924 12.13911 -0.3608924 0 -0.3608924 0 -0.3608924 12.13911 -0.9514436 12.13911 0 1.312336 0 0 0.5905512 0.3608924 0.5905512 0.3608924 0 0 0.5905512 0 0 1.312336 0.5905512 0.3608924 0.5905512 0.9514436 0.5905512 0.9514436 0.5905512 1.312336 0 1.312336 0 12.13911 0 0 0.5905512 12.13911 0.5905512 0 0.5905512 12.13911 0 0 0 1.312336 0 0 0.5905512 0.3608924 0.5905512 0.3608924 0 0 0.5905512 0 0 1.312336 0.5905512 0.3608924 0.5905512 0.9514436 0.5905512 0.9514436 0.5905512 1.312336 0 1.312336 0 12.13911 0 0 0.5905512 12.13911 0.5905512 0 0.5905512 12.13911 0 0 0 12.13911 0 0 9.350394 0 9.350394 0 9.350394 12.13911 0 12.13911 -9.350394 12.13911 -9.350394 0 0 0 0 0 0 12.13911 -9.350394 12.13911 0 9.350394 0 0 0.5905512 0 0.5905512 0 0.5905512 9.350394 0 9.350394 0 9.678478 0 0.328084 0.5905512 0.328084 0.5905512 0.328084 0.5905512 9.678478 0 9.678478 0 12.13911 0 0 0.5905512 0 0.5905512 0 0.5905512 12.13911 0 12.13911 -10.28487 12.13911 -10.87542 0 -10.87542 12.13911 -10.87542 0 -10.28487 12.13911 -10.28487 0</float_array>
          <technique_common>
            <accessor source="#기본_벽__W1__434114__Geometry-mesh-map-0-array" count="5400" stride="2">
              <param name="S" type="float"/>
              <param name="T" type="float"/>
            </accessor>
          </technique_common>
        </source>
        <vertices id="기본_벽__W1__434114__Geometry-mesh-vertices">
          <input semantic="POSITION" source="#기본_벽__W1__434114__Geometry-mesh-positions"/>
        </vertices>
        <triangles count="1800">
          <input semantic="VERTEX" source="#기본_벽__W1__434114__Geometry-mesh-vertices" offset="0"/>
          <input semantic="NORMAL" source="#기본_벽__W1__434114__Geometry-mesh-normals" offset="1"/>
          <input semantic="TEXCOORD" source="#기본_벽__W1__434114__Geometry-mesh-map-0" offset="2" set="0"/>
          <p>3 0 0 0 0 1 1 0 2 1 0 3 2 0 4 3 0 5 6 1 6 7 1 7 5 1 8 4 1 9 5 1 10 7 1 11 1 2 12 0 2 13 4 2 14 4 2 15 7 2 16 1 2 17 2 3 18 1 3 19 7 3 20 7 3 21 6 3 22 2 3 23 3 4 24 2 4 25 5 4 26 6 4 27 5 4 28 2 4 29 0 5 30 3 5 31 5 5 32 5 5 33 4 5 34 0 5 35 11 5 36 8 5 37 16 5 38 11 5 39 16 5 40 10 5 41 10 5 42 19 5 43 9 5 44 19 5 45 10 5 46 16 5 47 15 3 48 12 3 49 14 3 50 13 3 51 14 3 52 12 3 53 16 2 54 13 2 55 12 2 56 13 2 57 16 2 58 8 2 59 16 2 60 12 2 61 19 2 62 10 4 63 15 4 64 14 4 65 15 4 66 10 4 67 9 4 68 10 4 69 14 4 70 11 4 71 8 1 72 11 1 73 14 1 74 14 1 75 13 1 76 8 1 77 9 0 78 19 0 79 12 0 80 12 0 81 15 0 82 9 0 83 10 1 84 16 1 85 17 1 86 17 1 87 18 1 88 10 1 89 21 0 90 22 0 91 699 0 92 25 0 93 20 0 94 26 0 95 21 0 96 19 0 97 20 0 98 19 0 99 9 0 100 20 0 101 26 0 102 20 0 103 9 0 104 21 0 105 699 0 106 19 0 107 17 2 108 16 2 109 699 2 110 19 2 111 699 2 112 16 2 113 699 2 114 22 2 115 17 2 116 10 6 117 18 7 118 26 8 119 25 4 120 26 8 121 18 7 122 26 8 123 9 4 124 10 6 125 18 5 126 17 5 127 20 5 128 20 5 129 17 5 130 21 5 131 18 5 132 20 5 133 25 5 134 22 5 135 21 5 136 17 5 137 25 5 138 22 5 139 23 5 140 23 5 141 24 5 142 25 5 143 31 3 144 28 3 145 27 3 146 27 3 147 28 3 148 697 3 149 697 3 150 699 3 151 26 3 152 697 3 153 26 3 154 27 3 155 23 2 156 22 2 157 697 2 158 699 2 159 697 2 160 22 2 161 697 2 162 28 2 163 23 2 164 25 4 165 24 4 166 27 4 167 31 4 168 27 4 169 24 4 170 27 4 171 26 4 172 25 4 173 699 1 174 22 1 175 25 1 176 25 1 177 26 1 178 699 1 179 24 0 180 23 0 181 28 0 182 28 0 183 31 0 184 24 0 185 31 0 186 28 0 187 29 0 188 31 0 189 29 0 190 36 0 191 36 0 192 37 0 193 30 0 194 37 0 195 36 0 196 29 0 197 32 1 198 33 1 199 697 1 200 697 1 201 27 1 202 32 1 203 29 9 204 697 10 205 33 11 206 697 10 207 29 9 208 28 2 209 29 9 210 33 11 211 37 2 212 36 12 213 32 13 214 27 14 215 32 13 216 36 12 217 30 4 218 36 12 219 27 14 220 31 4 221 697 5 222 28 5 223 31 5 224 31 5 225 27 5 226 697 5 227 30 3 228 37 3 229 33 3 230 33 3 231 32 3 232 30 3 233 36 5 234 29 5 235 35 5 236 34 5 237 35 5 238 29 5 239 38 3 240 39 3 241 30 3 242 37 3 243 30 3 244 39 3 245 34 2 246 29 2 247 39 2 248 37 2 249 39 2 250 29 2 251 36 4 252 35 4 253 38 4 254 38 4 255 30 4 256 36 4 257 34 0 258 39 0 259 38 0 260 38 0 261 35 0 262 34 0 263 43 0 264 40 0 265 41 0 266 41 0 267 42 0 268 43 0 269 45 1 270 46 1 271 778 1 272 778 1 273 44 1 274 45 1 275 41 2 276 40 2 277 778 2 278 778 2 279 46 2 280 41 2 281 42 3 282 41 3 283 46 3 284 46 3 285 45 3 286 42 3 287 43 4 288 42 4 289 45 4 290 45 4 291 44 4 292 43 4 293 40 5 294 43 5 295 44 5 296 44 5 297 778 5 298 40 5 299 50 0 300 47 0 301 49 0 302 48 0 303 49 0 304 47 0 305 53 1 306 54 1 307 51 1 308 51 1 309 52 1 310 53 1 311 48 2 312 47 2 313 51 2 314 51 2 315 54 2 316 48 2 317 49 3 318 48 3 319 54 3 320 54 3 321 53 3 322 49 3 323 50 4 324 49 4 325 52 4 326 53 4 327 52 4 328 49 4 329 47 5 330 50 5 331 52 5 332 52 5 333 51 5 334 47 5 335 72 5 336 76 5 337 60 5 338 56 5 339 60 5 340 76 5 341 61 3 342 721 3 343 55 3 344 55 3 345 71 3 346 61 3 347 56 2 348 76 2 349 55 2 350 55 2 351 721 2 352 56 2 353 72 4 354 60 4 355 61 4 356 61 4 357 71 4 358 72 4 359 56 0 360 721 0 361 61 0 362 61 0 363 60 0 364 56 0 365 55 1 366 76 1 367 72 1 368 72 1 369 71 1 370 55 1 371 720 1 372 721 1 373 61 1 374 720 1 375 61 1 376 62 1 377 61 1 378 721 1 379 60 1 380 721 1 381 56 1 382 60 1 383 66 1 384 57 1 385 59 1 386 66 1 387 59 1 388 56 1 389 59 1 390 57 1 391 58 1 392 56 1 393 59 1 394 60 1 395 65 0 396 707 0 397 64 0 398 63 0 399 64 0 400 707 0 401 57 2 402 66 15 403 707 16 404 721 17 405 63 18 406 56 19 407 63 18 408 721 17 409 720 2 410 56 19 411 707 16 412 66 15 413 707 16 414 56 19 415 63 18 416 59 4 417 58 4 418 65 4 419 60 20 420 65 4 421 64 21 422 65 4 423 60 20 424 59 4 425 61 22 426 64 21 427 62 4 428 64 21 429 61 22 430 60 20 431 720 3 432 62 3 433 64 3 434 64 3 435 63 3 436 720 3 437 58 5 438 57 5 439 707 5 440 707 5 441 65 5 442 58 5 443 59 3 444 66 3 445 75 3 446 75 3 447 73 3 448 59 3 449 67 5 450 705 5 451 58 5 452 57 5 453 58 5 454 705 5 455 75 2 456 66 2 457 705 2 458 57 2 459 705 2 460 66 2 461 59 4 462 73 4 463 67 4 464 67 4 465 58 4 466 59 4 467 75 1 468 705 1 469 67 1 470 67 1 471 73 1 472 75 1 473 70 1 474 722 1 475 68 1 476 68 1 477 69 1 478 70 1 479 702 0 480 705 0 481 67 0 482 702 0 483 67 0 484 74 0 485 67 0 486 705 0 487 73 0 488 705 0 489 75 0 490 73 0 491 76 0 492 72 0 493 75 0 494 75 0 495 72 0 496 73 0 497 68 2 498 722 23 499 75 24 500 75 24 501 722 23 502 76 25 503 68 2 504 75 24 505 705 2 506 55 2 507 76 25 508 722 23 509 705 2 510 702 2 511 68 2 512 69 5 513 68 5 514 702 5 515 702 5 516 74 5 517 69 5 518 70 26 519 69 27 520 73 28 521 73 28 522 69 27 523 67 4 524 70 26 525 73 28 526 72 4 527 74 4 528 67 4 529 69 27 530 72 4 531 71 4 532 70 26 533 71 3 534 55 3 535 722 3 536 722 3 537 70 3 538 71 3 539 79 1 540 77 1 541 522 1 542 522 1 543 78 1 544 79 1 545 82 0 546 737 0 547 81 0 548 80 0 549 81 0 550 737 0 551 522 2 552 77 2 553 80 2 554 80 2 555 737 2 556 522 2 557 79 4 558 78 4 559 82 4 560 82 4 561 81 4 562 79 4 563 77 3 564 79 3 565 80 3 566 81 3 567 80 3 568 79 3 569 78 5 570 737 5 571 82 5 572 737 5 573 78 5 574 522 5 575 83 1 576 618 1 577 754 1 578 758 1 579 754 1 580 618 1 581 85 0 582 757 0 583 84 0 584 652 0 585 84 0 586 757 0 587 758 2 588 618 2 589 652 2 590 652 2 591 757 2 592 758 2 593 83 4 594 754 4 595 85 4 596 85 4 597 84 4 598 83 4 599 618 3 600 83 3 601 84 3 602 84 3 603 652 3 604 618 3 605 758 5 606 757 5 607 85 5 608 85 5 609 754 5 610 758 5 611 87 1 612 327 1 613 86 1 614 776 1 615 86 1 616 327 1 617 89 0 618 90 0 619 328 0 620 328 0 621 88 0 622 89 0 623 776 2 624 327 2 625 328 2 626 328 2 627 90 2 628 776 2 629 87 4 630 86 4 631 89 4 632 89 4 633 88 4 634 87 4 635 88 3 636 327 3 637 87 3 638 327 3 639 88 3 640 328 3 641 86 5 642 90 5 643 89 5 644 90 5 645 86 5 646 776 5 647 93 1 648 379 1 649 91 1 650 91 1 651 92 1 652 93 1 653 726 0 654 95 0 655 725 0 656 725 0 657 95 0 658 96 0 659 725 0 660 380 0 661 94 0 662 725 0 663 94 0 664 726 0 665 91 2 666 379 2 667 725 2 668 380 2 669 725 2 670 379 2 671 725 2 672 96 2 673 91 2 674 93 29 675 92 30 676 726 31 677 95 4 678 726 31 679 92 30 680 726 31 681 94 4 682 93 29 683 94 3 684 379 3 685 93 3 686 379 3 687 94 3 688 380 3 689 92 5 690 91 5 691 95 5 692 96 5 693 95 5 694 91 5 695 98 1 696 576 1 697 578 1 698 578 1 699 97 1 700 98 1 701 100 0 702 607 0 703 605 0 704 605 0 705 99 0 706 100 0 707 578 2 708 576 2 709 605 2 710 605 2 711 607 2 712 578 2 713 97 5 714 578 5 715 100 5 716 607 5 717 100 5 718 578 5 719 98 4 720 97 4 721 100 4 722 100 4 723 99 4 724 98 4 725 576 3 726 98 3 727 605 3 728 99 3 729 605 3 730 98 3 731 103 1 732 101 1 733 747 1 734 747 1 735 102 1 736 103 1 737 105 0 738 746 0 739 612 0 740 612 0 741 104 0 742 105 0 743 747 2 744 101 2 745 612 2 746 612 2 747 746 2 748 747 2 749 103 4 750 102 4 751 104 4 752 105 4 753 104 4 754 102 4 755 101 3 756 103 3 757 612 3 758 104 3 759 612 3 760 103 3 761 102 5 762 746 5 763 105 5 764 746 5 765 102 5 766 747 5 767 107 1 768 639 1 769 641 1 770 641 1 771 106 1 772 107 1 773 110 0 774 670 0 775 108 0 776 108 0 777 109 0 778 110 0 779 641 2 780 639 2 781 108 2 782 108 2 783 670 2 784 641 2 785 106 5 786 641 5 787 110 5 788 670 5 789 110 5 790 641 5 791 107 4 792 106 4 793 110 4 794 110 4 795 109 4 796 107 4 797 639 3 798 107 3 799 108 3 800 109 3 801 108 3 802 107 3 803 114 1 804 111 1 805 113 1 806 112 1 807 113 1 808 111 1 809 765 0 810 117 0 811 115 0 812 115 0 813 116 0 814 765 0 815 112 2 816 111 2 817 115 2 818 115 2 819 117 2 820 112 2 821 114 4 822 113 4 823 116 4 824 765 4 825 116 4 826 113 4 827 111 3 828 114 3 829 115 3 830 116 3 831 115 3 832 114 3 833 113 5 834 117 5 835 765 5 836 117 5 837 113 5 838 112 5 839 121 1 840 118 1 841 119 1 842 119 1 843 120 1 844 121 1 845 124 0 846 532 0 847 122 0 848 122 0 849 123 0 850 124 0 851 119 2 852 118 2 853 122 2 854 122 2 855 532 2 856 119 2 857 120 5 858 119 5 859 124 5 860 532 5 861 124 5 862 119 5 863 121 4 864 120 4 865 124 4 866 124 4 867 123 4 868 121 4 869 118 3 870 121 3 871 122 3 872 123 3 873 122 3 874 121 3 875 125 5 876 126 5 877 129 5 878 160 5 879 129 5 880 126 5 881 126 5 882 127 5 883 160 5 884 127 5 885 137 5 886 128 5 887 128 5 888 136 5 889 127 5 890 127 5 891 136 5 892 160 5 893 132 3 894 133 3 895 130 3 896 130 3 897 131 3 898 132 3 899 137 2 900 127 2 901 133 2 902 126 2 903 130 2 904 133 2 905 130 2 906 126 2 907 125 2 908 126 2 909 133 2 910 127 2 911 129 4 912 160 4 913 131 4 914 136 4 915 132 4 916 131 4 917 132 4 918 136 4 919 128 4 920 136 4 921 131 4 922 160 4 923 128 0 924 137 0 925 133 0 926 133 0 927 132 0 928 128 0 929 131 1 930 130 1 931 125 1 932 125 1 933 129 1 934 131 1 935 136 1 936 127 1 937 135 1 938 134 1 939 135 1 940 127 1 941 142 0 942 139 0 943 138 0 944 138 0 945 137 0 946 128 0 947 138 0 948 128 0 949 142 0 950 134 2 951 127 2 952 138 2 953 137 2 954 138 2 955 127 2 956 138 2 957 139 2 958 134 2 959 136 4 960 135 4 961 142 4 962 142 4 963 128 4 964 136 4 965 137 3 966 127 3 967 136 3 968 136 3 969 128 3 970 137 3 971 135 5 972 134 5 973 139 5 974 139 5 975 142 5 976 135 5 977 142 32 978 139 5 979 146 33 980 141 5 981 142 32 982 148 34 983 149 35 984 140 36 985 142 32 986 148 34 987 142 32 988 140 36 989 142 32 990 146 33 991 149 35 992 144 3 993 145 3 994 138 3 995 138 3 996 143 3 997 144 3 998 146 2 999 138 2 1000 145 2 1001 138 2 1002 146 2 1003 139 2 1004 146 2 1005 145 2 1006 149 2 1007 148 4 1008 144 4 1009 143 4 1010 144 4 1011 148 4 1012 140 4 1013 148 4 1014 143 4 1015 141 4 1016 143 1 1017 138 1 1018 142 1 1019 141 1 1020 143 1 1021 142 1 1022 140 0 1023 149 0 1024 145 0 1025 145 0 1026 144 0 1027 140 0 1028 156 1 1029 148 1 1030 146 1 1031 156 1 1032 146 1 1033 152 1 1034 155 1 1035 156 1 1036 152 1 1037 156 1 1038 147 1 1039 148 1 1040 150 0 1041 151 0 1042 149 0 1043 149 0 1044 140 0 1045 150 0 1046 152 2 1047 149 2 1048 151 2 1049 149 2 1050 152 2 1051 146 2 1052 152 2 1053 151 2 1054 155 2 1055 148 4 1056 147 4 1057 150 4 1058 150 4 1059 140 4 1060 148 4 1061 149 3 1062 146 3 1063 148 3 1064 148 3 1065 140 3 1066 149 3 1067 156 5 1068 151 5 1069 150 5 1070 151 5 1071 156 5 1072 155 5 1073 156 5 1074 150 5 1075 147 5 1076 154 3 1077 152 3 1078 159 3 1079 154 3 1080 159 3 1081 161 3 1082 159 3 1083 162 3 1084 161 3 1085 162 3 1086 159 3 1087 153 3 1088 157 5 1089 158 5 1090 155 5 1091 155 5 1092 156 5 1093 157 5 1094 159 2 1095 155 2 1096 158 2 1097 155 2 1098 159 2 1099 152 2 1100 159 2 1101 158 2 1102 153 2 1103 161 4 1104 157 4 1105 156 4 1106 157 4 1107 161 4 1108 162 4 1109 161 4 1110 156 4 1111 154 4 1112 155 0 1113 152 0 1114 154 0 1115 154 0 1116 156 0 1117 155 0 1118 162 1 1119 153 1 1120 158 1 1121 158 1 1122 157 1 1123 162 1 1124 161 0 1125 159 0 1126 126 0 1127 126 0 1128 160 0 1129 161 0 1130 129 1 1131 125 1 1132 153 1 1133 153 1 1134 162 1 1135 129 1 1136 126 2 1137 159 2 1138 153 2 1139 153 2 1140 125 2 1141 126 2 1142 161 4 1143 160 4 1144 129 4 1145 129 4 1146 162 4 1147 161 4 1148 153 5 1149 159 5 1150 161 5 1151 161 5 1152 162 5 1153 153 5 1154 163 5 1155 183 5 1156 186 5 1157 165 5 1158 186 5 1159 183 5 1160 183 5 1161 172 5 1162 165 5 1163 170 5 1164 173 5 1165 164 5 1166 164 5 1167 172 5 1168 170 5 1169 170 5 1170 172 5 1171 183 5 1172 168 3 1173 169 3 1174 166 3 1175 166 3 1176 167 3 1177 168 3 1178 173 2 1179 170 2 1180 169 2 1181 183 2 1182 166 2 1183 169 2 1184 166 2 1185 183 2 1186 163 2 1187 183 2 1188 169 2 1189 170 2 1190 186 4 1191 165 4 1192 167 4 1193 172 4 1194 168 4 1195 167 4 1196 168 4 1197 172 4 1198 164 4 1199 172 4 1200 167 4 1201 165 4 1202 164 0 1203 173 0 1204 169 0 1205 169 0 1206 168 0 1207 164 0 1208 167 1 1209 166 1 1210 163 1 1211 163 1 1212 186 1 1213 167 1 1214 172 1 1215 170 1 1216 176 1 1217 172 1 1218 176 1 1219 178 1 1220 176 1 1221 179 1 1222 178 1 1223 179 1 1224 176 1 1225 171 1 1226 174 0 1227 175 0 1228 173 0 1229 173 0 1230 164 0 1231 174 0 1232 176 37 1233 173 38 1234 175 39 1235 173 38 1236 176 37 1237 170 2 1238 176 37 1239 175 39 1240 171 2 1241 178 4 1242 174 4 1243 164 4 1244 174 4 1245 178 4 1246 179 4 1247 178 4 1248 164 4 1249 172 4 1250 173 3 1251 170 3 1252 172 3 1253 172 3 1254 164 3 1255 173 3 1256 179 5 1257 171 5 1258 175 5 1259 175 5 1260 174 5 1261 179 5 1262 178 3 1263 176 3 1264 182 3 1265 178 3 1266 182 3 1267 177 3 1268 182 3 1269 185 3 1270 177 3 1271 185 3 1272 182 3 1273 184 3 1274 180 5 1275 181 5 1276 171 5 1277 171 5 1278 179 5 1279 180 5 1280 182 2 1281 171 2 1282 181 2 1283 171 2 1284 182 2 1285 176 2 1286 182 2 1287 181 2 1288 184 2 1289 177 4 1290 180 4 1291 179 4 1292 180 4 1293 177 4 1294 185 4 1295 177 4 1296 179 4 1297 178 4 1298 171 0 1299 176 0 1300 178 0 1301 178 0 1302 179 0 1303 171 0 1304 185 1 1305 184 1 1306 181 1 1307 181 1 1308 180 1 1309 185 1 1310 177 0 1311 182 0 1312 183 0 1313 183 0 1314 165 0 1315 177 0 1316 186 1 1317 163 1 1318 184 1 1319 184 1 1320 185 1 1321 186 1 1322 183 2 1323 182 2 1324 184 2 1325 184 2 1326 163 2 1327 183 2 1328 177 4 1329 165 4 1330 186 4 1331 186 4 1332 185 4 1333 177 4 1334 184 5 1335 182 5 1336 177 5 1337 177 5 1338 185 5 1339 184 5 1340 187 5 1341 188 5 1342 193 5 1343 192 5 1344 193 5 1345 188 5 1346 188 5 1347 200 5 1348 192 5 1349 189 5 1350 190 5 1351 191 5 1352 191 5 1353 200 5 1354 189 5 1355 189 5 1356 200 5 1357 188 5 1358 196 3 1359 197 3 1360 195 3 1361 194 3 1362 195 3 1363 197 3 1364 190 2 1365 189 2 1366 197 2 1367 188 2 1368 194 2 1369 197 2 1370 194 2 1371 188 2 1372 187 2 1373 188 2 1374 197 2 1375 189 2 1376 193 4 1377 192 4 1378 195 4 1379 200 4 1380 196 4 1381 195 4 1382 196 4 1383 200 4 1384 191 4 1385 200 4 1386 195 4 1387 192 4 1388 191 0 1389 190 0 1390 197 0 1391 197 0 1392 196 0 1393 191 0 1394 195 1 1395 194 1 1396 187 1 1397 187 1 1398 193 1 1399 195 1 1400 200 1 1401 189 1 1402 198 1 1403 198 1 1404 199 1 1405 200 1 1406 206 0 1407 201 0 1408 202 0 1409 202 0 1410 190 0 1411 191 0 1412 202 0 1413 191 0 1414 206 0 1415 198 2 1416 189 2 1417 202 2 1418 190 2 1419 202 2 1420 189 2 1421 202 2 1422 201 2 1423 198 2 1424 200 4 1425 199 4 1426 206 4 1427 206 4 1428 191 4 1429 200 4 1430 190 3 1431 189 3 1432 200 3 1433 200 3 1434 191 3 1435 190 3 1436 199 5 1437 198 5 1438 201 5 1439 201 5 1440 206 5 1441 199 5 1442 206 40 1443 201 5 1444 203 41 1445 205 5 1446 206 40 1447 211 42 1448 204 43 1449 212 44 1450 206 40 1451 211 42 1452 206 40 1453 212 44 1454 206 40 1455 203 41 1456 204 43 1457 208 3 1458 602 3 1459 202 3 1460 202 3 1461 207 3 1462 208 3 1463 203 2 1464 202 2 1465 602 2 1466 202 2 1467 203 2 1468 201 2 1469 203 2 1470 602 2 1471 204 2 1472 211 4 1473 208 4 1474 207 4 1475 208 4 1476 211 4 1477 212 4 1478 211 4 1479 207 4 1480 205 4 1481 207 45 1482 202 46 1483 206 47 1484 205 1 1485 207 45 1486 206 47 1487 212 0 1488 204 0 1489 602 0 1490 602 0 1491 208 0 1492 212 0 1493 211 1 1494 203 1 1495 215 1 1496 211 1 1497 215 1 1498 210 1 1499 215 1 1500 209 1 1501 210 1 1502 209 1 1503 215 1 1504 216 1 1505 213 0 1506 214 0 1507 204 0 1508 204 0 1509 212 0 1510 213 0 1511 215 2 1512 204 2 1513 214 2 1514 204 2 1515 215 2 1516 203 2 1517 215 2 1518 214 2 1519 216 2 1520 210 4 1521 213 4 1522 212 4 1523 213 4 1524 210 4 1525 209 4 1526 210 4 1527 212 4 1528 211 4 1529 212 3 1530 203 3 1531 211 3 1532 203 3 1533 212 3 1534 204 3 1535 209 5 1536 216 5 1537 213 5 1538 214 5 1539 213 5 1540 216 5 1541 210 3 1542 215 3 1543 219 3 1544 210 3 1545 219 3 1546 221 3 1547 217 5 1548 218 5 1549 216 5 1550 216 5 1551 209 5 1552 217 5 1553 219 2 1554 216 2 1555 218 2 1556 216 2 1557 219 2 1558 215 2 1559 219 2 1560 218 2 1561 222 2 1562 221 4 1563 217 4 1564 209 4 1565 217 4 1566 221 4 1567 223 4 1568 221 4 1569 209 4 1570 210 4 1571 216 0 1572 215 0 1573 210 0 1574 210 0 1575 209 0 1576 216 0 1577 223 1 1578 222 1 1579 218 1 1580 218 1 1581 217 1 1582 223 1 1583 221 0 1584 219 0 1585 226 0 1586 221 0 1587 226 0 1588 220 0 1589 226 0 1590 230 0 1591 220 0 1592 230 0 1593 226 0 1594 229 0 1595 224 1 1596 225 1 1597 222 1 1598 222 1 1599 223 1 1600 224 1 1601 226 2 1602 222 2 1603 225 2 1604 222 2 1605 226 2 1606 219 2 1607 226 2 1608 225 2 1609 229 2 1610 220 4 1611 224 4 1612 223 4 1613 224 4 1614 220 4 1615 230 4 1616 220 4 1617 223 4 1618 221 4 1619 223 5 1620 219 5 1621 221 5 1622 219 5 1623 223 5 1624 222 5 1625 230 3 1626 229 3 1627 224 3 1628 225 3 1629 224 3 1630 229 3 1631 220 5 1632 226 5 1633 227 5 1634 227 5 1635 228 5 1636 220 5 1637 232 3 1638 233 3 1639 234 3 1640 231 3 1641 232 48 1642 230 3 1643 229 49 1644 230 3 1645 232 48 1646 229 49 1647 232 48 1648 234 50 1649 227 2 1650 226 2 1651 234 2 1652 229 2 1653 234 2 1654 226 2 1655 234 2 1656 233 2 1657 227 2 1658 220 4 1659 228 4 1660 231 4 1661 231 4 1662 230 4 1663 220 4 1664 229 1 1665 226 1 1666 220 1 1667 220 1 1668 230 1 1669 229 1 1670 228 0 1671 227 0 1672 232 0 1673 233 0 1674 232 0 1675 227 0 1676 232 0 1677 231 0 1678 228 0 1679 232 0 1680 233 0 1681 188 0 1682 188 0 1683 192 0 1684 232 0 1685 193 1 1686 187 1 1687 234 1 1688 234 1 1689 235 1 1690 193 1 1691 188 2 1692 233 2 1693 187 2 1694 234 2 1695 187 2 1696 233 2 1697 232 4 1698 192 4 1699 193 4 1700 193 4 1701 235 4 1702 232 4 1703 232 5 1704 235 5 1705 234 5 1706 259 5 1707 236 5 1708 258 5 1709 239 5 1710 258 5 1711 236 5 1712 236 5 1713 238 5 1714 239 5 1715 237 5 1716 244 5 1717 245 5 1718 245 5 1719 238 5 1720 237 5 1721 237 5 1722 238 5 1723 236 5 1724 242 3 1725 243 3 1726 240 3 1727 240 3 1728 241 3 1729 242 3 1730 244 2 1731 237 2 1732 243 2 1733 236 2 1734 240 2 1735 243 2 1736 240 2 1737 236 2 1738 259 2 1739 236 2 1740 243 2 1741 237 2 1742 258 4 1743 239 4 1744 241 4 1745 238 4 1746 242 4 1747 241 4 1748 242 4 1749 238 4 1750 245 4 1751 238 4 1752 241 4 1753 239 4 1754 245 0 1755 244 0 1756 243 0 1757 243 0 1758 242 0 1759 245 0 1760 241 1 1761 240 1 1762 259 1 1763 259 1 1764 258 1 1765 241 1 1766 238 1 1767 237 1 1768 248 1 1769 238 1 1770 248 1 1771 250 1 1772 248 1 1773 252 1 1774 250 1 1775 252 1 1776 248 1 1777 251 1 1778 246 0 1779 247 0 1780 244 0 1781 244 0 1782 245 0 1783 246 0 1784 248 51 1785 244 52 1786 247 53 1787 244 52 1788 248 51 1789 237 2 1790 248 51 1791 247 53 1792 251 2 1793 250 4 1794 246 4 1795 245 4 1796 246 4 1797 250 4 1798 252 4 1799 250 4 1800 245 4 1801 238 4 1802 244 3 1803 237 3 1804 238 3 1805 238 3 1806 245 3 1807 244 3 1808 252 5 1809 251 5 1810 247 5 1811 247 5 1812 246 5 1813 252 5 1814 250 3 1815 248 3 1816 255 3 1817 250 3 1818 255 3 1819 256 3 1820 255 3 1821 257 3 1822 256 3 1823 257 3 1824 255 3 1825 249 3 1826 253 5 1827 254 5 1828 251 5 1829 251 5 1830 252 5 1831 253 5 1832 255 2 1833 251 2 1834 254 2 1835 251 2 1836 255 2 1837 248 2 1838 255 2 1839 254 2 1840 249 2 1841 256 4 1842 253 4 1843 252 4 1844 253 4 1845 256 4 1846 257 4 1847 256 4 1848 252 4 1849 250 4 1850 251 0 1851 248 0 1852 250 0 1853 250 0 1854 252 0 1855 251 0 1856 257 1 1857 249 1 1858 254 1 1859 254 1 1860 253 1 1861 257 1 1862 256 0 1863 255 0 1864 236 0 1865 236 0 1866 239 0 1867 256 0 1868 258 1 1869 259 1 1870 249 1 1871 249 1 1872 257 1 1873 258 1 1874 236 2 1875 255 2 1876 259 2 1877 249 2 1878 259 2 1879 255 2 1880 256 4 1881 239 4 1882 258 4 1883 258 4 1884 257 4 1885 256 4 1886 249 5 1887 255 5 1888 256 5 1889 256 5 1890 257 5 1891 249 5 1892 260 5 1893 261 5 1894 263 5 1895 304 5 1896 263 5 1897 261 5 1898 261 5 1899 270 5 1900 304 5 1901 262 5 1902 271 5 1903 272 5 1904 272 5 1905 270 5 1906 262 5 1907 262 5 1908 270 5 1909 261 5 1910 266 3 1911 267 3 1912 264 3 1913 264 3 1914 265 3 1915 266 3 1916 271 2 1917 262 2 1918 267 2 1919 261 2 1920 264 2 1921 267 2 1922 264 2 1923 261 2 1924 260 2 1925 261 2 1926 267 2 1927 262 2 1928 263 4 1929 304 4 1930 265 4 1931 270 4 1932 266 4 1933 265 4 1934 266 4 1935 270 4 1936 272 4 1937 270 4 1938 265 4 1939 304 4 1940 272 0 1941 271 0 1942 267 0 1943 267 0 1944 266 0 1945 272 0 1946 265 1 1947 264 1 1948 260 1 1949 260 1 1950 263 1 1951 265 1 1952 270 1 1953 262 1 1954 268 1 1955 268 1 1956 269 1 1957 270 1 1958 278 0 1959 273 0 1960 279 0 1961 279 0 1962 271 0 1963 272 0 1964 279 0 1965 272 0 1966 278 0 1967 268 2 1968 262 2 1969 279 2 1970 271 2 1971 279 2 1972 262 2 1973 279 2 1974 273 2 1975 268 2 1976 270 4 1977 269 4 1978 278 4 1979 278 4 1980 272 4 1981 270 4 1982 271 3 1983 262 3 1984 270 3 1985 270 3 1986 272 3 1987 271 3 1988 269 5 1989 268 5 1990 273 5 1991 273 5 1992 278 5 1993 269 5 1994 278 40 1995 273 5 1996 274 41 1997 277 5 1998 278 40 1999 276 42 2000 275 43 2001 286 44 2002 278 40 2003 276 42 2004 278 40 2005 286 44 2006 278 40 2007 274 41 2008 275 43 2009 281 3 2010 282 3 2011 279 3 2012 279 3 2013 280 3 2014 281 3 2015 274 2 2016 279 2 2017 282 2 2018 279 2 2019 274 2 2020 273 2 2021 274 2 2022 282 2 2023 275 2 2024 276 4 2025 281 4 2026 280 4 2027 281 4 2028 276 4 2029 286 4 2030 276 4 2031 280 4 2032 277 4 2033 280 45 2034 279 46 2035 278 47 2036 277 1 2037 280 45 2038 278 47 2039 286 0 2040 275 0 2041 282 0 2042 282 0 2043 281 0 2044 286 0 2045 276 1 2046 274 1 2047 283 1 2048 276 1 2049 283 1 2050 285 1 2051 283 1 2052 289 1 2053 285 1 2054 289 1 2055 283 1 2056 284 1 2057 287 0 2058 667 0 2059 275 0 2060 275 0 2061 286 0 2062 287 0 2063 283 2 2064 275 2 2065 667 2 2066 275 2 2067 283 2 2068 274 2 2069 283 2 2070 667 2 2071 284 2 2072 285 4 2073 287 4 2074 286 4 2075 287 4 2076 285 4 2077 289 4 2078 285 4 2079 286 4 2080 276 4 2081 286 3 2082 274 3 2083 276 3 2084 274 3 2085 286 3 2086 275 3 2087 289 5 2088 284 5 2089 287 5 2090 667 5 2091 287 5 2092 284 5 2093 285 3 2094 283 3 2095 291 3 2096 285 3 2097 291 3 2098 294 3 2099 295 3 2100 291 3 2101 288 3 2102 290 5 2103 637 5 2104 284 5 2105 284 5 2106 289 5 2107 290 5 2108 291 2 2109 284 2 2110 637 2 2111 284 2 2112 291 2 2113 283 2 2114 291 2 2115 637 2 2116 288 2 2117 294 4 2118 290 4 2119 289 4 2120 290 4 2121 294 4 2122 295 4 2123 294 4 2124 289 4 2125 285 4 2126 284 0 2127 283 0 2128 285 0 2129 285 0 2130 289 0 2131 284 0 2132 295 1 2133 288 1 2134 637 1 2135 637 1 2136 290 1 2137 295 1 2138 294 0 2139 291 0 2140 292 0 2141 294 0 2142 292 0 2143 293 0 2144 292 0 2145 300 0 2146 293 0 2147 300 0 2148 292 0 2149 299 0 2150 296 1 2151 635 1 2152 288 1 2153 288 1 2154 295 1 2155 296 1 2156 292 2 2157 288 2 2158 635 2 2159 288 2 2160 292 2 2161 291 2 2162 292 2 2163 635 2 2164 299 2 2165 293 4 2166 296 4 2167 295 4 2168 296 4 2169 293 4 2170 300 4 2171 293 4 2172 295 4 2173 294 4 2174 295 5 2175 291 5 2176 294 5 2177 300 3 2178 299 3 2179 296 3 2180 635 3 2181 296 3 2182 299 3 2183 293 5 2184 292 5 2185 297 5 2186 297 5 2187 298 5 2188 293 5 2189 302 3 2190 303 3 2191 633 3 2192 301 3 2193 302 54 2194 300 3 2195 299 55 2196 300 3 2197 302 54 2198 299 55 2199 302 54 2200 633 56 2201 297 2 2202 292 2 2203 633 2 2204 299 2 2205 633 2 2206 292 2 2207 633 2 2208 303 2 2209 297 2 2210 293 4 2211 298 4 2212 301 4 2213 301 4 2214 300 4 2215 293 4 2216 299 1 2217 292 1 2218 293 1 2219 293 1 2220 300 1 2221 299 1 2222 298 0 2223 297 0 2224 302 0 2225 303 0 2226 302 0 2227 297 0 2228 302 0 2229 301 0 2230 298 0 2231 302 0 2232 303 0 2233 261 0 2234 261 0 2235 304 0 2236 302 0 2237 263 1 2238 260 1 2239 633 1 2240 633 1 2241 305 1 2242 263 1 2243 261 2 2244 303 2 2245 633 2 2246 633 2 2247 260 2 2248 261 2 2249 302 4 2250 304 4 2251 263 4 2252 263 4 2253 305 4 2254 302 4 2255 302 5 2256 305 5 2257 633 5 2258 306 5 2259 307 5 2260 310 5 2261 309 5 2262 310 5 2263 307 5 2264 307 5 2265 315 5 2266 309 5 2267 315 5 2268 316 5 2269 317 5 2270 317 5 2271 308 5 2272 315 5 2273 315 5 2274 308 5 2275 309 5 2276 313 3 2277 314 3 2278 311 3 2279 311 3 2280 312 3 2281 313 3 2282 316 2 2283 315 2 2284 314 2 2285 307 2 2286 311 2 2287 314 2 2288 311 2 2289 307 2 2290 306 2 2291 307 2 2292 314 2 2293 315 2 2294 310 4 2295 309 4 2296 312 4 2297 308 4 2298 313 4 2299 312 4 2300 313 4 2301 308 4 2302 317 4 2303 308 4 2304 312 4 2305 309 4 2306 317 0 2307 316 0 2308 314 0 2309 314 0 2310 313 0 2311 317 0 2312 312 1 2313 311 1 2314 306 1 2315 306 1 2316 310 1 2317 312 1 2318 308 1 2319 315 1 2320 320 1 2321 308 1 2322 320 1 2323 322 1 2324 320 1 2325 324 1 2326 322 1 2327 324 1 2328 320 1 2329 323 1 2330 318 0 2331 319 0 2332 316 0 2333 316 0 2334 317 0 2335 318 0 2336 320 37 2337 316 38 2338 319 39 2339 316 38 2340 320 37 2341 315 2 2342 320 37 2343 319 39 2344 323 2 2345 322 4 2346 318 4 2347 317 4 2348 318 4 2349 322 4 2350 324 4 2351 322 4 2352 317 4 2353 308 4 2354 316 3 2355 315 3 2356 308 3 2357 308 3 2358 317 3 2359 316 3 2360 324 5 2361 323 5 2362 319 5 2363 319 5 2364 318 5 2365 324 5 2366 322 3 2367 320 3 2368 329 3 2369 322 3 2370 329 3 2371 321 3 2372 329 3 2373 331 3 2374 321 3 2375 331 3 2376 329 3 2377 330 3 2378 325 57 2379 326 5 2380 327 58 2381 325 57 2382 327 58 2383 324 59 2384 328 60 2385 323 5 2386 324 59 2387 328 60 2388 324 59 2389 327 58 2390 329 2 2391 320 2 2392 327 2 2393 330 2 2394 329 2 2395 326 2 2396 323 2 2397 328 2 2398 320 2 2399 327 2 2400 326 2 2401 329 2 2402 328 2 2403 327 2 2404 320 2 2405 321 4 2406 325 4 2407 324 4 2408 325 4 2409 321 4 2410 331 4 2411 321 4 2412 324 4 2413 322 4 2414 323 0 2415 320 0 2416 322 0 2417 322 0 2418 324 0 2419 323 0 2420 331 1 2421 330 1 2422 326 1 2423 326 1 2424 325 1 2425 331 1 2426 321 0 2427 329 0 2428 307 0 2429 307 0 2430 309 0 2431 321 0 2432 310 1 2433 306 1 2434 330 1 2435 330 1 2436 331 1 2437 310 1 2438 307 2 2439 329 2 2440 330 2 2441 330 2 2442 306 2 2443 307 2 2444 321 4 2445 309 4 2446 310 4 2447 310 4 2448 331 4 2449 321 4 2450 330 5 2451 329 5 2452 321 5 2453 321 5 2454 331 5 2455 330 5 2456 336 3 2457 332 3 2458 333 3 2459 333 3 2460 334 3 2461 335 3 2462 333 3 2463 335 3 2464 336 3 2465 339 5 2466 340 5 2467 338 5 2468 337 5 2469 338 5 2470 340 5 2471 333 2 2472 337 2 2473 340 2 2474 337 2 2475 333 2 2476 332 2 2477 333 2 2478 340 2 2479 334 2 2480 336 4 2481 335 4 2482 339 4 2483 339 4 2484 338 4 2485 336 4 2486 332 0 2487 336 0 2488 338 0 2489 338 0 2490 337 0 2491 332 0 2492 335 1 2493 334 1 2494 340 1 2495 340 1 2496 339 1 2497 335 1 2498 344 0 2499 333 0 2500 341 0 2501 344 0 2502 341 0 2503 343 0 2504 341 0 2505 342 0 2506 343 0 2507 342 0 2508 341 0 2509 350 0 2510 346 61 2511 347 62 2512 335 63 2513 334 1 2514 335 63 2515 347 62 2516 335 63 2517 345 1 2518 346 61 2519 341 2 2520 334 2 2521 347 2 2522 334 2 2523 341 2 2524 333 2 2525 341 2 2526 347 2 2527 350 2 2528 343 4 2529 346 4 2530 345 4 2531 346 4 2532 343 4 2533 342 4 2534 343 4 2535 345 4 2536 344 4 2537 335 5 2538 333 5 2539 344 5 2540 344 5 2541 345 5 2542 335 5 2543 342 3 2544 350 3 2545 347 3 2546 347 3 2547 346 3 2548 342 3 2549 343 5 2550 341 5 2551 348 5 2552 348 5 2553 349 5 2554 343 5 2555 355 3 2556 352 3 2557 556 3 2558 351 3 2559 355 64 2560 342 3 2561 350 65 2562 342 3 2563 355 64 2564 350 65 2565 355 64 2566 556 66 2567 348 2 2568 341 2 2569 556 2 2570 350 2 2571 556 2 2572 341 2 2573 556 2 2574 352 2 2575 348 2 2576 343 4 2577 349 4 2578 351 4 2579 351 4 2580 342 4 2581 343 4 2582 350 1 2583 341 1 2584 343 1 2585 343 1 2586 342 1 2587 350 1 2588 349 0 2589 348 0 2590 355 0 2591 352 0 2592 355 0 2593 348 0 2594 355 0 2595 351 0 2596 349 0 2597 355 0 2598 352 0 2599 353 0 2600 353 0 2601 354 0 2602 355 0 2603 357 1 2604 358 1 2605 556 1 2606 556 1 2607 356 1 2608 357 1 2609 353 2 2610 352 2 2611 556 2 2612 556 2 2613 358 2 2614 353 2 2615 354 3 2616 353 3 2617 358 3 2618 358 3 2619 357 3 2620 354 3 2621 355 4 2622 354 4 2623 357 4 2624 357 4 2625 356 4 2626 355 4 2627 355 5 2628 356 5 2629 556 5 2630 362 5 2631 359 5 2632 360 5 2633 360 5 2634 370 5 2635 361 5 2636 360 5 2637 361 5 2638 362 5 2639 365 3 2640 530 3 2641 363 3 2642 363 3 2643 364 3 2644 365 3 2645 360 2 2646 363 2 2647 530 2 2648 363 2 2649 360 2 2650 359 2 2651 360 2 2652 530 2 2653 370 2 2654 362 4 2655 361 4 2656 365 4 2657 365 4 2658 364 4 2659 362 4 2660 359 1 2661 362 1 2662 364 1 2663 364 1 2664 363 1 2665 359 1 2666 361 0 2667 370 0 2668 530 0 2669 530 0 2670 365 0 2671 361 0 2672 367 1 2673 369 1 2674 360 1 2675 367 1 2676 360 1 2677 366 1 2678 376 1 2679 367 1 2680 366 1 2681 367 1 2682 368 1 2683 369 1 2684 372 0 2685 528 0 2686 361 0 2687 370 0 2688 361 0 2689 528 0 2690 361 0 2691 371 0 2692 372 0 2693 366 2 2694 370 2 2695 528 2 2696 370 2 2697 366 2 2698 360 2 2699 366 2 2700 528 2 2701 376 2 2702 369 4 2703 368 4 2704 372 4 2705 372 4 2706 371 4 2707 369 4 2708 361 3 2709 360 3 2710 369 3 2711 369 3 2712 371 3 2713 361 3 2714 367 5 2715 528 5 2716 372 5 2717 528 5 2718 367 5 2719 376 5 2720 367 5 2721 372 5 2722 368 5 2723 375 3 2724 366 3 2725 373 3 2726 373 3 2727 374 3 2728 375 3 2729 377 5 2730 378 5 2731 379 5 2732 377 5 2733 379 5 2734 380 5 2735 380 5 2736 376 5 2737 367 5 2738 380 5 2739 367 5 2740 377 5 2741 373 2 2742 366 2 2743 380 2 2744 380 2 2745 366 2 2746 376 2 2747 373 2 2748 380 2 2749 379 2 2750 379 2 2751 378 2 2752 373 2 2753 374 1 2754 373 1 2755 378 1 2756 378 1 2757 377 1 2758 374 1 2759 375 4 2760 374 4 2761 377 4 2762 377 4 2763 367 4 2764 375 4 2765 376 0 2766 366 0 2767 375 0 2768 375 0 2769 367 0 2770 376 0 2771 503 3 2772 381 3 2773 382 3 2774 382 3 2775 383 3 2776 503 3 2777 385 5 2778 386 5 2779 384 5 2780 384 5 2781 502 5 2782 385 5 2783 382 2 2784 381 2 2785 386 2 2786 384 2 2787 386 2 2788 381 2 2789 383 1 2790 382 1 2791 386 1 2792 386 1 2793 385 1 2794 383 1 2795 503 4 2796 383 4 2797 385 4 2798 385 4 2799 502 4 2800 503 4 2801 384 0 2802 381 0 2803 503 0 2804 503 0 2805 502 0 2806 384 0 2807 387 5 2808 405 5 2809 407 5 2810 390 5 2811 407 5 2812 405 5 2813 405 5 2814 388 5 2815 390 5 2816 388 5 2817 395 5 2818 396 5 2819 396 5 2820 389 5 2821 388 5 2822 388 5 2823 389 5 2824 390 5 2825 392 3 2826 393 3 2827 391 3 2828 580 3 2829 391 3 2830 393 3 2831 395 2 2832 388 2 2833 393 2 2834 405 2 2835 580 2 2836 393 2 2837 580 2 2838 405 2 2839 387 2 2840 405 2 2841 393 2 2842 388 2 2843 407 4 2844 390 4 2845 391 4 2846 389 4 2847 392 4 2848 391 4 2849 392 4 2850 389 4 2851 396 4 2852 389 4 2853 391 4 2854 390 4 2855 396 0 2856 395 0 2857 393 0 2858 393 0 2859 392 0 2860 396 0 2861 391 1 2862 580 1 2863 387 1 2864 387 1 2865 407 1 2866 391 1 2867 389 1 2868 388 1 2869 394 1 2870 389 1 2871 394 1 2872 401 1 2873 394 1 2874 403 1 2875 401 1 2876 403 1 2877 394 1 2878 402 1 2879 397 0 2880 610 0 2881 395 0 2882 395 0 2883 396 0 2884 397 0 2885 394 2 2886 395 2 2887 610 2 2888 395 2 2889 394 2 2890 388 2 2891 394 2 2892 610 2 2893 402 2 2894 401 4 2895 397 4 2896 396 4 2897 397 4 2898 401 4 2899 403 4 2900 401 4 2901 396 4 2902 389 4 2903 403 5 2904 402 5 2905 397 5 2906 610 5 2907 397 5 2908 402 5 2909 401 3 2910 394 3 2911 398 3 2912 401 3 2913 398 3 2914 400 3 2915 398 3 2916 399 3 2917 400 3 2918 399 3 2919 398 3 2920 406 3 2921 404 5 2922 582 5 2923 402 5 2924 402 5 2925 403 5 2926 404 5 2927 398 2 2928 402 2 2929 582 2 2930 402 2 2931 398 2 2932 394 2 2933 398 2 2934 582 2 2935 406 2 2936 400 4 2937 404 4 2938 403 4 2939 404 4 2940 400 4 2941 399 4 2942 400 4 2943 403 4 2944 401 4 2945 402 0 2946 394 0 2947 401 0 2948 401 0 2949 403 0 2950 402 0 2951 399 1 2952 406 1 2953 582 1 2954 582 1 2955 404 1 2956 399 1 2957 400 0 2958 398 0 2959 405 0 2960 405 0 2961 390 0 2962 400 0 2963 407 1 2964 387 1 2965 406 1 2966 406 1 2967 399 1 2968 407 1 2969 405 2 2970 398 2 2971 387 2 2972 406 2 2973 387 2 2974 398 2 2975 400 4 2976 390 4 2977 407 4 2978 407 4 2979 399 4 2980 400 4 2981 390 3 2982 387 3 2983 407 3 2984 387 3 2985 390 3 2986 405 3 2987 428 5 2988 424 5 2989 427 5 2990 425 5 2991 427 5 2992 424 5 2993 424 5 2994 412 5 2995 425 5 2996 412 5 2997 408 5 2998 409 5 2999 409 5 3000 416 5 3001 412 5 3002 412 5 3003 416 5 3004 425 5 3005 411 3 3006 672 3 3007 643 3 3008 643 3 3009 410 3 3010 411 3 3011 408 2 3012 412 2 3013 672 2 3014 424 2 3015 643 2 3016 672 2 3017 643 2 3018 424 2 3019 428 2 3020 424 2 3021 672 2 3022 412 2 3023 427 4 3024 425 4 3025 410 4 3026 416 4 3027 411 4 3028 410 4 3029 411 4 3030 416 4 3031 409 4 3032 416 4 3033 410 4 3034 425 4 3035 409 0 3036 408 0 3037 672 0 3038 672 0 3039 411 0 3040 409 0 3041 410 1 3042 643 1 3043 428 1 3044 428 1 3045 427 1 3046 410 1 3047 416 1 3048 412 1 3049 419 1 3050 416 1 3051 419 1 3052 415 1 3053 419 1 3054 414 1 3055 415 1 3056 414 1 3057 419 1 3058 413 1 3059 417 0 3060 418 0 3061 408 0 3062 408 0 3063 409 0 3064 417 0 3065 419 2 3066 408 2 3067 418 2 3068 408 2 3069 419 2 3070 412 2 3071 419 2 3072 418 2 3073 413 2 3074 415 4 3075 417 4 3076 409 4 3077 417 4 3078 415 4 3079 414 4 3080 415 4 3081 409 4 3082 416 4 3083 414 5 3084 413 5 3085 417 5 3086 418 5 3087 417 5 3088 413 5 3089 415 3 3090 419 3 3091 420 3 3092 415 3 3093 420 3 3094 422 3 3095 420 3 3096 421 3 3097 422 3 3098 421 3 3099 420 3 3100 426 3 3101 423 5 3102 645 5 3103 413 5 3104 413 5 3105 414 5 3106 423 5 3107 420 2 3108 413 2 3109 645 2 3110 413 2 3111 420 2 3112 419 2 3113 420 2 3114 645 2 3115 426 2 3116 422 4 3117 423 4 3118 414 4 3119 423 4 3120 422 4 3121 421 4 3122 422 4 3123 414 4 3124 415 4 3125 413 0 3126 419 0 3127 415 0 3128 415 0 3129 414 0 3130 413 0 3131 421 1 3132 426 1 3133 645 1 3134 645 1 3135 423 1 3136 421 1 3137 422 0 3138 420 0 3139 424 0 3140 424 0 3141 425 0 3142 422 0 3143 427 1 3144 428 1 3145 426 1 3146 426 1 3147 421 1 3148 427 1 3149 424 2 3150 420 2 3151 428 2 3152 426 2 3153 428 2 3154 420 2 3155 422 4 3156 425 4 3157 427 4 3158 427 4 3159 421 4 3160 422 4 3161 425 3 3162 428 3 3163 427 3 3164 428 3 3165 425 3 3166 424 3 3167 431 3 3168 562 3 3169 429 3 3170 429 3 3171 430 3 3172 431 3 3173 434 5 3174 439 5 3175 436 5 3176 436 5 3177 439 5 3178 435 5 3179 436 5 3180 432 5 3181 433 5 3182 436 5 3183 433 5 3184 434 5 3185 429 2 3186 562 2 3187 436 2 3188 432 2 3189 436 2 3190 562 2 3191 436 2 3192 435 2 3193 429 2 3194 431 4 3195 430 4 3196 434 4 3197 439 4 3198 434 4 3199 430 4 3200 434 4 3201 433 4 3202 431 4 3203 562 0 3204 431 0 3205 433 0 3206 433 0 3207 432 0 3208 562 0 3209 430 1 3210 429 1 3211 435 1 3212 435 1 3213 439 1 3214 430 1 3215 439 1 3216 435 1 3217 437 1 3218 437 1 3219 438 1 3220 439 1 3221 445 0 3222 444 0 3223 441 0 3224 441 0 3225 444 0 3226 440 0 3227 441 0 3228 436 0 3229 434 0 3230 441 0 3231 434 0 3232 445 0 3233 437 2 3234 435 2 3235 441 2 3236 436 2 3237 441 2 3238 435 2 3239 441 2 3240 440 2 3241 437 2 3242 439 67 3243 438 68 3244 445 69 3245 444 4 3246 445 69 3247 438 68 3248 445 69 3249 434 4 3250 439 67 3251 438 5 3252 437 5 3253 440 5 3254 440 5 3255 444 5 3256 438 5 3257 444 5 3258 440 5 3259 442 5 3260 442 5 3261 443 5 3262 444 5 3263 446 3 3264 447 3 3265 441 3 3266 441 3 3267 445 3 3268 446 3 3269 442 2 3270 440 2 3271 447 2 3272 441 2 3273 447 2 3274 440 2 3275 443 0 3276 442 0 3277 447 0 3278 447 0 3279 446 0 3280 443 0 3281 444 4 3282 443 4 3283 446 4 3284 446 4 3285 445 4 3286 444 4 3287 451 5 3288 448 5 3289 449 5 3290 449 5 3291 450 5 3292 451 5 3293 454 3 3294 455 3 3295 452 3 3296 452 3 3297 453 3 3298 454 3 3299 449 2 3300 448 2 3301 452 2 3302 452 2 3303 455 2 3304 449 2 3305 450 0 3306 449 0 3307 455 0 3308 455 0 3309 454 0 3310 450 0 3311 451 4 3312 450 4 3313 454 4 3314 454 4 3315 453 4 3316 451 4 3317 448 1 3318 451 1 3319 453 1 3320 453 1 3321 452 1 3322 448 1 3323 459 3 3324 456 3 3325 457 3 3326 457 3 3327 458 3 3328 459 3 3329 462 5 3330 463 5 3331 460 5 3332 460 5 3333 461 5 3334 462 5 3335 457 2 3336 456 2 3337 463 2 3338 460 2 3339 463 2 3340 456 2 3341 458 1 3342 457 1 3343 463 1 3344 463 1 3345 462 1 3346 458 1 3347 459 4 3348 458 4 3349 461 4 3350 462 4 3351 461 4 3352 458 4 3353 456 0 3354 459 0 3355 461 0 3356 461 0 3357 460 0 3358 456 0 3359 467 5 3360 464 5 3361 465 5 3362 465 5 3363 466 5 3364 467 5 3365 470 3 3366 471 3 3367 468 3 3368 468 3 3369 469 3 3370 470 3 3371 465 2 3372 464 2 3373 468 2 3374 468 2 3375 471 2 3376 465 2 3377 466 0 3378 465 0 3379 471 0 3380 471 0 3381 470 0 3382 466 0 3383 467 4 3384 466 4 3385 470 4 3386 470 4 3387 469 4 3388 467 4 3389 464 1 3390 467 1 3391 469 1 3392 469 1 3393 468 1 3394 464 1 3395 475 3 3396 472 3 3397 473 3 3398 473 3 3399 474 3 3400 475 3 3401 478 5 3402 479 5 3403 476 5 3404 476 5 3405 477 5 3406 478 5 3407 473 2 3408 472 2 3409 476 2 3410 476 2 3411 479 2 3412 473 2 3413 474 1 3414 473 1 3415 479 1 3416 479 1 3417 478 1 3418 474 1 3419 475 4 3420 474 4 3421 478 4 3422 478 4 3423 477 4 3424 475 4 3425 472 0 3426 475 0 3427 477 0 3428 477 0 3429 476 0 3430 472 0 3431 483 5 3432 480 5 3433 481 5 3434 481 5 3435 482 5 3436 483 5 3437 486 3 3438 487 3 3439 484 3 3440 484 3 3441 485 3 3442 486 3 3443 481 2 3444 480 2 3445 484 2 3446 484 2 3447 487 2 3448 481 2 3449 482 0 3450 481 0 3451 487 0 3452 487 0 3453 486 0 3454 482 0 3455 483 4 3456 482 4 3457 486 4 3458 486 4 3459 485 4 3460 483 4 3461 480 1 3462 483 1 3463 485 1 3464 485 1 3465 484 1 3466 480 1 3467 491 3 3468 488 3 3469 489 3 3470 489 3 3471 490 3 3472 491 3 3473 494 5 3474 495 5 3475 492 5 3476 492 5 3477 493 5 3478 494 5 3479 489 2 3480 488 2 3481 492 2 3482 492 2 3483 495 2 3484 489 2 3485 490 1 3486 489 1 3487 495 1 3488 495 1 3489 494 1 3490 490 1 3491 491 4 3492 490 4 3493 494 4 3494 494 4 3495 493 4 3496 491 4 3497 488 0 3498 491 0 3499 493 0 3500 493 0 3501 492 0 3502 488 0 3503 499 0 3504 496 0 3505 498 0 3506 497 0 3507 498 0 3508 496 0 3509 505 1 3510 381 1 3511 504 1 3512 503 1 3513 504 1 3514 381 1 3515 384 1 3516 500 1 3517 501 1 3518 501 1 3519 502 1 3520 384 1 3521 497 70 3522 496 71 3523 384 72 3524 384 72 3525 496 71 3526 500 2 3527 497 70 3528 384 72 3529 381 2 3530 381 2 3531 505 2 3532 497 70 3533 498 3 3534 497 3 3535 505 3 3536 505 3 3537 504 3 3538 498 3 3539 499 73 3540 498 74 3541 502 75 3542 502 75 3543 498 74 3544 503 4 3545 499 73 3546 502 75 3547 501 4 3548 504 4 3549 503 4 3550 498 74 3551 496 5 3552 499 5 3553 501 5 3554 501 5 3555 500 5 3556 496 5 3557 509 0 3558 506 0 3559 507 0 3560 507 0 3561 508 0 3562 509 0 3563 512 1 3564 513 1 3565 510 1 3566 510 1 3567 511 1 3568 512 1 3569 507 2 3570 506 2 3571 510 2 3572 510 2 3573 513 2 3574 507 2 3575 508 3 3576 507 3 3577 513 3 3578 513 3 3579 512 3 3580 508 3 3581 509 4 3582 508 4 3583 512 4 3584 512 4 3585 511 4 3586 509 4 3587 506 5 3588 509 5 3589 511 5 3590 511 5 3591 510 5 3592 506 5 3593 516 0 3594 48 0 3595 514 0 3596 514 0 3597 515 0 3598 516 0 3599 518 1 3600 519 1 3601 54 1 3602 54 1 3603 517 1 3604 518 1 3605 514 2 3606 48 2 3607 54 2 3608 54 2 3609 519 2 3610 514 2 3611 515 3 3612 514 3 3613 519 3 3614 519 3 3615 518 3 3616 515 3 3617 516 4 3618 515 4 3619 518 4 3620 518 4 3621 517 4 3622 516 4 3623 48 5 3624 516 5 3625 517 5 3626 517 5 3627 54 5 3628 48 5 3629 522 0 3630 77 0 3631 521 0 3632 520 0 3633 521 0 3634 77 0 3635 525 5 3636 522 5 3637 521 5 3638 725 5 3639 525 5 3640 523 5 3641 521 5 3642 523 5 3643 525 5 3644 523 5 3645 524 5 3646 725 5 3647 380 1 3648 725 1 3649 524 1 3650 524 1 3651 526 1 3652 380 1 3653 528 3 3654 380 3 3655 526 3 3656 526 3 3657 527 3 3658 528 3 3659 530 1 3660 528 1 3661 527 1 3662 527 1 3663 529 1 3664 530 1 3665 532 5 3666 530 5 3667 531 5 3668 529 5 3669 531 5 3670 530 5 3671 122 1 3672 532 1 3673 531 1 3674 531 1 3675 533 1 3676 122 1 3677 535 5 3678 122 5 3679 533 5 3680 533 5 3681 534 5 3682 535 5 3683 537 1 3684 535 1 3685 534 1 3686 534 1 3687 536 1 3688 537 1 3689 151 3 3690 537 3 3691 536 3 3692 536 3 3693 538 3 3694 151 3 3695 145 1 3696 151 1 3697 538 1 3698 538 1 3699 539 1 3700 145 1 3701 138 5 3702 145 5 3703 539 5 3704 539 5 3705 540 5 3706 138 5 3707 542 1 3708 138 1 3709 540 1 3710 540 1 3711 541 1 3712 542 1 3713 544 3 3714 542 3 3715 543 3 3716 77 3 3717 544 3 3718 543 3 3719 541 3 3720 543 3 3721 542 3 3722 543 3 3723 520 3 3724 77 3 3725 533 4 3726 536 4 3727 534 4 3728 538 76 3729 536 4 3730 533 4 3731 543 77 3732 539 4 3733 538 76 3734 543 77 3735 541 4 3736 539 4 3737 541 4 3738 540 4 3739 539 4 3740 543 77 3741 538 76 3742 523 78 3743 533 4 3744 529 79 3745 538 76 3746 526 4 3747 524 4 3748 527 80 3749 529 79 3750 533 4 3751 531 4 3752 527 80 3753 523 78 3754 529 79 3755 524 4 3756 523 78 3757 527 80 3758 529 79 3759 523 78 3760 538 76 3761 535 2 3762 537 2 3763 122 81 3764 122 81 3765 537 2 3766 151 82 3767 151 82 3768 145 2 3769 544 83 3770 145 2 3771 542 2 3772 544 83 3773 145 2 3774 138 2 3775 542 2 3776 525 84 3777 151 82 3778 544 83 3779 151 82 3780 530 85 3781 122 81 3782 528 86 3783 725 2 3784 380 2 3785 532 2 3786 122 81 3787 530 85 3788 530 85 3789 525 84 3790 528 86 3791 528 86 3792 525 84 3793 725 2 3794 151 82 3795 525 84 3796 530 85 3797 521 87 3798 520 88 3799 545 89 3800 546 90 3801 77 91 3802 522 92 3803 543 93 3804 547 94 3805 548 95 3806 549 4 3807 548 4 3808 547 4 3809 547 4 3810 545 4 3811 549 4 3812 550 96 3813 551 97 3814 544 98 3815 551 2 3816 550 2 3817 552 2 3818 552 2 3819 546 2 3820 551 2 3821 549 99 3822 520 99 3823 543 99 3824 543 99 3825 548 100 3826 549 99 3827 520 88 3828 549 101 3829 545 89 3830 544 102 3831 77 102 3832 552 102 3833 552 102 3834 550 103 3835 544 102 3836 546 90 3837 552 104 3838 77 91 3839 543 93 3840 523 105 3841 547 94 3842 551 97 3843 525 106 3844 544 98 3845 523 107 3846 521 108 3847 545 109 3848 545 109 3849 547 110 3850 523 107 3851 546 111 3852 522 112 3853 525 113 3854 525 113 3855 551 114 3856 546 111 3857 556 0 3858 553 0 3859 554 0 3860 554 0 3861 555 0 3862 556 0 3863 347 5 3864 556 5 3865 555 5 3866 555 5 3867 557 5 3868 347 5 3869 340 0 3870 347 0 3871 557 0 3872 557 0 3873 558 0 3874 340 0 3875 519 3 3876 340 3 3877 559 3 3878 558 3 3879 559 3 3880 340 3 3881 54 0 3882 519 0 3883 559 0 3884 559 0 3885 560 0 3886 54 0 3887 562 0 3888 54 0 3889 560 0 3890 560 0 3891 561 0 3892 562 0 3893 429 5 3894 562 5 3895 561 5 3896 561 5 3897 563 5 3898 429 5 3899 437 0 3900 429 0 3901 563 0 3902 563 0 3903 564 0 3904 437 0 3905 442 3 3906 437 3 3907 565 3 3908 564 3 3909 565 3 3910 437 3 3911 567 0 3912 442 0 3913 565 0 3914 565 0 3915 566 0 3916 567 0 3917 90 5 3918 567 5 3919 566 5 3920 566 5 3921 568 5 3922 90 5 3923 328 1 3924 90 1 3925 569 1 3926 568 1 3927 569 1 3928 90 1 3929 553 3 3930 328 3 3931 569 3 3932 569 3 3933 554 3 3934 553 3 3935 569 115 3936 558 4 3937 557 4 3938 558 4 3939 569 115 3940 560 116 3941 569 115 3942 557 4 3943 554 4 3944 555 4 3945 554 4 3946 557 4 3947 558 4 3948 560 116 3949 559 4 3950 563 117 3951 568 118 3952 564 119 3953 568 118 3954 563 117 3955 560 116 3956 564 119 3957 568 118 3958 566 4 3959 560 116 3960 563 117 3961 561 4 3962 564 119 3963 566 4 3964 565 4 3965 568 118 3966 560 116 3967 569 115 3968 347 2 3969 340 120 3970 328 121 3971 54 122 3972 328 121 3973 340 120 3974 553 2 3975 347 2 3976 328 121 3977 347 2 3978 553 2 3979 556 2 3980 519 2 3981 54 122 3982 340 120 3983 437 2 3984 90 123 3985 429 124 3986 54 122 3987 429 124 3988 90 123 3989 567 2 3990 90 123 3991 437 2 3992 562 2 3993 429 124 3994 54 122 3995 442 2 3996 567 2 3997 437 2 3998 328 121 3999 54 122 4000 90 123 4001 234 0 4002 570 0 4003 571 0 4004 571 0 4005 572 0 4006 234 0 4007 225 5 4008 234 5 4009 572 5 4010 572 5 4011 573 5 4012 225 5 4013 218 0 4014 225 0 4015 573 0 4016 573 0 4017 574 0 4018 218 0 4019 576 3 4020 218 3 4021 575 3 4022 574 3 4023 575 3 4024 218 3 4025 578 0 4026 576 0 4027 575 0 4028 575 0 4029 577 0 4030 578 0 4031 580 5 4032 578 5 4033 577 5 4034 577 5 4035 579 5 4036 580 5 4037 582 0 4038 580 0 4039 579 0 4040 579 0 4041 581 0 4042 582 0 4043 101 3 4044 582 3 4045 581 3 4046 581 3 4047 583 3 4048 101 3 4049 747 0 4050 101 0 4051 583 0 4052 583 0 4053 584 0 4054 747 0 4055 587 5 4056 747 5 4057 585 5 4058 737 5 4059 587 5 4060 585 5 4061 584 5 4062 585 5 4063 747 5 4064 585 5 4065 586 5 4066 737 5 4067 80 1 4068 737 1 4069 586 1 4070 586 1 4071 588 1 4072 80 1 4073 590 3 4074 80 3 4075 589 3 4076 570 3 4077 590 3 4078 589 3 4079 588 3 4080 589 3 4081 80 3 4082 589 3 4083 571 3 4084 570 3 4085 588 125 4086 586 126 4087 591 127 4088 592 128 4089 737 129 4090 80 130 4091 581 131 4092 584 4 4093 583 4 4094 585 132 4095 581 131 4096 579 133 4097 581 131 4098 585 132 4099 584 4 4100 585 132 4101 579 133 4102 574 134 4103 577 4 4104 575 4 4105 579 133 4106 572 4 4107 571 4 4108 573 4 4109 574 134 4110 573 4 4111 589 135 4112 589 135 4113 573 4 4114 571 4 4115 574 134 4116 589 135 4117 585 132 4118 575 4 4119 574 134 4120 579 133 4121 101 2 4122 747 2 4123 582 136 4124 580 137 4125 582 136 4126 587 138 4127 747 2 4128 587 138 4129 582 136 4130 218 139 4131 580 137 4132 587 138 4133 580 137 4134 576 2 4135 578 2 4136 225 2 4137 570 2 4138 234 2 4139 590 140 4140 225 2 4141 218 139 4142 570 2 4143 225 2 4144 590 140 4145 587 138 4146 590 140 4147 218 139 4148 580 137 4149 218 139 4150 576 2 4151 589 141 4152 588 142 4153 594 143 4154 593 144 4155 594 143 4156 588 142 4157 588 125 4158 591 127 4159 593 145 4160 594 4 4161 593 4 4162 591 4 4163 591 4 4164 595 4 4165 594 4 4166 596 146 4167 80 147 4168 590 148 4169 80 147 4170 596 146 4171 597 149 4172 597 150 4173 592 128 4174 80 130 4175 592 2 4176 597 2 4177 596 2 4178 596 2 4179 598 2 4180 592 2 4181 589 151 4182 594 152 4183 595 153 4184 598 154 4185 596 155 4186 590 156 4187 589 151 4188 595 153 4189 585 157 4190 591 158 4191 586 159 4192 595 158 4193 585 160 4194 595 158 4195 586 159 4196 587 161 4197 598 154 4198 590 156 4199 598 162 4200 737 163 4201 592 162 4202 737 163 4203 598 162 4204 587 164 4205 601 1 4206 202 1 4207 599 1 4208 599 1 4209 600 1 4210 601 1 4211 202 5 4212 602 5 4213 603 5 4214 603 5 4215 599 5 4216 202 5 4217 602 1 4218 214 1 4219 604 1 4220 604 1 4221 603 1 4222 602 1 4223 214 3 4224 605 3 4225 606 3 4226 606 3 4227 604 3 4228 214 3 4229 605 1 4230 607 1 4231 608 1 4232 608 1 4233 606 1 4234 605 1 4235 607 5 4236 393 5 4237 609 5 4238 609 5 4239 608 5 4240 607 5 4241 393 1 4242 610 1 4243 611 1 4244 611 1 4245 609 1 4246 393 1 4247 610 3 4248 612 3 4249 613 3 4250 613 3 4251 611 3 4252 610 3 4253 612 1 4254 746 1 4255 614 1 4256 614 1 4257 613 1 4258 612 1 4259 617 5 4260 758 5 4261 616 5 4262 746 5 4263 617 5 4264 616 5 4265 615 5 4266 616 5 4267 758 5 4268 616 5 4269 614 5 4270 746 5 4271 758 0 4272 618 0 4273 615 0 4274 619 0 4275 615 0 4276 618 0 4277 621 3 4278 601 3 4279 620 3 4280 618 3 4281 621 3 4282 620 3 4283 600 3 4284 620 3 4285 601 3 4286 620 3 4287 619 3 4288 618 3 4289 603 4 4290 600 4 4291 599 4 4292 609 165 4293 606 4 4294 608 4 4295 611 80 4296 613 4 4297 614 4 4298 620 166 4299 603 4 4300 604 167 4301 606 4 4302 609 165 4303 604 167 4304 600 4 4305 603 4 4306 620 166 4307 616 168 4308 620 166 4309 604 167 4310 611 80 4311 616 168 4312 609 165 4313 604 167 4314 609 165 4315 616 168 4316 614 4 4317 616 168 4318 611 80 4319 202 2 4320 601 2 4321 602 2 4322 607 2 4323 605 2 4324 393 169 4325 746 2 4326 612 2 4327 610 86 4328 214 170 4329 602 2 4330 621 171 4331 214 170 4332 393 169 4333 605 2 4334 621 171 4335 602 2 4336 601 2 4337 214 170 4338 621 171 4339 617 172 4340 393 169 4341 617 172 4342 610 86 4343 617 172 4344 393 169 4345 214 170 4346 610 86 4347 617 172 4348 746 2 4349 615 173 4350 619 174 4351 622 175 4352 623 176 4353 618 177 4354 758 178 4355 626 4 4356 624 4 4357 625 4 4358 625 4 4359 622 4 4360 626 4 4361 620 179 4362 625 180 4363 624 181 4364 629 2 4365 627 2 4366 628 2 4367 628 2 4368 623 2 4369 629 2 4370 627 182 4371 629 183 4372 621 184 4373 626 185 4374 619 186 4375 620 187 4376 620 187 4377 624 188 4378 626 185 4379 619 174 4380 626 189 4381 622 175 4382 621 190 4383 618 190 4384 628 191 4385 628 191 4386 627 192 4387 621 190 4388 623 176 4389 628 193 4390 618 177 4391 620 179 4392 616 194 4393 625 180 4394 629 183 4395 617 195 4396 621 184 4397 616 196 4398 615 196 4399 622 197 4400 622 197 4401 625 198 4402 616 196 4403 623 199 4404 758 200 4405 617 200 4406 617 200 4407 629 201 4408 623 199 4409 633 0 4410 630 0 4411 631 0 4412 631 0 4413 632 0 4414 633 0 4415 635 5 4416 633 5 4417 632 5 4418 632 5 4419 634 5 4420 635 5 4421 637 0 4422 635 0 4423 634 0 4424 634 0 4425 636 0 4426 637 0 4427 639 3 4428 637 3 4429 636 3 4430 636 3 4431 638 3 4432 639 3 4433 641 0 4434 639 0 4435 640 0 4436 638 0 4437 640 0 4438 639 0 4439 643 5 4440 641 5 4441 642 5 4442 640 5 4443 642 5 4444 641 5 4445 645 0 4446 643 0 4447 642 0 4448 642 0 4449 644 0 4450 645 0 4451 111 3 4452 645 3 4453 644 3 4454 644 3 4455 646 3 4456 111 3 4457 112 0 4458 111 0 4459 646 0 4460 646 0 4461 647 0 4462 112 0 4463 650 5 4464 112 5 4465 648 5 4466 757 5 4467 650 5 4468 648 5 4469 647 5 4470 648 5 4471 112 5 4472 648 5 4473 649 5 4474 757 5 4475 652 1 4476 757 1 4477 651 1 4478 649 1 4479 651 1 4480 757 1 4481 654 3 4482 652 3 4483 651 3 4484 630 3 4485 654 3 4486 653 3 4487 651 3 4488 653 3 4489 654 3 4490 653 3 4491 631 3 4492 630 3 4493 651 202 4494 649 203 4495 655 204 4496 656 205 4497 757 206 4498 652 207 4499 644 208 4500 647 4 4501 646 4 4502 648 209 4503 644 208 4504 642 210 4505 644 208 4506 648 209 4507 647 4 4508 648 209 4509 642 210 4510 636 211 4511 640 4 4512 638 4 4513 642 210 4514 632 4 4515 631 4 4516 634 4 4517 636 211 4518 634 4 4519 653 212 4520 653 212 4521 634 4 4522 631 4 4523 636 211 4524 653 212 4525 648 209 4526 638 4 4527 636 211 4528 642 210 4529 111 2 4530 112 2 4531 645 213 4532 643 214 4533 645 213 4534 650 215 4535 112 2 4536 650 215 4537 645 213 4538 637 216 4539 643 214 4540 650 215 4541 643 214 4542 639 2 4543 641 2 4544 635 2 4545 630 2 4546 633 2 4547 654 217 4548 635 2 4549 637 216 4550 630 2 4551 635 2 4552 654 217 4553 650 215 4554 654 217 4555 637 216 4556 643 214 4557 637 216 4558 639 2 4559 653 218 4560 651 219 4561 657 220 4562 657 220 4563 658 221 4564 653 218 4565 651 202 4566 655 204 4567 657 222 4568 658 4 4569 657 4 4570 655 4 4571 655 4 4572 659 4 4573 658 4 4574 661 223 4575 652 224 4576 654 225 4577 654 225 4578 660 226 4579 661 223 4580 661 227 4581 656 205 4582 652 207 4583 656 2 4584 661 2 4585 660 2 4586 660 2 4587 662 2 4588 656 2 4589 653 228 4590 658 229 4591 659 230 4592 662 231 4593 660 232 4594 654 233 4595 655 234 4596 649 235 4597 648 236 4598 648 236 4599 659 237 4600 655 234 4601 650 238 4602 757 239 4603 656 240 4604 656 240 4605 662 241 4606 650 238 4607 653 228 4608 659 230 4609 648 242 4610 650 243 4611 662 231 4612 654 233 4613 665 1 4614 279 1 4615 663 1 4616 663 1 4617 664 1 4618 665 1 4619 279 5 4620 282 5 4621 666 5 4622 666 5 4623 663 5 4624 279 5 4625 282 1 4626 667 1 4627 668 1 4628 668 1 4629 666 1 4630 282 1 4631 667 3 4632 108 3 4633 669 3 4634 669 3 4635 668 3 4636 667 3 4637 108 1 4638 670 1 4639 669 1 4640 671 1 4641 669 1 4642 670 1 4643 670 5 4644 672 5 4645 671 5 4646 673 5 4647 671 5 4648 672 5 4649 672 1 4650 418 1 4651 674 1 4652 674 1 4653 673 1 4654 672 1 4655 418 3 4656 115 3 4657 675 3 4658 675 3 4659 674 3 4660 418 3 4661 115 1 4662 117 1 4663 676 1 4664 676 1 4665 675 1 4666 115 1 4667 679 5 4668 776 5 4669 677 5 4670 117 5 4671 679 5 4672 678 5 4673 677 5 4674 678 5 4675 679 5 4676 678 5 4677 676 5 4678 117 5 4679 776 0 4680 327 0 4681 680 0 4682 680 0 4683 677 0 4684 776 0 4685 682 3 4686 665 3 4687 681 3 4688 327 3 4689 682 3 4690 681 3 4691 664 3 4692 681 3 4693 665 3 4694 681 3 4695 680 3 4696 327 3 4697 666 4 4698 664 4 4699 663 4 4700 673 165 4701 669 4 4702 671 4 4703 674 80 4704 675 4 4705 676 4 4706 681 166 4707 666 4 4708 668 167 4709 669 4 4710 673 165 4711 668 167 4712 664 4 4713 666 4 4714 681 166 4715 678 168 4716 681 166 4717 668 167 4718 674 80 4719 678 168 4720 673 165 4721 668 167 4722 673 165 4723 678 168 4724 676 4 4725 678 168 4726 674 80 4727 279 2 4728 665 2 4729 282 2 4730 670 2 4731 108 2 4732 672 169 4733 117 2 4734 115 2 4735 418 86 4736 667 170 4737 282 2 4738 682 171 4739 667 170 4740 672 169 4741 108 2 4742 682 171 4743 282 2 4744 665 2 4745 667 170 4746 682 171 4747 679 172 4748 672 169 4749 679 172 4750 418 86 4751 679 172 4752 672 169 4753 667 170 4754 418 86 4755 679 172 4756 117 2 4757 677 244 4758 680 245 4759 683 246 4760 684 247 4761 327 248 4762 776 249 4763 686 250 4764 680 251 4765 681 250 4766 681 250 4767 685 252 4768 686 250 4769 682 253 4770 327 254 4771 687 255 4772 687 255 4773 688 256 4774 682 253 4775 686 4 4776 685 4 4777 689 4 4778 689 4 4779 683 4 4780 686 4 4781 681 257 4782 689 258 4783 685 259 4784 690 2 4785 688 2 4786 687 2 4787 687 2 4788 684 2 4789 690 2 4790 688 260 4791 690 261 4792 682 262 4793 680 245 4794 686 263 4795 683 246 4796 684 247 4797 687 264 4798 327 248 4799 681 257 4800 678 265 4801 689 258 4802 690 261 4803 679 266 4804 682 262 4805 678 267 4806 677 268 4807 683 269 4808 683 269 4809 689 270 4810 678 267 4811 684 271 4812 776 272 4813 679 273 4814 679 273 4815 690 274 4816 684 271 4817 694 0 4818 691 0 4819 692 0 4820 692 0 4821 693 0 4822 694 0 4823 33 5 4824 694 5 4825 693 5 4826 693 5 4827 695 5 4828 33 5 4829 697 0 4830 33 0 4831 695 0 4832 695 0 4833 696 0 4834 697 0 4835 699 5 4836 697 5 4837 696 5 4838 696 5 4839 698 5 4840 699 5 4841 701 1 4842 699 1 4843 698 1 4844 698 1 4845 700 1 4846 701 1 4847 705 1 4848 702 1 4849 703 1 4850 703 1 4851 704 1 4852 705 1 4853 707 3 4854 705 3 4855 704 3 4856 704 3 4857 706 3 4858 707 3 4859 709 1 4860 707 1 4861 706 1 4862 706 1 4863 708 1 4864 709 1 4865 12 1 4866 701 1 4867 710 1 4868 700 1 4869 710 1 4870 701 1 4871 712 5 4872 12 5 4873 710 5 4874 710 5 4875 711 5 4876 712 5 4877 714 1 4878 712 1 4879 711 1 4880 711 1 4881 713 1 4882 714 1 4883 691 3 4884 714 3 4885 713 3 4886 713 3 4887 692 3 4888 691 3 4889 713 4 4890 711 4 4891 710 275 4892 713 4 4893 710 275 4894 692 4 4895 716 276 4896 718 4 4897 710 275 4898 695 4 4899 710 275 4900 718 4 4901 693 4 4902 692 4 4903 695 4 4904 695 4 4905 719 4 4906 708 4 4907 695 4 4908 692 4 4909 710 275 4910 708 4 4911 696 4 4912 695 4 4913 718 4 4914 719 4 4915 695 4 4916 715 277 4917 716 276 4918 700 278 4919 700 278 4920 698 279 4921 715 277 4922 716 276 4923 710 275 4924 700 278 4925 715 277 4926 698 279 4927 703 4 4928 706 4 4929 703 4 4930 696 4 4931 703 4 4932 706 4 4933 704 4 4934 696 4 4935 703 4 4936 698 279 4937 696 4 4938 708 4 4939 706 4 4940 716 276 4941 717 4 4942 718 4 4943 12 280 4944 712 2 4945 714 2 4946 691 2 4947 12 280 4948 714 2 4949 12 280 4950 720 2 4951 722 281 4952 720 2 4953 12 280 4954 33 282 4955 33 282 4956 691 2 4957 694 2 4958 709 283 4959 63 2 4960 33 282 4961 12 280 4962 691 2 4963 33 282 4964 33 282 4965 697 284 4966 709 283 4967 33 282 4968 63 2 4969 720 2 4970 701 285 4971 722 281 4972 68 2 4973 68 2 4974 699 2 4975 701 285 4976 701 285 4977 12 280 4978 722 281 4979 702 286 4980 699 2 4981 68 2 4982 697 284 4983 702 286 4984 707 287 4985 705 2 4986 707 287 4987 702 286 4988 699 2 4989 702 286 4990 697 284 4991 707 287 4992 709 283 4993 697 284 4994 720 2 4995 721 2 4996 722 281 4997 63 1 4998 709 1 4999 708 1 5000 708 1 5001 719 1 5002 63 1 5003 720 5 5004 63 5 5005 719 5 5006 719 5 5007 718 5 5008 720 5 5009 721 0 5010 720 0 5011 718 0 5012 718 0 5013 717 0 5014 721 0 5015 722 5 5016 721 5 5017 717 5 5018 717 5 5019 716 5 5020 722 5 5021 68 0 5022 722 0 5023 716 0 5024 716 0 5025 715 0 5026 68 0 5027 702 3 5028 68 3 5029 715 3 5030 715 3 5031 703 3 5032 702 3 5033 95 5 5034 96 5 5035 723 5 5036 723 5 5037 724 5 5038 95 5 5039 727 3 5040 728 3 5041 726 3 5042 725 3 5043 726 3 5044 728 3 5045 723 2 5046 96 2 5047 728 2 5048 725 2 5049 728 2 5050 96 2 5051 724 0 5052 723 0 5053 728 0 5054 728 0 5055 727 0 5056 724 0 5057 95 4 5058 724 4 5059 726 4 5060 727 4 5061 726 4 5062 724 4 5063 732 5 5064 729 5 5065 730 5 5066 730 5 5067 731 5 5068 732 5 5069 736 3 5070 737 3 5071 735 3 5072 82 3 5073 735 3 5074 737 3 5075 737 3 5076 522 3 5077 82 3 5078 522 3 5079 733 3 5080 734 3 5081 734 3 5082 78 3 5083 522 3 5084 522 3 5085 78 3 5086 82 3 5087 730 2 5088 729 2 5089 522 2 5090 522 2 5091 729 2 5092 733 2 5093 730 2 5094 522 2 5095 737 2 5096 737 2 5097 736 2 5098 730 2 5099 731 0 5100 730 0 5101 736 0 5102 736 0 5103 735 0 5104 731 0 5105 732 4 5106 731 4 5107 82 4 5108 82 4 5109 731 4 5110 735 4 5111 732 4 5112 82 4 5113 78 4 5114 78 4 5115 734 4 5116 732 4 5117 729 1 5118 732 1 5119 734 1 5120 734 1 5121 733 1 5122 729 1 5123 741 5 5124 738 5 5125 739 5 5126 739 5 5127 740 5 5128 741 5 5129 745 3 5130 746 3 5131 744 3 5132 105 3 5133 744 3 5134 746 3 5135 746 3 5136 747 3 5137 105 3 5138 747 3 5139 742 3 5140 743 3 5141 743 3 5142 102 3 5143 747 3 5144 747 3 5145 102 3 5146 105 3 5147 739 2 5148 738 2 5149 747 2 5150 747 2 5151 738 2 5152 742 2 5153 739 2 5154 747 2 5155 746 2 5156 746 2 5157 745 2 5158 739 2 5159 740 0 5160 739 0 5161 745 0 5162 745 0 5163 744 0 5164 740 0 5165 741 4 5166 740 4 5167 105 4 5168 105 4 5169 740 4 5170 744 4 5171 741 4 5172 105 4 5173 102 4 5174 102 4 5175 743 4 5176 741 4 5177 738 1 5178 741 1 5179 743 1 5180 743 1 5181 742 1 5182 738 1 5183 751 5 5184 748 5 5185 749 5 5186 749 5 5187 750 5 5188 751 5 5189 756 3 5190 757 3 5191 755 3 5192 85 3 5193 755 3 5194 757 3 5195 757 3 5196 754 3 5197 85 3 5198 758 3 5199 752 3 5200 753 3 5201 753 3 5202 754 3 5203 758 3 5204 758 3 5205 754 3 5206 757 3 5207 749 2 5208 748 2 5209 758 2 5210 758 2 5211 748 2 5212 752 2 5213 749 2 5214 758 2 5215 757 2 5216 757 2 5217 756 2 5218 749 2 5219 750 0 5220 749 0 5221 756 0 5222 756 0 5223 755 0 5224 750 0 5225 751 4 5226 750 4 5227 85 4 5228 85 4 5229 750 4 5230 755 4 5231 751 4 5232 85 4 5233 754 4 5234 754 4 5235 753 4 5236 751 4 5237 748 1 5238 751 1 5239 753 1 5240 753 1 5241 752 1 5242 748 1 5243 762 5 5244 759 5 5245 760 5 5246 760 5 5247 761 5 5248 762 5 5249 767 3 5250 117 3 5251 766 3 5252 765 3 5253 766 3 5254 117 3 5255 117 3 5256 112 3 5257 765 3 5258 112 3 5259 763 3 5260 764 3 5261 764 3 5262 113 3 5263 112 3 5264 112 3 5265 113 3 5266 765 3 5267 760 2 5268 759 2 5269 112 2 5270 112 2 5271 759 2 5272 763 2 5273 760 2 5274 112 2 5275 117 2 5276 117 2 5277 767 2 5278 760 2 5279 761 0 5280 760 0 5281 766 0 5282 767 0 5283 766 0 5284 760 0 5285 762 4 5286 761 4 5287 765 4 5288 765 4 5289 761 4 5290 766 4 5291 762 4 5292 765 4 5293 113 4 5294 113 4 5295 764 4 5296 762 4 5297 759 1 5298 762 1 5299 763 1 5300 764 1 5301 763 1 5302 762 1 5303 771 5 5304 768 5 5305 769 5 5306 769 5 5307 770 5 5308 771 5 5309 775 3 5310 90 3 5311 774 3 5312 89 3 5313 774 3 5314 90 3 5315 90 3 5316 776 3 5317 89 3 5318 776 3 5319 772 3 5320 773 3 5321 773 3 5322 86 3 5323 776 3 5324 776 3 5325 86 3 5326 89 3 5327 769 2 5328 768 2 5329 776 2 5330 776 2 5331 768 2 5332 772 2 5333 769 2 5334 776 2 5335 90 2 5336 90 2 5337 775 2 5338 769 2 5339 770 0 5340 769 0 5341 774 0 5342 775 0 5343 774 0 5344 769 0 5345 771 4 5346 770 4 5347 89 4 5348 89 4 5349 770 4 5350 774 4 5351 771 4 5352 89 4 5353 86 4 5354 86 4 5355 773 4 5356 771 4 5357 768 1 5358 771 1 5359 772 1 5360 773 1 5361 772 1 5362 771 1 5363 780 5 5364 777 5 5365 778 5 5366 778 5 5367 779 5 5368 780 5 5369 783 3 5370 567 3 5371 781 3 5372 781 3 5373 782 3 5374 783 3 5375 778 2 5376 777 2 5377 781 2 5378 781 2 5379 567 2 5380 778 2 5381 780 4 5382 779 4 5383 783 4 5384 783 4 5385 782 4 5386 780 4 5387 777 1 5388 780 1 5389 782 1 5390 782 1 5391 781 1 5392 777 1 5393 779 0 5394 567 0 5395 783 0 5396 567 0 5397 779 0 5398 778 0 5399</p>
        </triangles>
      </mesh>
    </geometry>
  </library_geometries>
  <library_visual_scenes>
    <visual_scene id="Scene" name="Scene">
      <node id="기본_벽__W1__434114_" name="기본 벽 #W1 [434114]" type="NODE">
        <matrix sid="transform">0.3048 0 0 0 0 0.3048 0 0 0 0 0.3048 0 0 0 0 1</matrix>
        <instance_geometry url="#기본_벽__W1__434114__Geometry-mesh" name="기본 벽 #W1 [434114]"/>
      </node>
      <node id="_D_뷰___3D_" name="3D 뷰: {3D}" type="NODE">
        <matrix sid="transform">0.3034342 -0.01719367 0.02313241 6.713211 0.0288224 0.1810104 -0.2435314 -42.50591 -2.51863e-8 0.2446276 0.1818251 46.4844 0 0 0 1</matrix>
        <instance_camera url="#_D_뷰___3D_-camera"/>
      </node>
      <node id="Camera" name="Camera" type="NODE">
        <matrix sid="transform">0.6859207 -0.3240135 0.6515582 7.358891 0.7276763 0.3054208 -0.6141704 -6.925791 0 0.8953956 0.4452714 4.958309 0 0 0 1</matrix>
        <instance_camera url="#Camera-camera"/>
      </node>
      <node id="Light" name="Light" type="NODE">
        <matrix sid="transform">-0.2908646 -0.7711008 0.5663932 4.076245 0.9551712 -0.1998834 0.2183912 1.005454 -0.05518906 0.6045247 0.7946723 5.903862 0 0 0 1</matrix>
        <instance_light url="#Light-light"/>
      </node>
    </visual_scene>
  </library_visual_scenes>
  <scene>
    <instance_visual_scene url="#Scene"/>
  </scene>
</COLLADA>
