<?xml version="1.0" encoding="utf-8"?>
<COLLADA xmlns="http://www.collada.org/2005/11/COLLADASchema" version="1.4.1" xmlns:xsi="http://www.w3.org/2001/XMLSchema-instance">
  <asset>
    <contributor>
      <author>Blender User</author>
      <authoring_tool>Blender 3.6.23 commit date:2025-06-16, commit time:11:52, hash:e467db79ca8c</authoring_tool>
    </contributor>
    <created>2025-08-19T17:35:16</created>
    <modified>2025-08-19T17:35:16</modified>
    <unit name="meter" meter="1"/>
    <up_axis>Z_UP</up_axis>
  </asset>
  <library_cameras>
    <camera id="_D_뷰___3D_-camera" name="3D 뷰: {3D}">
      <optics>
        <technique_common>
          <orthographic>
            <xmag sid="xmag">0.5</xmag>
            <aspect_ratio>1.777778</aspect_ratio>
            <znear sid="znear">40.07757</znear>
            <zfar sid="zfar">84.68305</zfar>
          </orthographic>
        </technique_common>
      </optics>
      <extra>
        <technique profile="blender">
          <shiftx sid="shiftx" type="float">-0.06360977</shiftx>
          <shifty sid="shifty" type="float">-0.2095161</shifty>
          <dof_distance sid="dof_distance" type="float">0.06095999</dof_distance>
        </technique>
      </extra>
    </camera>
    <camera id="Camera-camera" name="Camera">
      <optics>
        <technique_common>
          <perspective>
            <xfov sid="xfov">39.59775</xfov>
            <aspect_ratio>1.777778</aspect_ratio>
            <znear sid="znear">0.1</znear>
            <zfar sid="zfar">100</zfar>
          </perspective>
        </technique_common>
      </optics>
      <extra>
        <technique profile="blender">
          <shiftx sid="shiftx" type="float">0</shiftx>
          <shifty sid="shifty" type="float">0</shifty>
          <dof_distance sid="dof_distance" type="float">10</dof_distance>
        </technique>
      </extra>
    </camera>
  </library_cameras>
  <library_lights>
    <light id="Light-light" name="Light">
      <technique_common>
        <point>
          <color sid="color">1000 1000 1000</color>
          <constant_attenuation>1</constant_attenuation>
          <linear_attenuation>0</linear_attenuation>
          <quadratic_attenuation>0.00111109</quadratic_attenuation>
        </point>
      </technique_common>
      <extra>
        <technique profile="blender">
          <type sid="type" type="int">0</type>
          <flag sid="flag" type="int">0</flag>
          <mode sid="mode" type="int">1</mode>
          <gamma sid="blender_gamma" type="float">1</gamma>
          <red sid="red" type="float">1</red>
          <green sid="green" type="float">1</green>
          <blue sid="blue" type="float">1</blue>
          <shadow_r sid="blender_shadow_r" type="float">0</shadow_r>
          <shadow_g sid="blender_shadow_g" type="float">0</shadow_g>
          <shadow_b sid="blender_shadow_b" type="float">0</shadow_b>
          <energy sid="blender_energy" type="float">1000</energy>
          <dist sid="blender_dist" type="float">29.99998</dist>
          <spotsize sid="spotsize" type="float">75</spotsize>
          <spotblend sid="spotblend" type="float">0.15</spotblend>
          <att1 sid="att1" type="float">0</att1>
          <att2 sid="att2" type="float">1</att2>
          <falloff_type sid="falloff_type" type="int">2</falloff_type>
          <clipsta sid="clipsta" type="float">0.04999995</clipsta>
          <clipend sid="clipend" type="float">30.002</clipend>
          <bias sid="bias" type="float">1</bias>
          <bufsize sid="bufsize" type="int">2880</bufsize>
          <samp sid="samp" type="int">3</samp>
          <buffers sid="buffers" type="int">1</buffers>
          <radius sid="radius" type="float">0.1</radius>
          <area_shape sid="area_shape" type="int">1</area_shape>
          <area_size sid="area_size" type="float">0.1</area_size>
          <area_sizey sid="area_sizey" type="float">0.1</area_sizey>
          <area_sizez sid="area_sizez" type="float">1</area_sizez>
        </technique>
      </extra>
    </light>
  </library_lights>
  <library_images/>
  <library_geometries>
    <geometry id="기본_벽__W1__434829__Geometry-mesh" name="기본 벽 #W1 [434829] Geometry">
      <mesh>
        <source id="기본_벽__W1__434829__Geometry-mesh-positions">
          <float_array id="기본_벽__W1__434829__Geometry-mesh-positions-array" count="2352">38.58578 8.570712 0.984252 38.58578 27.43554 0.984252 38.58578 27.43554 15.74803 38.58578 8.570712 15.74803 37.92961 8.570712 0.984252 37.92961 8.570712 15.74803 37.92961 27.43554 15.74803 -34.15044 -7.423383 0.984252 -1.112386 -7.423383 0.984252 -0.4562185 -7.423383 0.984252 -0.4562185 -7.423383 15.2559 -34.15044 -7.423383 15.2559 -0.4562185 -6.767215 0.984252 -34.15044 -6.767215 0.984252 -34.15044 -6.767215 15.2559 -0.4562185 -6.767215 15.2559 -1.112386 -40.06774 0.984252 -1.112386 -40.06774 15.2559 -1.112386 -7.423383 15.2559 -0.4562185 -39.41157 15.2559 -0.4562185 -40.06774 9.186352 -0.4562185 -40.06774 4.265092 -0.4562185 -40.06774 0.984252 24.80625 -40.06774 0.984252 24.80625 -40.06774 15.2559 -0.4562185 -40.06774 15.2559 24.15008 -39.41157 15.2559 24.80625 -39.41157 15.2559 24.80625 -39.41157 0.984252 24.80625 -7.423383 0.984252 24.80625 -6.767215 0.984252 24.80625 -6.767215 15.2559 24.80625 -7.423383 15.2559 24.15008 -39.41157 0.984252 24.15008 -6.767215 15.2559 38.01163 -7.423383 0.984252 38.01163 -7.423383 15.2559 38.01163 -6.767215 15.2559 38.01163 -6.767215 0.984252 38.58578 -0.8617032 0.984252 38.58578 2.501158 0.984252 38.58578 2.501158 15.2559 38.58578 -0.8617032 15.2559 37.92961 -0.8617032 15.2559 37.92961 2.501158 15.2559 37.92961 2.501158 0.984252 38.58578 4.797746 0.984252 38.58578 8.570712 15.2559 38.58578 4.797746 15.2559 37.92961 4.797746 0.984252 37.92961 4.797746 15.2559 37.92961 8.570712 15.2559 8.730134 -15.37942 0.984252 16.27607 -15.37942 0.984252 8.730134 -15.37942 15.2559 8.730134 -14.72325 0.984252 16.27607 -14.72325 15.2559 16.27607 -15.37942 15.2559 16.27607 -9.473908 15.2559 16.93223 -9.473908 15.2559 16.93223 -33.91616 15.2559 16.27607 -33.26 0.984252 16.27607 -33.26 15.2559 16.27607 -33.91616 0.984252 16.27607 -33.91616 15.2559 8.730134 -33.91616 15.2559 8.730134 -33.91616 0.984252 8.073966 -35.80265 0.984252 8.073966 -35.80265 15.2559 8.073966 -14.72325 15.2559 8.730134 -14.72325 15.2559 8.730134 -33.26 15.2559 8.730134 -35.80265 15.2559 8.730134 -33.26 0.984252 -26.83417 31.74985 0.984252 -26.83417 31.74985 13.12336 -26.24362 31.74985 0.984252 -26.24362 31.74985 13.12336 -26.24362 -0.271152 0.984252 -1.24362 31.74985 13.12336 -0.6530689 31.74985 13.12336 -0.6530689 -0.271152 13.12336 24.34693 -0.271152 13.12336 24.34693 31.74985 13.12336 24.93748 31.74985 13.12336 24.93748 -0.271152 0.984252 -40.48246 -0.8617032 0.984252 -40.48246 -0.8617032 13.12336 -40.48246 2.173074 13.12336 -39.89191 2.173074 0.984252 -39.89191 2.173074 13.12336 -39.89191 -0.8617032 13.12336 -14.0389 5.12583 13.12336 -14.0389 27.43554 13.12336 -13.44834 27.43554 13.12336 -13.44834 5.12583 13.12336 -13.44834 5.12583 0.984252 -14.0389 2.173074 0.984252 -14.0389 2.173074 13.12336 -13.44834 2.173074 13.12336 11.55166 27.43554 0.984252 11.55166 5.12583 0.984252 11.55166 5.12583 13.12336 11.55166 27.43554 13.12336 12.14221 27.43554 0.984252 12.14221 27.43554 13.12336 12.14221 5.12583 13.12336 12.14221 5.12583 0.984252 11.55166 2.173074 13.12336 12.14221 2.173074 0.984252 12.14221 2.173074 13.12336 12.14221 -0.271152 13.12336 -40.48246 8.570712 0.984252 -40.48246 5.12583 0.984252 -40.48246 5.12583 13.12336 -40.48246 8.570712 13.12336 -39.89191 8.570712 13.12336 -39.89191 5.12583 13.12336 -40.83578 32.17635 0.984252 -40.73735 32.17635 0.984252 -38.94047 32.17635 0.984252 -38.84204 32.17635 15.09186 -40.83578 32.17635 15.09186 -40.83578 32.27478 0.984252 -40.83578 32.27478 15.09186 -38.84204 32.27478 15.09186 -38.84204 32.27478 0.984252 -38.94047 30.28987 0.984252 -38.94047 30.28987 15.09186 -38.94047 32.17635 15.09186 -38.84204 32.17635 0.984252 -38.84204 30.3883 0.984252 -38.84204 30.28987 0.984252 -37.85779 30.28987 15.74803 -38.84204 30.28987 15.74803 -38.84204 30.28987 15.09186 -38.84204 30.3883 15.74803 -37.85779 30.3883 15.74803 -37.85779 30.3883 0.984252 -37.95622 30.28987 0.984252 -37.95622 27.43554 15.74803 -37.95622 30.28987 15.74803 -37.85779 30.28987 0.984252 -37.85779 27.43554 15.74803 -37.85779 27.43554 0.984252 -37.95622 27.53397 0.984252 -40.83578 27.53397 0.984252 -37.95622 27.53397 15.09186 -37.95622 27.43554 0.984252 -37.95622 27.43554 15.09186 -40.83578 27.43554 15.09186 -40.83578 27.43554 0.984252 -40.73735 27.53397 0.984252 -40.73735 32.17635 15.09186 -40.73735 27.53397 15.09186 -40.83578 27.53397 15.09186 -27.03102 32.17635 0.984252 -26.04677 32.17635 15.09186 -26.9326 32.17635 15.09186 -27.03102 32.27478 0.984252 -27.03102 32.27478 15.09186 -26.04677 32.27478 15.09186 -26.04677 32.27478 0.984252 -26.1452 32.17635 0.984252 -26.1452 31.74985 0.984252 -26.1452 32.17635 15.09186 -26.04677 32.17635 0.984252 -26.04677 31.74985 15.09186 -26.04677 31.74985 0.984252 -26.1452 31.84827 0.984252 -26.9326 31.84827 15.09186 -26.1452 31.84827 15.09186 -26.1452 31.74985 15.09186 -27.03102 31.74985 15.09186 -27.03102 31.74985 0.984252 -26.9326 31.84827 0.984252 -26.9326 32.17635 0.984252 -27.03102 31.84827 0.984252 -27.03102 31.84827 15.09186 -27.03102 32.17635 15.09186 -14.23575 32.17635 0.984252 -14.13732 32.17635 0.984252 -13.34992 32.17635 0.984252 -13.25149 32.17635 0.984252 -13.25149 32.17635 15.09186 -14.13732 32.17635 15.09186 -14.23575 32.17635 15.09186 -14.23575 32.27478 0.984252 -14.23575 32.27478 15.09186 -13.25149 32.27478 15.09186 -13.25149 32.27478 0.984252 -13.34992 30.28987 0.984252 -13.34992 30.28987 15.09186 -13.34992 32.17635 15.09186 -13.25149 30.28987 0.984252 -13.25149 30.3883 0.984252 -12.36567 30.28987 0.984252 -12.26724 30.28987 0.984252 -13.25149 30.28987 15.74803 -13.25149 30.28987 15.09186 -13.25149 30.3883 15.74803 -12.26724 30.3883 15.74803 -12.36567 27.43554 15.74803 -12.36567 27.53397 15.74803 -12.36567 30.28987 15.74803 -12.26724 30.28987 15.74803 -12.26724 27.43554 15.74803 -12.26724 27.43554 0.984252 -12.36567 27.53397 0.984252 -12.36567 27.43554 0.984252 -15.22 27.43554 15.74803 -15.22 27.43554 0.984252 -15.12157 27.53397 0.984252 -15.12157 30.28987 15.74803 -15.12157 27.53397 15.74803 -15.22 27.53397 0.984252 -15.22 27.53397 15.74803 -15.22 30.3883 15.74803 -15.22 30.3883 0.984252 -15.12157 30.28987 0.984252 -14.13732 30.28987 0.984252 -14.13732 30.28987 15.74803 -15.12157 30.3883 0.984252 -15.12157 30.3883 15.74803 -14.13732 30.3883 15.74803 -14.13732 30.3883 15.09186 -14.13732 30.3883 0.984252 -14.23575 30.3883 0.984252 -14.23575 30.3883 15.09186 -1.342045 32.17635 0.984252 -0.5546437 32.17635 0.984252 -0.5546437 32.17635 15.09186 -1.342045 32.17635 15.09186 -1.44047 32.27478 0.984252 -1.44047 32.27478 15.09186 -0.4562185 32.27478 15.09186 -0.4562185 32.27478 0.984252 -0.4562185 32.17635 0.984252 -0.4562185 32.17635 15.09186 -0.4562185 31.74985 15.09186 -0.4562185 31.74985 0.984252 -0.5546437 31.84827 0.984252 -1.44047 31.84827 0.984252 -0.5546437 31.84827 15.09186 -0.5546437 31.74985 0.984252 -0.5546437 31.74985 15.09186 -1.44047 31.74985 15.09186 -1.44047 31.74985 0.984252 -1.342045 31.84827 0.984252 -1.342045 31.84827 15.09186 -1.44047 31.84827 15.09186 -1.44047 32.17635 15.09186 -1.44047 32.17635 0.984252 11.3548 32.17635 0.984252 12.24063 32.17635 0.984252 12.33906 32.17635 0.984252 12.24063 32.17635 15.09186 11.3548 32.27478 0.984252 11.3548 32.27478 15.09186 12.33906 32.27478 15.09186 12.33906 32.27478 0.984252 12.24063 30.28987 0.984252 12.24063 30.28987 15.09186 12.33906 32.17635 15.09186 12.33906 30.3883 0.984252 12.33906 30.28987 0.984252 13.22488 30.28987 0.984252 13.32331 30.28987 0.984252 13.22488 30.28987 15.74803 12.33906 30.28987 15.74803 12.33906 30.28987 15.09186 12.33906 30.3883 15.74803 13.32331 30.3883 15.74803 13.22488 27.53397 0.984252 13.22488 27.43554 15.74803 13.22488 27.53397 15.74803 13.32331 30.28987 15.74803 13.32331 27.43554 15.74803 13.32331 27.43554 0.984252 10.37055 27.53397 15.74803 10.46898 27.53397 15.74803 13.22488 27.43554 0.984252 10.37055 27.43554 15.74803 10.46898 27.53397 0.984252 10.46898 30.3883 15.74803 10.46898 30.28987 15.74803 10.37055 27.53397 0.984252 10.37055 30.3883 15.74803 10.46898 30.28987 0.984252 11.45323 30.28987 0.984252 11.45323 30.28987 15.74803 10.46898 30.3883 0.984252 11.45323 30.3883 15.74803 11.45323 30.3883 0.984252 11.45323 32.17635 0.984252 11.45323 32.17635 15.09186 11.45323 30.3883 15.09186 11.3548 30.3883 15.09186 11.3548 32.17635 15.09186 24.24851 32.17635 0.984252 25.03591 32.17635 0.984252 25.13433 32.17635 0.984252 25.03591 32.17635 15.09186 24.15008 32.17635 15.09186 24.15008 32.27478 0.984252 24.15008 32.27478 15.09186 25.13433 32.27478 15.09186 25.13433 32.27478 0.984252 25.03591 31.84827 0.984252 25.03591 31.84827 15.09186 25.13433 32.17635 15.09186 25.13433 31.74985 15.09186 25.13433 31.74985 0.984252 24.24851 31.84827 0.984252 25.03591 31.74985 0.984252 25.03591 31.74985 15.09186 24.15008 31.74985 15.09186 24.15008 31.74985 0.984252 24.34693 31.74985 0.984252 24.93748 31.74985 0.984252 24.24851 32.17635 15.09186 24.24851 31.84827 15.09186 24.15008 31.84827 0.984252 24.15008 31.84827 15.09186 24.15008 32.17635 0.984252 38.88987 27.53397 0.984252 35.9611 27.53397 0.984252 35.9611 27.53397 15.09186 38.88987 27.53397 15.09186 38.88987 27.43554 0.984252 38.88987 27.43554 15.09186 35.9611 27.43554 15.09186 35.9611 27.43554 0.984252 36.05953 27.53397 0.984252 36.05953 30.3883 15.74803 36.05953 27.53397 15.74803 35.9611 27.53397 15.74803 35.9611 30.3883 15.74803 35.9611 30.3883 0.984252 36.05953 30.28987 0.984252 37.04378 30.28987 0.984252 37.04378 30.28987 15.74803 36.05953 30.28987 15.74803 36.05953 30.3883 0.984252 37.04378 30.3883 15.74803 37.04378 30.3883 15.09186 37.04378 30.3883 0.984252 37.04378 32.22557 0.984252 37.04378 32.22557 15.09186 36.94535 30.3883 0.984252 36.94535 30.3883 15.09186 36.94535 32.22557 15.09186 36.94535 32.22557 0.984252 -40.59729 5.027404 0.984252 -38.02183 5.027404 0.984252 -38.02183 5.027404 15.09186 -40.59729 5.027404 15.09186 -40.59729 5.12583 0.984252 -40.59729 5.12583 15.09186 -38.02183 5.12583 15.09186 -38.12026 5.027404 0.984252 -38.12026 2.173074 0.984252 -38.12026 2.173074 15.74803 -38.12026 5.027404 15.74803 -38.02183 5.027404 15.74803 -38.02183 2.173074 15.74803 -38.02183 2.173074 0.984252 -38.12026 2.271499 0.984252 -40.59729 2.271499 0.984252 -40.59729 2.271499 15.09186 -38.12026 2.271499 15.09186 -38.12026 2.173074 15.09186 -40.59729 2.173074 15.09186 -40.59729 2.173074 0.984252 -40.48246 2.173074 0.984252 -40.59729 -0.92732 0.984252 -40.59729 -0.92732 15.74803 -34.49493 -0.92732 15.74803 -40.59729 -1.025745 15.74803 -40.59729 -1.025745 0.984252 -15.05596 5.027404 0.984252 -14.95753 5.027404 0.984252 -12.52971 5.027404 0.984252 -12.43128 5.027404 0.984252 -12.43128 5.027404 15.74803 -12.52971 5.027404 15.74803 -15.05596 5.12583 15.74803 -12.43128 5.12583 15.74803 -12.43128 5.12583 0.984252 -12.43128 2.173074 15.74803 -12.43128 2.173074 0.984252 -12.52971 2.271499 0.984252 -14.95753 2.271499 0.984252 -15.05596 2.271499 0.984252 -15.05596 2.271499 15.74803 -12.52971 2.271499 15.74803 -12.52971 2.173074 0.984252 -12.52971 2.173074 15.74803 -15.05596 2.173074 15.74803 -14.95753 5.027404 15.74803 -14.95753 2.271499 15.74803 -15.05596 5.027404 15.74803 10.5346 5.027404 0.984252 13.15927 5.027404 0.984252 13.15927 5.027404 15.74803 13.06084 5.027404 15.74803 10.5346 5.027404 15.74803 10.5346 5.12583 0.984252 10.5346 5.12583 15.74803 13.15927 5.12583 15.74803 13.06084 5.027404 0.984252 13.06084 2.271499 0.984252 13.06084 2.173074 0.984252 13.15927 2.173074 15.74803 10.5346 2.271499 0.984252 10.63302 2.271499 15.74803 13.06084 2.271499 15.74803 13.06084 2.173074 15.74803 10.5346 2.173074 15.74803 10.5346 2.173074 0.984252 10.63302 2.271499 0.984252 10.63302 5.027404 0.984252 10.63302 5.027404 15.74803 10.5346 2.271499 15.74803 37.92961 5.12583 0.984252 36.02672 5.12583 15.74803 37.92961 5.12583 15.74803 37.92961 5.027404 0.984252 37.92961 5.027404 15.74803 36.02672 5.027404 0.984252 36.02672 2.173074 15.74803 36.02672 5.027404 15.74803 36.12514 5.027404 0.984252 36.12514 5.027404 15.74803 36.12514 2.271499 15.74803 36.12514 2.173074 15.74803 36.12514 2.173074 0.984252 37.92961 2.173074 0.984252 37.92961 2.173074 15.74803 36.12514 2.271499 0.984252 37.92961 2.271499 15.74803 37.92961 2.271499 0.984252 -38.84204 31.9631 0.984252 -27.03102 31.9631 0.984252 -27.03102 31.9631 15.09186 -38.84204 31.9631 15.09186 -38.84204 32.06152 0.984252 -38.84204 32.06152 15.09186 -27.03102 32.06152 15.09186 -27.03102 32.06152 0.984252 -14.23575 32.06152 0.984252 -26.04677 32.06152 0.984252 -26.04677 32.06152 15.09186 -14.23575 32.06152 15.09186 -14.23575 31.9631 0.984252 -14.23575 31.9631 15.09186 -26.04677 31.9631 15.09186 -26.04677 31.9631 0.984252 -13.25149 31.9631 0.984252 -1.44047 31.9631 0.984252 -1.44047 31.9631 15.09186 -13.25149 31.9631 15.09186 -13.25149 32.06152 0.984252 -13.25149 32.06152 15.09186 -1.44047 32.06152 15.09186 -1.44047 32.06152 0.984252 11.3548 32.06152 0.984252 -0.4562185 32.06152 0.984252 -0.4562185 32.06152 15.09186 11.3548 32.06152 15.09186 11.3548 31.9631 0.984252 11.3548 31.9631 15.09186 -0.4562185 31.9631 15.09186 -0.4562185 31.9631 0.984252 12.33906 31.9631 0.984252 24.15008 31.9631 0.984252 24.15008 31.9631 15.09186 12.33906 31.9631 15.09186 12.33906 32.06152 0.984252 12.33906 32.06152 15.09186 24.15008 32.06152 15.09186 24.15008 32.06152 0.984252 36.94535 32.06152 0.984252 25.13433 32.06152 0.984252 25.13433 32.06152 15.09186 36.94535 32.06152 15.09186 36.94535 31.9631 0.984252 36.94535 31.9631 15.09186 25.13433 31.9631 15.09186 25.13433 31.9631 0.984252 -33.83876 -6.767215 0.984252 -33.83876 -0.8617032 0.984252 -33.83876 -0.8617032 15.74803 -33.83876 -6.767215 15.74803 -34.49493 -6.767215 0.984252 -34.49493 -6.767215 15.74803 -34.49493 -1.025745 15.74803 -34.49493 -0.8617032 15.74803 -34.49493 -0.8617032 0.984252 -34.49493 -0.92732 0.984252 -34.49493 -1.025745 0.984252 38.6678 -7.095299 0.984252 38.6678 -0.8617032 0.984252 38.6678 -0.8617032 15.2559 38.6678 -7.095299 15.2559 38.01163 -7.095299 0.984252 38.01163 -7.095299 15.2559 38.01163 -0.8617032 15.2559 38.01163 -0.8617032 0.984252 -39.82958 8.570712 0.984252 -39.82958 27.43554 0.984252 -39.82958 27.43554 15.74803 -39.82958 8.570712 15.74803 -40.48574 8.570712 0.984252 -40.48574 8.570712 15.74803 -40.48574 27.43554 15.74803 -40.48574 27.43554 0.984252 -26.83417 31.74985 1.148294 -26.83417 -0.271152 1.148294 -37.57892 -0.271152 1.148294 -39.89191 -0.271152 1.148294 -37.57892 -0.271152 0.984252 -39.89191 2.173074 1.148294 -38.02183 2.173074 1.148294 -38.02183 5.12583 1.148294 -38.02183 5.12583 0.984252 -39.89191 5.12583 1.148294 -39.89191 5.12583 0.984252 -39.89191 8.570712 1.148294 -39.89191 8.570712 0.984252 -39.95753 8.570712 1.148294 -39.95753 8.570712 0.984252 -39.95753 27.43554 1.148294 -39.95753 27.43554 0.984252 -37.85779 27.43554 1.148294 -37.85779 30.3883 1.148294 -38.84204 30.3883 1.148294 -38.84204 31.74985 1.148294 -38.84204 31.74985 0.984252 -37.57892 31.74985 1.148294 -37.57892 31.74985 0.984252 -30.69838 22.36548 1.207349 -30.69838 22.36548 1.043307 -33.97922 22.36548 1.207349 -33.9851 25.64778 1.207349 -30.70426 25.64778 1.207349 -33.9851 25.64778 1.043307 -33.97922 22.36548 1.043307 -30.70426 25.64778 1.043307 36.94535 31.74985 0.984252 36.94535 31.74985 1.148294 36.94535 30.3883 1.148294 35.9611 30.3883 1.148294 35.9611 27.43554 1.148294 37.92961 27.43554 1.148294 37.92961 27.43554 0.984252 37.92961 8.570712 1.148294 37.92961 5.12583 1.148294 36.02672 5.12583 1.148294 36.02672 5.12583 0.984252 36.02672 2.173074 1.148294 36.02672 2.173074 0.984252 37.92961 2.173074 1.148294 37.92961 -0.271152 1.148294 24.93748 -0.271152 1.148294 24.93748 31.74985 1.148294 -14.23575 31.74985 0.984252 -14.23575 31.74985 1.148294 -14.23575 30.3883 1.148294 -15.22 30.3883 1.148294 -15.22 27.43554 1.148294 -14.0389 27.43554 1.148294 -14.0389 27.43554 0.984252 -14.0389 5.12583 1.148294 -14.0389 5.12583 0.984252 -15.05596 5.12583 1.148294 -15.05596 5.12583 0.984252 -15.05596 2.173074 1.148294 -15.05596 2.173074 0.984252 -14.0389 2.173074 1.148294 -14.0389 -0.271152 1.148294 -14.0389 -0.271152 0.984252 -15.49887 -0.271152 1.148294 -26.24362 -0.271152 1.148294 -15.49887 -0.271152 0.984252 -26.24362 31.74985 1.148294 -15.49887 31.74985 1.148294 -15.49887 31.74985 0.984252 -22.56486 22.36441 1.194226 -22.56486 22.36441 1.030184 -22.57162 25.64525 1.194226 -19.29078 25.64525 1.194226 -19.28402 22.36441 1.194226 -19.29078 25.64525 1.030184 -22.57162 25.64525 1.030184 -19.28402 22.36441 1.030184 -13.25149 30.3883 1.148294 -13.25149 31.74985 1.148294 -13.25149 31.74985 0.984252 -12.26724 30.3883 0.984252 -12.26724 30.3883 1.148294 -12.26724 27.43554 1.148294 -13.44834 27.43554 0.984252 -13.44834 27.43554 1.148294 -13.44834 5.12583 1.148294 -12.43128 5.12583 1.148294 -12.43128 2.173074 1.148294 -13.44834 2.173074 0.984252 -13.44834 2.173074 1.148294 -13.44834 -0.271152 0.984252 -13.44834 -0.271152 1.148294 -1.24362 -0.271152 1.148294 -11.98837 -0.271152 1.148294 -11.98837 -0.271152 0.984252 -1.24362 31.74985 0.984252 -1.24362 31.74985 1.148294 -11.98837 31.74985 1.148294 -11.98837 31.74985 0.984252 -5.20741 22.37431 1.115486 -5.20741 22.37431 0.9514436 -8.497197 25.63967 1.115486 -8.48825 22.37431 1.115486 -5.216356 25.63967 1.115486 -8.497197 25.63967 0.9514436 -5.216356 25.63967 0.9514436 -8.48825 22.37431 0.9514436 11.3548 31.74985 0.984252 11.3548 31.74985 1.148294 11.3548 30.3883 1.148294 11.3548 30.3883 0.984252 10.37055 30.3883 1.148294 10.37055 30.3883 0.984252 10.37055 27.43554 1.148294 10.37055 27.43554 0.984252 11.55166 27.43554 1.148294 11.55166 5.12583 1.148294 10.5346 5.12583 1.148294 10.5346 2.173074 1.148294 11.55166 2.173074 1.148294 11.55166 2.173074 0.984252 11.55166 -0.271152 1.148294 11.55166 -0.271152 0.984252 10.09168 -0.271152 1.148294 -0.6530689 -0.271152 1.148294 10.09168 -0.271152 0.984252 -0.6530689 31.74985 1.148294 -0.6530689 31.74985 0.984252 10.09168 31.74985 1.148294 10.09168 31.74985 0.984252 3.095096 22.3634 1.128609 3.095096 22.3634 0.964567 3.079895 25.63367 1.128609 6.360735 25.63367 1.128609 6.375936 22.3634 1.128609 6.360735 25.63367 0.964567 3.079895 25.63367 0.964567 6.375936 22.3634 0.964567 12.33906 30.3883 1.148294 12.33906 31.74985 1.148294 12.33906 31.74985 0.984252 13.32331 30.3883 0.984252 13.32331 30.3883 1.148294 13.32331 27.43554 1.148294 12.14221 27.43554 1.148294 12.14221 5.12583 1.148294 13.15927 5.12583 0.984252 13.15927 5.12583 1.148294 13.15927 2.173074 0.984252 13.15927 2.173074 1.148294 12.14221 2.173074 1.148294 12.14221 -0.271152 1.148294 24.34693 -0.271152 1.148294 13.60218 -0.271152 1.148294 13.60218 -0.271152 0.984252 24.34693 31.74985 1.148294 13.60218 31.74985 1.148294 13.60218 31.74985 0.984252 20.48165 22.36906 1.138451 20.48165 22.36906 0.9744095 17.19268 25.65468 1.138451 20.47352 25.65468 1.138451 20.47352 25.65468 0.9744095 17.19268 25.65468 0.9744095 17.20081 22.36906 1.138451 17.20081 22.36906 0.9744095 38.06084 -0.271152 0.984252 38.06084 -0.271152 1.148294 38.06084 -6.767215 1.148294 38.06084 -6.767215 0.984252 24.15008 -6.767215 1.148294 24.15008 -6.767215 0.984252 24.15008 -39.41157 1.148294 -0.4562185 -39.41157 1.148294 -0.4562185 -39.41157 0.984252 -0.4562185 -36.29477 1.148294 -0.4562185 -36.29477 0.984252 8.730134 -35.80265 0.984252 8.730134 -35.80265 1.148294 8.730134 -33.91616 1.148294 16.93223 -33.91616 1.148294 16.93223 -33.91616 0.984252 16.93223 -14.72325 1.148294 16.93223 -14.72325 0.984252 -0.4562185 -6.767215 1.148294 -40.48246 -6.767215 1.148294 -40.48246 -6.767215 0.984252 -40.48246 -0.271152 1.148294 -40.48246 -0.271152 0.984252 8.073966 -35.80265 1.148294 8.073966 -14.72325 1.148294 16.27607 -14.72325 1.148294 16.27607 -9.473908 1.148294 16.93223 -9.473908 1.148294 16.93223 -9.473908 0.984252 16.27607 -9.473908 0.984252 16.27607 -14.72325 0.984252 8.073966 -14.72325 0.984252 -39.89191 -0.8617032 0.984252 -30.47591 -0.8617032 0.984252 -30.47591 -0.8617032 13.12336 -39.89191 -0.271152 0.984252 -39.89191 -0.271152 13.12336 -30.47591 -0.271152 13.12336 -30.47591 -0.271152 0.984252 -27.19507 -0.8617032 0.984252 -25.88273 -0.8617032 0.984252 -25.88273 -0.8617032 13.12336 -27.19507 -0.8617032 13.12336 -27.19507 -0.271152 0.984252 -27.19507 -0.271152 13.12336 -26.83417 -0.271152 13.12336 -26.24362 -0.271152 13.12336 -25.88273 -0.271152 13.12336 -25.88273 -0.271152 0.984252 -26.83417 -0.271152 0.984252 -22.60189 -0.8617032 0.984252 -4.885352 -0.8617032 0.984252 -4.885352 -0.8617032 13.12336 -22.60189 -0.8617032 13.12336 -22.60189 -0.271152 0.984252 -22.60189 -0.271152 13.12336 -14.0389 -0.271152 13.12336 -13.44834 -0.271152 13.12336 -4.885352 -0.271152 13.12336 -4.885352 -0.271152 0.984252 -1.604512 -0.8617032 0.984252 -0.2921765 -0.8617032 0.984252 -0.2921765 -0.8617032 13.12336 -1.604512 -0.8617032 13.12336 -1.604512 -0.271152 0.984252 -1.604512 -0.271152 13.12336 -1.24362 -0.271152 13.12336 -0.2921765 -0.271152 13.12336 -0.2921765 -0.271152 0.984252 -0.6530689 -0.271152 0.984252 -1.24362 -0.271152 0.984252 2.988663 -0.8617032 0.984252 20.7052 -0.8617032 0.984252 20.7052 -0.8617032 13.12336 2.988663 -0.8617032 13.12336 2.988663 -0.271152 0.984252 2.988663 -0.271152 13.12336 11.55166 -0.271152 13.12336 20.7052 -0.271152 13.12336 20.7052 -0.271152 0.984252 12.14221 -0.271152 0.984252 23.98604 -0.8617032 0.984252 25.29837 -0.8617032 0.984252 25.29837 -0.8617032 13.12336 23.98604 -0.8617032 13.12336 23.98604 -0.271152 0.984252 23.98604 -0.271152 13.12336 24.93748 -0.271152 13.12336 25.29837 -0.271152 13.12336 25.29837 -0.271152 0.984252 24.34693 -0.271152 0.984252 28.57921 -0.8617032 0.984252 37.92961 -0.8617032 0.984252 37.92961 -0.8617032 13.12336 28.57921 -0.8617032 13.12336 28.57921 -0.271152 0.984252 28.57921 -0.271152 13.12336 37.92961 -0.271152 13.12336 37.92961 -0.271152 0.984252</float_array>
          <technique_common>
            <accessor source="#기본_벽__W1__434829__Geometry-mesh-positions-array" count="784" stride="3">
              <param name="X" type="float"/>
              <param name="Y" type="float"/>
              <param name="Z" type="float"/>
            </accessor>
          </technique_common>
        </source>
        <source id="기본_벽__W1__434829__Geometry-mesh-normals">
          <float_array id="기본_벽__W1__434829__Geometry-mesh-normals-array" count="690">1 0 0 -1 0 0 0 0 -1 0 1 0 0 0 1 0 -1 0 0 0 1 0 0 1 1.32404e-7 0 1 2.64808e-7 0 -1 0 0 -1 1.78089e-7 0 -1 -2.11846e-6 0 1 -1.42471e-6 0 1 0 0 1 0 0 -1 0 0 -1 2.12731e-6 0 -1 0 0 -1 2.46741e-7 0 -1 -1.56039e-7 0 1 0 0 1 -4.25462e-6 0 1 0 0 -1 0 0 -1 0 0 -1 0 0 1 0 0 1 5.01036e-7 0 1 0 0 1 -2.66064e-7 0 1 -3.58942e-7 0 1 0 -1 -9.28465e-7 0 -1 7.14232e-7 0 -1 -4.70771e-5 0 -1 1.31272e-6 0 -1 -2.21094e-5 -9.33168e-7 0 -1 -2.6345e-7 0 -1 -7.09929e-7 0 -1 0 -1 -9.27028e-7 0 -1 1.07139e-6 0 -1 -4.70812e-5 0 -1 1.96916e-6 0 -1 -2.21113e-5 -1 -1.99063e-6 0 -1 -2.10014e-5 0 -1 -2.00038e-5 0 0 1 0 0 1 1.45858e-7 0 1 1.52626e-7 -9.33167e-7 0 -1 -2.63451e-7 0 -1 -7.0993e-7 0 -1 0 1 0 0 1 0 0 1 0 0 -1 -3.0254e-7 0 -1 2.15728e-7 0 -1 -2.83576e-7 0 -1 2.29955e-7 -1 -1.24002e-6 0 -1 -1.84072e-7 0 -1 -7.36321e-7 0 0 1 0 0 1 1.82323e-7 0 1 1.90783e-7 0 0 1 2.54598e-6 0 1 3.76117e-6 0 1 4.15452e-7 0 -1 0 0 -1 2.66662e-7 0 -1 -4.72457e-7 0 1 -5.50473e-6 0 1 -3.53327e-6 0 1 5.54753e-7 0 1 0 0 1 0 0 1 -2.16825e-7 0 1 4.58402e-7 0 1 0 0 -1 -2.78095e-7 0 -1 0 0 -1 0 0 -1 0 0 -1 -2.29201e-7 0 -1 0.01528084 0 0.9998832 0.01526039 8.42238e-6 0.9998836 0.01527208 3.59766e-6 0.9998834 -0.01527208 -3.59766e-6 -0.9998834 -0.01526033 -8.42238e-6 -0.9998836 -0.01528084 0 -0.9998832 -0.01642739 -9.21619e-6 0.9998652 -0.01641279 -3.61277e-6 0.9998654 -0.01648032 -2.95548e-5 0.9998642 0 6.74393e-4 0.9999998 8.69387e-6 6.91387e-4 0.9999998 0 -2.14843e-4 1 0 -0.002474963 0.999997 0.01648026 2.95548e-5 -0.9998642 0.01641279 3.61277e-6 -0.9998654 0.01642733 9.21619e-6 -0.9998652 0 2.16147e-4 -1 -2.01399e-7 -6.62246e-4 -0.9999998 -1.264e-6 -6.93954e-4 -0.9999998 0 0.002473652 -0.999997 0 0.00967741 0.9999533 0 0.00967741 0.9999533 0.01521462 2.72662e-5 0.9998843 0 -0.00967741 -0.9999533 0 -0.00967741 -0.9999533 -0.0152145 -2.72662e-5 -0.9998843 -0.01640337 0 0.9998655 0.01640337 0 -0.9998655 0 -0.002608776 0.9999966 0 -0.002608776 0.9999966 0 0.002608776 -0.9999966 0 0.002608776 -0.9999966 0 0 1 0 0 1 0 0 1 0 0 1 0 0 1 0 0 -1 0 0 -1 0 0 -1 0 0 -1 0 0 -1 -0.01250517 -8.02524e-6 0.9999219 -0.007813751 -7.59171e-4 0.9999692 2.35993e-4 4.67597e-4 1 -2.13279e-4 -4.64416e-4 -1 0.007806956 7.60584e-4 -0.9999693 0.01250505 8.02524e-6 -0.9999219 -2.29201e-7 0 1 0.005063831 9.41845e-4 0.9999868 2.23161e-7 0 1 -5.54751e-7 0 1 0.009294569 3.15586e-5 0.9999569 2.29201e-7 0 -1 0 0 -1 -0.005061864 -9.41025e-4 -0.9999868 2.77375e-7 0 -1 -0.009310305 -3.0931e-5 -0.9999567 0 0.007523894 0.9999718 0 0.007523894 0.9999718 0 0.007523894 0.9999718 0 0.007523894 0.9999718 -0.001392841 4.9426e-5 0.9999991 8.24497e-4 1.54762e-5 0.9999997 -1.02403e-4 -0.002103507 0.9999978 0 -0.007523894 -0.9999718 0 -0.007523894 -0.9999718 0 -0.007523894 -0.9999718 0 -0.007523894 -0.9999718 0.001372933 -4.96874e-5 -0.9999991 1.29475e-4 0.002111256 -0.9999979 -0.01207196 -2.48965e-5 -0.9999271 -1.59451e-7 0 1 0.006358742 -6.65842e-4 0.9999796 4.85569e-7 0 1 0.003840088 -2.42069e-4 0.9999927 0 0 -1 -2.78029e-7 0 -1 -0.006452322 6.43836e-4 -0.9999791 -0.003840744 2.42231e-4 -0.9999927 -0.006151974 3.71839e-4 0.999981 -0.007652163 -4.06175e-4 0.9999707 8.19769e-5 0.001590847 0.9999988 -9.0919e-5 -0.001593768 -0.9999988 0.00766313 3.98801e-4 -0.9999706 0.006156861 -3.70733e-4 -0.9999811 0.001120865 -0.002644062 0.999996 -0.001128554 -0.001813113 0.9999978 -1.85183e-4 -2.75317e-4 1 1.97754e-4 2.77924e-4 -1 0.001239597 0.001775145 -0.9999977 -0.001137852 0.002646923 -0.9999959 0.004737615 -3.14208e-4 0.9999887 0.003905594 2.22974e-4 0.9999924 -9.25658e-5 4.10354e-4 1 1.44504e-4 -4.13813e-4 -1 -0.003907442 -2.22501e-4 -0.9999924 -0.004741787 3.11464e-4 -0.9999887 -2.292e-7 0 1 -0.001970529 -1.28649e-4 0.9999981 2.2316e-7 0 1 -5.54749e-7 0 1 -0.003686368 -4.59106e-4 0.9999932 2.292e-7 0 -1 0 0 -1 0.001878976 1.00677e-4 -0.9999983 2.77374e-7 0 -1 0.003733277 4.49087e-4 -0.999993 -3.85056e-4 -0.002634584 0.9999966 5.21227e-4 -1.96956e-4 1 -0.004935204 -5.18831e-4 0.9999877 3.49653e-4 0.002613425 -0.9999966 -4.81086e-4 2.10538e-4 -1 0.005030095 5.48472e-4 -0.9999873 0.001865983 -2.11446e-4 0.9999983 4.0441e-4 -7.4812e-6 1 -0.001866042 2.11441e-4 -0.9999983 -4.04423e-4 7.49211e-6 -1 -0.001659214 -1.49829e-4 0.9999987 -0.002332746 -1.35854e-4 0.9999973 -3.99097e-4 -3.99274e-4 0.9999999 1.9705e-4 5.2956e-4 -1 0.00233376 1.35135e-4 -0.9999973 0.001659631 1.50047e-4 -0.9999987 1.89748e-4 -7.70731e-4 0.9999997 -3.89063e-4 -5.26365e-4 0.9999998 -1.91154e-4 7.71118e-4 -0.9999997 3.90369e-4 5.26193e-4 -0.9999999 1.03565e-4 -5.88884e-4 0.9999998 -1.85149e-4 5.4053e-4 -0.9999999 0 0 1 0 0 1 0 0 1 0 0 1 0 0 1 0 0 -1 0 0 -1 0 0 -1 0 0 -1 0 0 -1 0 0 -1 0 0 -1 0 0 -1</float_array>
          <technique_common>
            <accessor source="#기본_벽__W1__434829__Geometry-mesh-normals-array" count="230" stride="3">
              <param name="X" type="float"/>
              <param name="Y" type="float"/>
              <param name="Z" type="float"/>
            </accessor>
          </technique_common>
        </source>
        <source id="기본_벽__W1__434829__Geometry-mesh-map-0">
          <float_array id="기본_벽__W1__434829__Geometry-mesh-map-0-array" count="10800">0 14.76378 0 0 18.86483 0 18.86483 0 18.86483 14.76378 0 14.76378 -18.86483 14.76378 -18.86483 0 0 0 0 0 0 14.76378 -18.86483 14.76378 18.86483 0.328084 0 0.328084 0 -0.328084 0 -0.328084 18.86483 -0.328084 18.86483 0.328084 -0.328084 14.76378 -0.328084 0 0.328084 0 0.328084 0 0.328084 14.76378 -0.328084 14.76378 -6.20766e-7 -0.328084 18.86483 -0.328084 18.86483 0.328084 18.86483 0.328084 -6.20766e-7 0.328084 -6.20766e-7 -0.328084 0.328084 0 0.328084 14.76378 -0.328084 14.76378 -0.328084 14.76378 -0.328084 0 0.328084 0 0 14.27165 0 0 33.03805 0 0 14.27165 33.03805 0 33.03805 14.27165 33.03805 14.27165 33.69422 0 33.69422 14.27165 33.69422 0 33.03805 14.27165 33.03805 0 -33.69422 14.27165 -33.69422 0 0 14.27165 0 0 0 14.27165 -33.69422 0 33.03806 0.328084 0 -0.328084 33.69422 -0.328084 0 -0.328084 33.03806 0.328084 0 0.328084 33.03806 0.328084 33.69422 -0.328084 33.69422 0.328084 33.03806 -0.328084 33.69422 0.328084 -5.40679e-7 0.328084 33.69422 0.328084 33.03806 -0.328084 33.69422 -0.328084 33.03806 -0.328084 -5.40679e-7 0.328084 -5.40679e-7 -0.328084 0.328084 3.67953e-7 0.328084 14.27165 -0.328084 14.27165 -0.328084 14.27165 -0.328084 3.67953e-7 0.328084 3.67953e-7 -0.3280839 14.27165 -0.3280839 0 0.328084 0 0.328084 0 0.328084 14.27165 -0.3280839 14.27165 0.3280839 14.27165 0.3280839 0 32.97244 0 32.97244 0 32.97244 14.27165 0.3280839 14.27165 -32.97244 3.28084 -32.97244 0 -32.31627 0 -32.97244 14.27165 -32.97244 8.2021 -32.31627 14.27165 -32.97244 3.28084 -0.3280839 0 -32.97244 8.2021 -0.3280839 0 -0.3280839 14.27165 -32.97244 8.2021 -32.31627 14.27165 -32.97244 8.2021 -0.3280839 14.27165 -32.97244 3.28084 -32.31627 0 -0.3280839 0 32.97244 0.328084 0.328084 0.328084 32.31627 -0.328084 0.328084 -0.328084 32.31627 -0.328084 0.328084 0.328084 32.31627 -0.328084 32.97244 -0.328084 32.97244 0.328084 0.3280842 -0.328084 32.97244 -0.328084 32.31627 0.328084 32.97244 0.328084 32.31627 0.328084 32.97244 -0.328084 32.31627 0.328084 0.3280842 0.328084 0.3280842 -0.328084 -0.328084 14.27165 -0.328084 0 0.3280839 8.2021 0.3280839 8.2021 -0.328084 0 0.3280839 3.28084 -0.328084 14.27165 0.3280839 8.2021 0.3280839 14.27165 0.3280839 0 0.3280839 3.28084 -0.328084 0 0.3280839 14.27165 0.3280839 0 25.59055 0 25.59055 0 25.59055 14.27165 0.3280839 14.27165 -25.59055 14.27165 -25.59055 0 -24.93438 14.27165 -24.93438 14.27165 -25.59055 0 -24.93438 0 -24.93438 0 -0.3280839 0 -0.3280839 14.27165 -24.93438 0 -0.3280839 14.27165 -24.93438 14.27165 25.59055 0.328084 0.328084 0.328084 24.93438 -0.328084 0.328084 -0.328084 24.93438 -0.328084 0.328084 0.328084 24.93438 -0.328084 25.59055 -0.328084 25.59055 0.328084 0.3280838 -0.328084 25.59055 -0.328084 24.93438 0.328084 25.59055 0.328084 24.93438 0.328084 25.59055 -0.328084 24.93438 0.328084 0.3280838 0.328084 0.3280838 -0.328084 -0.3280838 0 0.3280842 0 0.3280842 14.27165 0.3280842 14.27165 -0.3280838 14.27165 -0.3280838 0 -0.3280839 14.27165 -0.3280839 0 0.328084 0 0.328084 0 0.328084 14.27165 -0.3280839 14.27165 0.328084 14.27165 0.328084 0 32.31627 0 0.328084 14.27165 32.31627 0 32.31627 14.27165 32.31627 14.27165 32.97244 0 32.97244 14.27165 32.97244 0 32.31627 14.27165 32.31627 0 -32.97244 14.27165 -32.97244 0 -0.328084 0 -0.328084 0 -0.328084 14.27165 -32.97244 14.27165 32.31627 0.328084 0.328084 -0.328084 32.97244 -0.328084 0.328084 -0.328084 32.31627 0.328084 0.328084 0.328084 32.31627 0.328084 32.97244 -0.328084 32.97244 0.328084 32.31627 -0.328084 32.97244 0.328084 0.3280842 0.328084 32.97244 0.328084 32.31627 -0.328084 32.97244 -0.328084 32.31627 -0.328084 0.3280842 0.328084 0.3280842 -0.328084 -0.3280857 0 0.3280842 0 0.3280842 14.27165 0.3280842 14.27165 -0.3280857 14.27165 -0.3280857 0 -0.3280839 14.27165 -0.3280839 0 0.3280841 0 0.3280841 0 0.3280841 14.27165 -0.3280839 14.27165 0.3280839 14.27165 0.3280839 0 13.53346 14.27165 13.53346 0 13.53346 14.27165 0.3280839 0 -13.53346 14.27165 -13.53346 0 -0.3280839 14.27165 -0.3280839 0 -0.3280839 14.27165 -13.53346 0 13.53346 0.328084 0.328084 0.328084 13.53346 -0.328084 0.328084 -0.328084 13.53346 -0.328084 0.328084 0.328084 0.3280841 -0.328084 13.53346 -0.328084 13.53346 0.328084 13.53346 0.328084 0.3280841 0.328084 0.3280841 -0.328084 -0.3280839 0 0.328084 0 0.328084 14.27165 0.328084 14.27165 -0.3280839 14.27165 -0.3280839 0 -3.90366e-7 14.27165 -3.90366e-7 0 3.362861 0 3.362861 0 3.362861 14.27165 -3.90366e-7 14.27165 -3.362861 14.27165 -3.362861 0 3.90366e-7 0 3.90366e-7 0 3.90366e-7 14.27165 -3.362861 14.27165 3.362861 0.328084 0 0.328084 0 -0.328084 0 -0.328084 3.362861 -0.328084 3.362861 0.328084 -0.328084 14.27165 -0.328084 0 0.328084 0 0.328084 0 0.328084 14.27165 -0.328084 14.27165 0 -0.328084 3.362861 -0.328084 3.362861 0.328084 3.362861 0.328084 0 0.328084 0 -0.328084 0.328084 3.67953e-7 0.328084 14.27165 -0.328084 14.27165 -0.328084 14.27165 -0.328084 3.67953e-7 0.328084 3.67953e-7 0 14.27165 0 0 3.772966 14.27165 3.772966 0 3.772966 14.27165 0 0 -3.772966 14.27165 -3.772966 0 0 0 0 0 0 14.27165 -3.772966 14.27165 3.772966 0.328084 0 0.328084 0 -0.328084 0 -0.328084 3.772966 -0.328084 3.772966 0.328084 -0.328084 14.27165 -0.328084 0 0.328084 0 0.328084 0 0.328084 14.27165 -0.328084 14.27165 0 -0.328084 3.772966 -0.328084 0 0.328084 3.772966 0.328084 0 0.328084 3.772966 -0.328084 0.328084 3.67953e-7 0.328084 14.27165 -0.328084 14.27165 -0.328084 14.27165 -0.328084 3.67953e-7 0.328084 3.67953e-7 0.3280841 14.27165 0.3280841 0 7.874016 14.27165 7.874016 0 7.874016 14.27165 0.3280841 0 -7.874016 14.27165 -7.874016 0 -0.3280841 0 -0.3280841 0 -0.3280841 14.27165 -7.874016 14.27165 7.874016 0.328084 0.328084 0.328084 0.328084 -0.328084 0.328084 -0.328084 7.874016 -0.328084 7.874016 0.328084 0.3280839 -0.328084 7.874016 -0.328084 7.874016 0.328084 7.874016 0.328084 0.3280839 0.328084 0.3280839 -0.328084 -0.328084 0 0.3280839 0 0.3280839 14.27165 0.3280839 14.27165 -0.328084 14.27165 -0.328084 0 -0.328084 0 0.328084 0 0.328084 14.27165 0.328084 14.27165 -0.328084 14.27165 -0.328084 0 0 0 5.249344 0 5.249344 14.27165 0 0 5.249344 14.27165 0 14.27165 5.249344 14.27165 5.249344 0 5.905512 14.27165 5.249344 0 5.905512 0 5.905512 14.27165 23.78609 0 23.78609 14.27165 5.905512 0 5.905512 0 23.78609 14.27165 5.905512 14.27165 -24.44226 14.27165 -24.44226 0 0 14.27165 0 0 0 14.27165 -24.44226 0 24.44226 0.328084 23.78609 0.328084 24.44226 -0.328084 5.249344 0.328084 0 -0.328084 5.905512 0.328084 0 -0.328084 5.249344 0.328084 0 0.328084 5.905512 0.328084 24.44226 -0.328084 23.78609 0.328084 24.44226 -0.328084 5.905512 0.328084 0 -0.328084 23.78609 -0.328084 24.44226 -0.328084 24.44226 0.328084 5.905511 -0.328084 24.44226 0.328084 -6.60813e-7 0.328084 24.44226 0.328084 5.905511 -0.328084 23.78609 -0.328084 5.249343 -0.328084 -6.60813e-7 0.328084 -6.60813e-7 -0.328084 -6.60813e-7 0.328084 5.249343 -0.328084 5.905511 -0.328084 0.328084 3.67953e-7 0.328084 14.27165 -0.328084 14.27165 -0.328084 14.27165 -0.328084 3.67953e-7 0.328084 3.67953e-7 -0.328084 14.27165 -0.328084 0 0.328084 0 0.328084 0 0.328084 14.27165 -0.328084 14.27165 0.328084 14.27165 0.328084 0 7.874016 0 7.874016 0 7.874016 14.27165 0.328084 14.27165 -7.874016 14.27165 -7.874016 0 -0.328084 14.27165 -0.328084 0 -0.328084 14.27165 -7.874016 0 7.874016 0.328084 0.328084 0.328084 7.874016 -0.328084 0.328084 -0.328084 7.874016 -0.328084 0.328084 0.328084 0.3280839 -0.328084 7.874016 -0.328084 7.874016 0.328084 7.874016 0.328084 0.3280839 0.328084 0.3280839 -0.328084 -0.3280847 0 0.3280833 0 0.3280833 14.27165 0.3280833 14.27165 -0.3280847 14.27165 -0.3280847 0 -0.3280833 0 0.3280846 0 0.3280846 14.27165 0.3280846 14.27165 -0.3280833 14.27165 -0.3280833 0 -0.328084 14.27165 -0.328084 0 20.75131 0 20.75131 0 20.75131 14.27165 -0.328084 14.27165 -20.75131 0 -18.86483 0 -18.86483 14.27165 -20.75131 0 -18.86483 14.27165 -20.75131 14.27165 -18.86483 14.27165 -18.86483 0 -18.20866 14.27165 -18.86483 0 -18.20866 0 -18.20866 14.27165 -0.328084 0 -0.328084 14.27165 -18.20866 0 -18.20866 0 -0.328084 14.27165 -18.20866 14.27165 20.75131 0.328084 -0.328084 0.328084 18.20866 -0.328084 18.20866 -0.328084 -0.328084 0.328084 0.328084 -0.328084 20.75131 0.328084 18.20866 -0.328084 18.86483 -0.328084 -0.328084 -0.328084 0.328084 -0.328084 -0.328084 0.328084 18.86483 -0.328084 20.75131 -0.328084 20.75131 0.328084 -0.328084 14.27165 -0.328084 0 0.328084 0 0.328084 0 0.328084 14.27165 -0.328084 14.27165 -0.3280848 -0.328084 20.75131 -0.328084 18.20866 0.328084 18.20866 0.328084 20.75131 -0.328084 18.86483 0.328084 -0.3280848 -0.328084 18.20866 0.328084 0.3280831 0.328084 20.75131 0.328084 18.86483 0.328084 20.75131 -0.328084 0.3280831 0.328084 -0.3280848 0.328084 -0.3280848 -0.328084 -0.3280841 14.27165 -0.3280841 0 0.3280839 0 0.3280839 0 0.3280839 14.27165 -0.3280841 14.27165 0 12.13911 0 0 32.02099 0 32.02099 0 32.02099 12.13911 0 12.13911 -32.02099 12.13911 -32.02099 0 0 12.13911 0 0 0 12.13911 -32.02099 0 0 32.02099 0 0 0.5905512 0 0.5905512 0 0.5905512 32.02099 0 32.02099 0 32.31627 0 0.2952756 0.5905512 0.2952756 0.5905512 0.2952756 0.5905512 32.31627 0 32.31627 0 12.13911 0 0 0.5905512 12.13911 0.5905512 0 0.5905512 12.13911 0 0 -0.6069554 12.13911 -1.197507 0 -1.197507 12.13911 -1.197507 0 -0.6069554 12.13911 -0.6069554 0 0 12.13911 0 0 32.02099 12.13911 32.02099 0 32.02099 12.13911 0 0 -32.02099 12.13911 -32.02099 0 0 12.13911 0 0 0 12.13911 -32.02099 0 0 32.02099 0 0 0.5905512 0 0.5905512 0 0.5905512 32.02099 0 32.02099 0 32.31627 0 0.2952756 0.5905512 0.2952756 0.5905512 0.2952756 0.5905512 32.31627 0 32.31627 0 12.13911 0 0 0.5905512 0 0.5905512 0 0.5905512 12.13911 0 12.13911 -0.3608924 0 -0.9514436 0 -0.9514436 12.13911 -0.9514436 12.13911 -0.3608924 12.13911 -0.3608924 0 0.04921257 12.13911 0.04921257 0 32.07021 12.13911 32.07021 0 32.07021 12.13911 0.04921257 0 -32.07021 12.13911 -32.07021 0 -0.04921257 0 -0.04921257 0 -0.04921257 12.13911 -32.07021 12.13911 0 32.07021 0 0.04921257 0.5905512 0.04921257 0.5905512 0.04921257 0.5905512 32.07021 0 32.07021 0 32.31627 0 0.2952756 0.5905512 0.2952756 0.5905512 0.2952756 0.5905512 32.31627 0 32.31627 -0.1476378 12.13911 -0.738189 0 -0.738189 12.13911 -0.738189 0 -0.1476378 12.13911 -0.1476378 0 -0.3608924 12.13911 -0.9514436 0 -0.9514436 12.13911 -0.9514436 0 -0.3608924 12.13911 -0.3608924 0 0.04921257 12.13911 0.04921257 0 3.083989 0 3.083989 0 3.083989 12.13911 0.04921257 12.13911 -2.493438 12.13911 -3.083989 12.13911 -2.493438 0 -2.493438 0 -3.083989 12.13911 -3.083989 0 -2.493438 0 -0.04921257 0 -0.04921257 12.13911 -2.493438 0 -0.04921257 12.13911 -2.493438 12.13911 0 3.08399 0 0.04921257 0.5905512 2.493438 0.5905512 0.04921257 0.5905512 2.493438 0 0.04921257 0.5905512 2.493438 0.5905512 3.08399 0 3.08399 0 2.739501 0 -0.2952756 0.5905512 0.2952756 0.5905512 -0.2952756 0.5905512 0.2952756 0 -0.2952756 0.5905512 0.2952756 0.5905512 2.739501 0 2.739501 -1.820866 12.13911 -2.411417 0 -2.411417 12.13911 -2.411417 0 -1.820866 12.13911 -1.820866 0 -0.2952756 12.13911 -0.2952756 0 0.2952756 12.13911 0.2952756 0 0.2952756 12.13911 -0.2952756 0 0 12.13911 0 0 22.30971 0 22.30971 0 22.30971 12.13911 0 12.13911 -22.30971 12.13911 -22.30971 0 0 0 0 0 0 12.13911 -22.30971 12.13911 0 22.30971 0 0 0.5905512 0 0.5905512 0 0.5905512 22.30971 0 22.30971 0 12.13911 0 0 0.5905512 12.13911 0.5905512 0 0.5905512 12.13911 0 0 0 22.30971 0 0 0.5905512 0 0.5905512 0 0.5905512 22.30971 0 22.30971 0 12.13911 0 0 0.5905512 12.13911 0.5905512 0 0.5905512 12.13911 0 0 0 12.13911 0 0 2.444226 0 2.444226 0 2.444226 12.13911 0 12.13911 -2.444226 12.13911 -2.444226 0 0 0 0 0 0 12.13911 -2.444226 12.13911 0 2.444226 0 0 0.5905512 0 0.5905512 0 0.5905512 2.444226 0 2.444226 0 2.739501 0 0.2952756 0.5905512 2.739501 0.5905512 0.2952756 0.5905512 2.739501 0 0.2952756 0 12.13911 0 0 0.5905512 12.13911 0.5905512 0 0.5905512 12.13911 0 0 -8.562993 12.13911 -9.153544 0 -9.153544 12.13911 -9.153544 0 -8.562993 12.13911 -8.562993 0 0 12.13911 0 0 22.30971 0 22.30971 0 22.30971 12.13911 0 12.13911 -22.30971 12.13911 -22.30971 0 0 0 0 0 0 12.13911 -22.30971 12.13911 0 22.30971 0 0 0.5905512 0 0.5905512 0 0.5905512 22.30971 0 22.30971 0 12.13911 0 0 0.5905512 12.13911 0.5905512 0 0.5905512 12.13911 0 0 0 22.30971 0 0 0.5905512 0 0.5905512 0 0.5905512 22.30971 0 22.30971 0 12.13911 0 0 0.5905512 12.13911 0.5905512 0 0.5905512 12.13911 0 0 0 12.13911 0 0 2.444226 12.13911 2.444226 0 2.444226 12.13911 0 0 -2.444226 12.13911 -2.444226 0 0 0 0 0 0 12.13911 -2.444226 12.13911 0 2.444226 0 0 0.5905512 0 0.5905512 0 0.5905512 2.444226 0 2.444226 0 2.739501 0 0.2952756 0.5905512 2.739501 0.5905512 0.2952756 0.5905512 2.739501 0 0.2952756 0 12.13911 0 0 0.5905512 12.13911 0.5905512 0 0.5905512 12.13911 0 0 -8.562993 12.13911 -9.153544 0 -9.153544 12.13911 -9.153544 0 -8.562993 12.13911 -8.562993 0 0 12.13911 0 0 3.444882 0 3.444882 0 3.444882 12.13911 0 12.13911 -3.444882 12.13911 -3.444882 0 0 0 0 0 0 12.13911 -3.444882 12.13911 0 3.444882 0 0 0.5905512 0 0.5905512 0 0.5905512 3.444882 0 3.444882 0 12.13911 0 0 0.5905512 12.13911 0.5905512 0 0.5905512 12.13911 0 0 0 3.444882 0 0 0.5905512 0 0.5905512 0 0.5905512 3.444882 0 3.444882 0 12.13911 0 0 0.5905512 12.13911 0.5905512 0 0.5905512 12.13911 0 0 -0.04921257 0 0.04921257 0 -0.04921257 14.10761 0.04921257 14.10761 -0.04921257 14.10761 0.04921257 0 0.04921257 0 1.846092 0 0.04921257 14.10761 1.846092 0 1.944518 0 1.944518 14.10761 1.944518 14.10761 1.846092 14.10761 1.846092 0 1.846092 0 1.846092 14.10761 0.04921257 14.10761 -1.944518 14.10761 -1.944518 0 0.04921257 0 0.04921257 0 0.04921257 14.10761 -1.944518 14.10761 1.944518 0.04921257 1.846092 0.04921257 1.944518 -0.04921257 0.04921257 0.04921257 -0.04921257 -0.04921257 1.944518 -0.04921257 -0.04921257 -0.04921257 0.04921257 0.04921257 -0.04921257 0.04921257 0.04921257 0.04921257 1.944518 -0.04921257 1.846092 0.04921257 -0.04921263 -0.04921257 0.04921257 -0.04921257 -0.04921263 0.04921257 1.846092 -0.04921257 1.944518 0.04921257 -0.04921263 0.04921257 1.944518 0.04921257 1.846092 -0.04921257 1.944518 -0.04921257 1.846092 -0.04921257 -0.04921263 0.04921257 0.04921257 -0.04921257 -0.04921257 14.10761 -0.04921257 0 0.04921257 0 0.04921257 0 0.04921257 14.10761 -0.04921257 14.10761 -4.790026 14.10761 -4.790026 0 -4.691601 0 -4.691601 0 -4.691601 14.10761 -4.790026 14.10761 0.04921257 14.10761 0.04921257 0 1.935696 14.10761 1.935696 0 1.935696 14.10761 0.04921257 0 -1.935696 14.10761 -1.935696 0 -1.83727 0 -1.83727 0 -0.04921257 0 -0.04921257 14.10761 -1.83727 0 -0.04921257 14.10761 -1.935696 14.10761 1.935696 0.04921257 0.04921257 0.04921257 1.83727 -0.04921257 0.04921257 -0.04921257 1.83727 -0.04921257 0.04921257 0.04921257 1.83727 -0.04921257 1.935696 -0.04921257 1.935696 0.04921257 0.04921251 -0.04921257 1.935696 -0.04921257 1.935696 0.04921257 1.935696 0.04921257 0.04921251 0.04921257 0.04921251 -0.04921257 -0.04921263 0 0.04921257 0 0.04921257 14.10761 0.04921257 14.10761 -0.04921263 14.10761 -0.04921263 0 -0.04921257 14.10761 -0.04921257 0 0.04921257 0 0.04921257 0 0.04921257 14.10761 -0.04921257 14.10761 0.04921257 14.10761 0.04921257 0 0.9350394 0 0.04921257 14.76378 0.04921257 14.10761 0.9350394 14.76378 1.033465 0 1.033465 14.76378 0.04921257 14.10761 0.9350394 14.76378 0.04921257 14.10761 1.033465 14.76378 0.04921257 14.10761 0.9350394 0 1.033465 0 -1.033465 14.76378 -1.033465 0 -0.04921257 0 -0.04921257 0 -0.04921257 14.76378 -1.033465 14.76378 0.9350394 0.04921257 0.04921257 -0.04921257 1.033465 -0.04921257 0.04921257 -0.04921257 0.9350394 0.04921257 0.04921257 0.04921257 0.9350394 0.04921257 1.033465 -0.04921257 1.033465 0.04921257 0.9350394 -0.04921257 1.033465 0.04921257 0.04921257 0.04921257 1.033465 0.04921257 0.9350394 -0.04921257 1.033465 -0.04921257 0.9350394 -0.04921257 0.04921257 0.04921257 0.04921257 -0.04921257 -0.04921251 14.76378 -0.04921251 0 0.04921257 14.10761 0.04921257 14.76378 -0.04921251 14.76378 0.04921257 14.10761 -0.04921257 14.76378 -0.04921257 0 0.04921257 0 0.04921257 0 0.04921257 14.76378 -0.04921257 14.76378 2.903543 14.10761 0.04921257 14.76378 0.04921257 0 2.903543 14.10761 0.04921257 0 2.805118 0 2.903543 0 2.903543 14.10761 2.805118 0 2.903543 14.10761 2.903543 14.76378 0.04921257 14.76378 -2.903543 14.76378 -2.903543 0 -0.04921257 0 -0.04921257 0 -0.04921257 14.76378 -2.903543 14.76378 2.805118 0.04921257 0.04921257 -0.04921257 2.903543 -0.04921257 0.04921257 -0.04921257 2.805118 0.04921257 0.04921257 0.04921257 2.805118 0.04921257 2.903543 -0.04921257 2.903543 0.04921257 0.04921257 -0.04921257 2.903543 -0.04921257 2.903543 0.04921257 2.903543 0.04921257 0.04921257 0.04921257 0.04921257 -0.04921257 -0.04921257 0 0.04921257 0 0.04921257 14.76378 0.04921257 14.76378 -0.04921257 14.76378 -0.04921257 0 -0.04921257 14.10761 0.04921257 0 0.04921257 14.76378 0.04921257 0 -0.04921257 14.10761 -0.04921257 0 -0.04921257 14.10761 0.04921257 14.76378 -0.04921257 14.76378 0.04921257 14.10761 0.04921257 0 2.830344 0 0.04921257 14.10761 2.830344 0 2.830344 14.10761 2.830344 0 2.92877 14.10761 2.830344 14.10761 2.92877 14.10761 2.830344 0 2.92877 0 -2.92877 14.10761 -2.92877 0 -0.04921257 0 -0.04921257 0 -0.04921257 14.10761 -2.92877 14.10761 2.830344 0.04921257 0.04921257 -0.04921257 2.92877 -0.04921257 0.04921257 -0.04921257 2.830344 0.04921257 0.04921257 0.04921257 2.830344 0.04921257 2.92877 -0.04921257 2.92877 0.04921257 2.830344 -0.04921257 2.92877 0.04921257 0.04921245 0.04921257 2.92877 0.04921257 2.830344 -0.04921257 2.92877 -0.04921257 2.830344 -0.04921257 0.04921245 0.04921257 0.04921245 -0.04921257 -0.04921251 0 0.04921257 0 0.04921257 14.10761 0.04921257 14.10761 -0.04921251 14.10761 -0.04921251 0 -0.04921257 14.10761 -0.04921257 0 0.04921257 0 0.04921257 0 0.04921257 14.10761 -0.04921257 14.10761 0.04921257 14.10761 0.04921257 0 4.691601 0 4.691601 0 4.691601 14.10761 0.04921257 14.10761 -4.691601 14.10761 -4.691601 0 -0.04921257 0 -0.04921257 0 -0.04921257 14.10761 -4.691601 14.10761 4.691601 0.04921257 0.04921257 0.04921257 0.04921257 -0.04921257 0.04921257 -0.04921257 4.691601 -0.04921257 4.691601 0.04921257 0.04921233 -0.04921257 4.691601 -0.04921257 4.691601 0.04921257 4.691601 0.04921257 0.04921233 0.04921257 0.04921233 -0.04921257 -0.04921263 0 0.04921245 0 0.04921245 14.10761 0.04921245 14.10761 -0.04921263 14.10761 -0.04921263 0 -0.04921257 0 0.04921257 0 -0.04921257 14.10761 0.04921257 14.10761 -0.04921257 14.10761 0.04921257 0 0.04921257 0 0.8366142 14.10761 0.04921257 14.10761 0.8366142 0 0.9350394 0 0.9350394 14.10761 0.9350394 14.10761 0.8366142 14.10761 0.8366142 0 0.8366142 0 0.8366142 14.10761 0.04921257 0 -0.9350394 14.10761 -0.9350394 0 0.04921257 0 0.04921257 0 0.04921257 14.10761 -0.9350394 14.10761 0.9350394 0.04921257 0.8366142 0.04921257 0.9350394 -0.04921257 0.04921257 0.04921257 -0.04921257 -0.04921257 0.9350394 -0.04921257 -0.04921257 -0.04921257 0.04921257 0.04921257 -0.04921257 0.04921257 0.04921257 0.04921257 0.9350394 -0.04921257 0.8366142 0.04921257 -0.04921257 -0.04921257 0.04921257 -0.04921257 -0.04921257 0.04921257 0.8366142 -0.04921257 0.9350394 0.04921257 -0.04921257 0.04921257 0.9350394 0.04921257 0.8366142 -0.04921257 0.9350394 -0.04921257 0.8366142 -0.04921257 -0.04921257 0.04921257 0.04921257 -0.04921257 -0.04921257 14.10761 -0.04921257 0 0.04921257 0 0.04921257 0 0.04921257 14.10761 -0.04921257 14.10761 -0.4757218 14.10761 -0.4757218 0 -0.3772966 0 -0.3772966 0 -0.3772966 14.10761 -0.4757218 14.10761 0.04921257 14.10761 0.04921257 0 0.3772966 0 0.04921257 14.10761 0.3772966 0 0.3772966 14.10761 0.3772966 0 0.4757218 14.10761 0.3772966 14.10761 0.4757218 14.10761 0.3772966 0 0.4757218 0 -0.4757218 14.10761 -0.4757218 0 -0.04921257 0 -0.04921257 0 -0.04921257 14.10761 -0.4757218 14.10761 0.3772966 0.04921257 0.04921257 -0.04921257 0.4757218 -0.04921257 0.04921257 -0.04921257 0.3772966 0.04921257 0.04921257 0.04921257 0.3772966 0.04921257 0.4757218 -0.04921257 0.4757218 0.04921257 0.3772966 -0.04921257 0.4757218 0.04921257 0.04921257 0.04921257 0.4757218 0.04921257 0.3772966 -0.04921257 0.4757218 -0.04921257 0.3772966 -0.04921257 0.04921257 0.04921257 0.04921257 -0.04921257 -0.04921257 0 0.04921257 0 0.04921257 14.10761 0.04921257 14.10761 -0.04921257 14.10761 -0.04921257 0 -0.04921257 14.10761 -0.04921257 0 0.04921257 0 0.04921257 0 0.04921257 14.10761 -0.04921257 14.10761 0.04921257 14.10761 0.04921257 0 0.8366142 0 0.04921257 14.10761 0.8366142 0 0.8366142 14.10761 0.8366142 0 0.9350394 14.10761 0.8366142 14.10761 0.9350394 14.10761 0.8366142 0 0.9350394 0 -0.9350394 14.10761 -0.9350394 0 -0.04921257 0 -0.04921257 0 -0.04921257 14.10761 -0.9350394 14.10761 0.8366142 0.04921257 0.04921257 -0.04921257 0.9350394 -0.04921257 0.04921257 -0.04921257 0.8366142 0.04921257 0.04921257 0.04921257 0.8366142 0.04921257 0.9350394 -0.04921257 0.9350394 0.04921257 0.8366142 -0.04921257 0.9350394 0.04921257 0.04921257 0.04921257 0.9350394 0.04921257 0.8366142 -0.04921257 0.9350394 -0.04921257 0.8366142 -0.04921257 0.04921257 0.04921257 0.04921257 -0.04921257 -0.04921257 0 0.04921257 0 0.04921257 14.10761 0.04921257 14.10761 -0.04921257 14.10761 -0.04921257 0 -0.04921257 14.10761 -0.04921257 0 0.04921257 0 0.04921257 0 0.04921257 14.10761 -0.04921257 14.10761 0.04921257 14.10761 0.04921257 0 0.3772966 0 0.3772966 0 0.3772966 14.10761 0.04921257 14.10761 -0.3772966 14.10761 -0.3772966 0 -0.04921257 0 -0.04921257 0 -0.04921257 14.10761 -0.3772966 14.10761 0.3772966 0.04921257 0.04921257 0.04921257 0.04921257 -0.04921257 0.04921257 -0.04921257 0.3772966 -0.04921257 0.3772966 0.04921257 0.04921257 -0.04921257 0.3772966 -0.04921257 0.3772966 0.04921257 0.3772966 0.04921257 0.04921257 0.04921257 0.04921257 -0.04921257 -0.04921257 0 0.04921257 0 0.04921257 14.10761 0.04921257 14.10761 -0.04921257 14.10761 -0.04921257 0 -0.04921257 0 0.04921257 0 -0.04921257 14.10761 0.04921257 14.10761 -0.04921257 14.10761 0.04921257 0 0.04921257 0 0.8366142 14.10761 0.04921257 14.10761 0.8366142 0 0.9350394 0 0.9350394 14.10761 0.9350394 14.10761 0.8366142 14.10761 0.8366142 0 0.8366142 0 0.8366142 14.10761 0.04921257 0 -0.9350394 14.10761 -0.9350394 0 0.04921257 14.10761 0.04921257 0 0.04921257 14.10761 -0.9350394 0 0.9350394 0.04921257 0.8366142 0.04921257 0.9350394 -0.04921257 0.04921257 0.04921257 -0.04921257 -0.04921257 0.9350394 -0.04921257 -0.04921257 -0.04921257 0.04921257 0.04921257 -0.04921257 0.04921257 0.04921257 0.04921257 0.9350394 -0.04921257 0.8366142 0.04921257 -0.04921257 -0.04921257 0.04921257 -0.04921257 -0.04921257 0.04921257 0.8366142 -0.04921257 0.9350394 0.04921257 -0.04921257 0.04921257 0.9350394 0.04921257 0.8366142 -0.04921257 0.9350394 -0.04921257 0.8366142 -0.04921257 -0.04921257 0.04921257 0.04921257 -0.04921257 -0.04921257 14.10761 -0.04921257 0 0.04921257 0 0.04921257 0 0.04921257 14.10761 -0.04921257 14.10761 -1.935696 14.10761 -1.935696 0 -1.83727 0 -1.83727 0 -1.83727 14.10761 -1.935696 14.10761 0.04921257 14.10761 0.04921257 0 1.935696 0 1.935696 0 1.935696 14.10761 0.04921257 14.10761 -1.935696 14.10761 -1.935696 0 -1.83727 0 -1.83727 0 -0.04921257 0 -0.04921257 14.10761 -1.83727 0 -0.04921257 14.10761 -1.935696 14.10761 1.935696 0.04921257 0.04921257 0.04921257 1.83727 -0.04921257 0.04921257 -0.04921257 1.83727 -0.04921257 0.04921257 0.04921257 1.83727 -0.04921257 1.935696 -0.04921257 1.935696 0.04921257 0.04921251 -0.04921257 1.935696 -0.04921257 1.935696 0.04921257 1.935696 0.04921257 0.04921251 0.04921257 0.04921251 -0.04921257 -0.04921257 0 0.04921257 0 0.04921257 14.10761 0.04921257 14.10761 -0.04921257 14.10761 -0.04921257 0 -0.04921257 14.10761 -0.04921257 0 0.04921257 0 0.04921257 0 0.04921257 14.10761 -0.04921257 14.10761 0.04921257 14.10761 0.04921257 0 0.9350394 0 0.04921257 14.76378 0.04921257 14.10761 0.9350394 14.76378 1.033465 0 1.033465 14.76378 0.04921257 14.10761 0.9350394 14.76378 0.04921257 14.10761 1.033465 14.76378 0.04921257 14.10761 0.9350394 0 1.033465 0 -1.033465 14.76378 -1.033465 0 -0.04921257 0 -0.04921257 0 -0.04921257 14.76378 -1.033465 14.76378 0.9350394 0.04921257 0.04921257 -0.04921257 1.033465 -0.04921257 0.04921257 -0.04921257 0.9350394 0.04921257 0.04921257 0.04921257 0.9350394 0.04921257 1.033465 -0.04921257 1.033465 0.04921257 0.9350394 -0.04921257 1.033465 0.04921257 0.04921257 0.04921257 1.033465 0.04921257 0.9350394 -0.04921257 1.033465 -0.04921257 0.9350394 -0.04921257 0.04921257 0.04921257 0.04921257 -0.04921257 -0.04921251 14.76378 -0.04921251 0 0.04921257 14.10761 0.04921257 14.76378 -0.04921251 14.76378 0.04921257 14.10761 -0.04921257 14.76378 -0.04921257 0 0.04921257 0 0.04921257 0 0.04921257 14.76378 -0.04921257 14.76378 0.04921257 14.76378 0.04921257 0 2.805118 0 0.04921257 14.76378 2.805118 0 2.805118 14.76378 2.805118 0 2.903543 14.76378 2.805118 14.76378 2.903543 14.76378 2.805118 0 2.903543 0 -2.903543 14.76378 -2.903543 0 -0.04921257 0 -0.04921257 0 -0.04921257 14.76378 -2.903543 14.76378 2.805118 0.04921257 0.04921257 -0.04921257 2.903543 -0.04921257 0.04921257 -0.04921257 2.805118 0.04921257 0.04921257 0.04921257 2.805118 0.04921257 2.903543 -0.04921257 2.903543 0.04921257 2.805118 -0.04921257 2.903543 0.04921257 0.04921257 0.04921257 2.903543 0.04921257 2.805118 -0.04921257 2.903543 -0.04921257 2.805118 -0.04921257 0.04921257 0.04921257 0.04921257 -0.04921257 -0.04921257 14.76378 0.04921257 0 0.04921257 14.76378 0.04921257 0 -0.04921257 14.76378 -0.04921257 0 -0.04921257 14.76378 -0.04921257 0 0.04921257 14.76378 0.04921257 0 0.04921257 14.76378 -0.04921257 0 0.04921257 14.76378 0.04921257 0 2.805118 0 0.04921257 14.76378 2.805118 0 2.805118 14.76378 -2.903543 14.76378 -2.903543 0 -0.04921257 0 -0.04921257 0 -0.04921257 14.76378 -2.903543 14.76378 2.805118 0.04921257 0.04921257 -0.04921257 2.903543 -0.04921257 0.04921257 -0.04921257 2.805118 0.04921257 0.04921257 0.04921257 2.805118 0.04921257 2.903543 -0.04921257 2.903543 0.04921257 2.805118 -0.04921257 2.903543 0.04921257 0.04921257 0.04921257 2.903543 0.04921257 2.805118 -0.04921257 2.903543 -0.04921257 2.805118 -0.04921257 0.04921257 0.04921257 0.04921257 -0.04921257 -0.04921251 0 0.04921257 0 0.04921257 14.76378 0.04921257 14.76378 -0.04921251 14.76378 -0.04921251 0 -0.04921257 14.76378 -0.04921257 0 0.04921257 0 0.04921257 0 0.04921257 14.76378 -0.04921257 14.76378 0.04921257 14.76378 0.04921257 0 2.805118 0 0.04921257 14.76378 2.805118 0 2.805118 14.76378 2.805118 0 2.903543 14.76378 2.805118 14.76378 2.903543 14.76378 2.805118 0 2.903543 0 -2.903543 14.76378 -2.903543 0 -0.04921257 0 -0.04921257 0 -0.04921257 14.76378 -2.903543 14.76378 2.805118 0.04921257 0.04921257 -0.04921257 2.903543 -0.04921257 0.04921257 -0.04921257 2.805118 0.04921257 0.04921257 0.04921257 2.805118 0.04921257 2.903543 -0.04921257 2.903543 0.04921257 2.805118 -0.04921257 2.903543 0.04921257 0.04921257 0.04921257 2.903543 0.04921257 2.805118 -0.04921257 2.903543 -0.04921257 2.805118 -0.04921257 0.04921257 0.04921257 0.04921257 -0.04921257 -0.04921251 14.76378 0.04921257 0 0.04921257 14.76378 0.04921257 0 -0.04921251 14.76378 -0.04921251 0 -0.04921257 14.76378 -0.04921257 0 0.04921257 14.76378 0.04921257 0 0.04921257 14.76378 -0.04921257 0 0.04921257 14.76378 0.04921257 0 1.033465 0 1.033465 0 1.033465 14.76378 0.04921257 14.76378 -1.033465 14.10761 -1.033465 0 -0.9350394 0 -1.033465 14.76378 -1.033465 14.10761 -0.04921257 14.76378 -0.04921257 0 -0.04921257 14.76378 -1.033465 14.10761 -0.04921257 0 -1.033465 14.10761 -0.9350394 0 1.033465 0.04921257 0.04921257 0.04921257 0.9350394 -0.04921257 0.04921257 -0.04921257 0.9350394 -0.04921257 0.04921257 0.04921257 0.9350394 -0.04921257 1.033465 -0.04921257 1.033465 0.04921257 0.04921257 -0.04921257 1.033465 -0.04921257 1.033465 0.04921257 1.033465 0.04921257 0.04921257 0.04921257 0.04921257 -0.04921257 -0.04921251 0 0.04921257 0 0.04921257 14.76378 0.04921257 14.76378 -0.04921251 14.76378 -0.04921251 0 -0.04921257 14.76378 -0.04921257 0 0.04921257 14.10761 0.04921257 0 0.04921257 14.10761 -0.04921257 0 0.04921257 14.10761 0.04921257 14.76378 -0.04921257 14.76378 0.04921257 14.10761 0.04921257 0 1.83727 0 1.83727 0 1.83727 14.10761 0.04921257 14.10761 -1.83727 14.10761 -1.83727 0 -0.04921257 0 -0.04921257 0 -0.04921257 14.10761 -1.83727 14.10761 1.83727 0.04921257 0.04921257 0.04921257 1.83727 -0.04921257 0.04921257 -0.04921257 1.83727 -0.04921257 0.04921257 0.04921257 0.04921251 -0.04921257 1.83727 -0.04921257 1.83727 0.04921257 1.83727 0.04921257 0.04921251 0.04921257 0.04921251 -0.04921257 0.04921257 14.10761 -0.04921257 14.10761 -0.04921257 0 -0.04921257 0 0.04921257 0 -0.04921257 14.10761 0.04921257 14.10761 -0.04921257 14.10761 0.04921257 0 0.04921257 0 0.8366142 14.10761 0.04921257 14.10761 0.8366142 0 0.9350394 0 0.9350394 14.10761 0.9350394 14.10761 0.8366142 14.10761 0.8366142 0 0.8366142 0 0.8366142 14.10761 0.04921257 0 -0.9350394 14.10761 -0.9350394 0 0.04921257 0 0.04921257 0 0.04921257 14.10761 -0.9350394 14.10761 0.9350394 0.04921257 0.8366142 0.04921257 0.9350394 -0.04921257 0.04921257 0.04921257 -0.04921257 -0.04921257 0.9350394 -0.04921257 -0.04921257 -0.04921257 0.04921257 0.04921257 -0.04921257 0.04921257 0.04921257 0.04921257 0.9350394 -0.04921257 0.8366142 0.04921257 -0.04921257 -0.04921257 0.04921257 -0.04921257 -0.04921257 0.04921257 0.8366142 -0.04921257 0.9350394 0.04921257 -0.04921257 0.04921257 0.9350394 0.04921257 0.8366142 -0.04921257 0.9350394 -0.04921257 0.8366142 -0.04921257 -0.04921257 0.04921257 0.04921257 -0.04921257 -0.04921257 14.10761 -0.04921257 0 0.04921257 0 0.04921257 0 0.04921257 14.10761 -0.04921257 14.10761 -0.4757218 14.10761 -0.4757218 0 -0.3772966 0 -0.3772966 0 -0.3772966 14.10761 -0.4757218 14.10761 0.04921257 14.10761 0.04921257 0 0.3772966 0 0.04921257 14.10761 0.3772966 0 0.3772966 14.10761 0.3772966 0 0.4757218 14.10761 0.3772966 14.10761 0.4757218 14.10761 0.3772966 0 0.4757218 0 -0.4757218 14.10761 -0.4757218 0 -0.04921257 0 -0.04921257 0 -0.04921257 14.10761 -0.4757218 14.10761 0.3772966 0.04921257 0.04921257 -0.04921257 0.4757218 -0.04921257 0.04921257 -0.04921257 0.3772966 0.04921257 0.04921257 0.04921257 0.3772966 0.04921257 0.4757218 -0.04921257 0.4757218 0.04921257 0.3772966 -0.04921257 0.4757218 0.04921257 0.04921257 0.04921257 0.4757218 0.04921257 0.3772966 -0.04921257 0.4757218 -0.04921257 0.3772966 -0.04921257 0.04921257 0.04921257 0.04921257 -0.04921257 -0.04921257 0 0.04921257 0 0.04921257 14.10761 0.04921257 14.10761 -0.04921257 14.10761 -0.04921257 0 -0.04921257 14.10761 -0.04921257 0 0.04921257 0 0.04921257 0 0.04921257 14.10761 -0.04921257 14.10761 0.04921257 14.10761 0.04921257 0 0.8366142 0 0.04921257 14.10761 0.8366142 0 0.8366142 14.10761 0.8366142 0 0.9350394 14.10761 0.8366142 14.10761 0.9350394 14.10761 0.8366142 0 0.9350394 0 -0.9350394 14.10761 -0.9350394 0 -0.04921257 0 -0.04921257 0 -0.04921257 14.10761 -0.9350394 14.10761 0.8366142 0.04921257 0.04921257 -0.04921257 0.9350394 -0.04921257 0.04921257 -0.04921257 0.8366142 0.04921257 0.04921257 0.04921257 0.8366142 0.04921257 0.9350394 -0.04921257 0.9350394 0.04921257 0.8366142 -0.04921257 0.9350394 0.04921257 0.04921257 0.04921257 0.9350394 0.04921257 0.8366142 -0.04921257 0.9350394 -0.04921257 0.8366142 -0.04921257 0.04921257 0.04921257 0.04921257 -0.04921257 -0.04921257 0 0.04921257 0 0.04921257 14.10761 0.04921257 14.10761 -0.04921257 14.10761 -0.04921257 0 -0.04921257 14.10761 -0.04921257 0 0.04921257 0 0.04921257 0 0.04921257 14.10761 -0.04921257 14.10761 0.04921257 14.10761 0.04921257 0 0.3772966 0 0.3772966 0 0.3772966 14.10761 0.04921257 14.10761 -0.3772966 14.10761 -0.3772966 0 -0.04921257 0 -0.04921257 0 -0.04921257 14.10761 -0.3772966 14.10761 0.3772966 0.04921257 0.04921257 0.04921257 0.3772966 -0.04921257 0.04921257 -0.04921257 0.3772966 -0.04921257 0.04921257 0.04921257 0.04921257 -0.04921257 0.3772966 -0.04921257 0.3772966 0.04921257 0.3772966 0.04921257 0.04921257 0.04921257 0.04921257 -0.04921257 -0.04921257 0 0.04921257 0 0.04921257 14.10761 0.04921257 14.10761 -0.04921257 14.10761 -0.04921257 0 -0.04921257 0 0.04921257 0 -0.04921257 14.10761 0.04921257 0 0.8366142 14.10761 0.04921257 14.10761 0.8366142 0 0.9350394 0 0.9350394 14.10761 0.9350394 14.10761 0.8366142 14.10761 0.8366142 0 0.8366142 0 0.8366142 14.10761 0.04921257 0 -0.9350394 14.10761 -0.9350394 0 0.04921257 0 0.04921257 0 0.04921257 14.10761 -0.9350394 14.10761 0.9350394 0.04921257 0.8366142 0.04921257 0.9350394 -0.04921257 0.04921257 0.04921257 -0.04921257 -0.04921257 0.9350394 -0.04921257 -0.04921257 -0.04921257 0.04921257 0.04921257 -0.04921257 0.04921257 0.04921257 0.04921257 0.9350394 -0.04921257 0.8366142 0.04921257 -0.04921257 -0.04921257 0.04921257 -0.04921257 -0.04921257 0.04921257 0.8366142 -0.04921257 0.9350394 0.04921257 -0.04921257 0.04921257 0.9350394 0.04921257 0.8366142 -0.04921257 0.9350394 -0.04921257 0.8366142 -0.04921257 -0.04921257 0.04921257 0.04921257 -0.04921257 -0.04921257 14.10761 -0.04921257 0 0.04921257 0 0.04921257 0 0.04921257 14.10761 -0.04921257 14.10761 -1.935696 14.10761 -1.935696 0 -1.83727 0 -1.83727 0 -1.83727 14.10761 -1.935696 14.10761 0.04921257 14.10761 0.04921257 0 1.935696 0 1.935696 0 1.935696 14.10761 0.04921257 14.10761 -1.935696 14.10761 -1.935696 0 -1.83727 0 -1.83727 0 -0.04921257 0 -0.04921257 14.10761 -1.83727 0 -0.04921257 14.10761 -1.935696 14.10761 1.935696 0.04921257 0.04921257 0.04921257 1.83727 -0.04921257 0.04921257 -0.04921257 1.83727 -0.04921257 0.04921257 0.04921257 1.83727 -0.04921257 1.935696 -0.04921257 1.935696 0.04921257 0.04921251 -0.04921257 1.935696 -0.04921257 1.935696 0.04921257 1.935696 0.04921257 0.04921251 0.04921257 0.04921251 -0.04921257 -0.04921257 0 0.04921257 0 0.04921257 14.10761 0.04921257 14.10761 -0.04921257 14.10761 -0.04921257 0 -0.04921257 14.10761 -0.04921257 0 0.04921257 0 0.04921257 0 0.04921257 14.10761 -0.04921257 14.10761 0.04921257 14.10761 0.04921257 0 0.9350394 0 0.04921257 14.76378 0.04921257 14.10761 0.9350394 14.76378 1.033465 0 1.033465 14.76378 0.04921257 14.10761 0.9350394 14.76378 0.04921257 14.10761 1.033465 14.76378 0.04921257 14.10761 0.9350394 0 1.033465 0 -1.033465 14.76378 -1.033465 0 -0.04921257 0 -0.04921257 0 -0.04921257 14.76378 -1.033465 14.76378 0.9350394 0.04921257 0.04921257 -0.04921257 1.033465 -0.04921257 0.04921257 -0.04921257 0.9350394 0.04921257 0.04921257 0.04921257 0.9350394 0.04921257 1.033465 -0.04921257 1.033465 0.04921257 0.9350394 -0.04921257 1.033465 0.04921257 0.04921257 0.04921257 1.033465 0.04921257 0.9350394 -0.04921257 1.033465 -0.04921257 0.9350394 -0.04921257 0.04921257 0.04921257 0.04921257 -0.04921257 -0.04921251 14.76378 -0.04921251 0 0.04921257 14.10761 0.04921257 14.76378 -0.04921251 14.76378 0.04921257 14.10761 -0.04921257 14.76378 -0.04921257 0 0.04921257 0 0.04921257 0 0.04921257 14.76378 -0.04921257 14.76378 0.04921257 14.76378 0.04921257 0 2.805118 0 0.04921257 14.76378 2.805118 0 2.805118 14.76378 2.805118 0 2.903543 14.76378 2.805118 14.76378 2.903543 14.76378 2.805118 0 2.903543 0 -2.903543 14.76378 -2.903543 0 -0.04921257 0 -0.04921257 0 -0.04921257 14.76378 -2.903543 14.76378 2.805118 0.04921257 0.04921257 -0.04921257 2.903543 -0.04921257 0.04921257 -0.04921257 2.805118 0.04921257 0.04921257 0.04921257 2.805118 0.04921257 2.903543 -0.04921257 2.903543 0.04921257 2.805118 -0.04921257 2.903543 0.04921257 0.04921257 0.04921257 2.903543 0.04921257 2.805118 -0.04921257 2.903543 -0.04921257 2.805118 -0.04921257 0.04921257 0.04921257 0.04921257 -0.04921257 -0.04921257 14.76378 0.04921257 0 0.04921257 14.76378 0.04921257 0 -0.04921257 14.76378 -0.04921257 0 -0.04921257 14.76378 -0.04921257 0 0.04921257 14.76378 0.04921257 0 0.04921257 14.76378 -0.04921257 0 0.04921257 14.76378 0.04921257 0 2.805118 0 0.04921257 14.76378 2.805118 0 2.805118 14.76378 2.805118 0 2.903543 14.76378 2.805118 14.76378 2.903543 14.76378 2.805118 0 2.903543 0 -2.903543 14.76378 -2.903543 0 -0.04921257 0 -0.04921257 0 -0.04921257 14.76378 -2.903543 14.76378 2.805118 0.04921257 0.04921257 -0.04921257 2.903543 -0.04921257 0.04921257 -0.04921257 2.805118 0.04921257 0.04921257 0.04921257 2.805118 0.04921257 2.903543 -0.04921257 2.903543 0.04921257 2.805118 -0.04921257 2.903543 0.04921257 0.04921257 0.04921257 2.903543 0.04921257 2.805118 -0.04921257 2.903543 -0.04921257 2.805118 -0.04921257 0.04921257 0.04921257 0.04921257 -0.04921257 -0.04921251 0 0.04921257 0 0.04921257 14.76378 0.04921257 14.76378 -0.04921251 14.76378 -0.04921251 0 -0.04921257 14.76378 -0.04921257 0 0.04921257 0 0.04921257 0 0.04921257 14.76378 -0.04921257 14.76378 0.04921257 14.76378 0.04921257 0 2.805118 0 0.04921257 14.76378 2.805118 0 2.805118 14.76378 2.805118 0 2.903543 14.76378 2.805118 14.76378 2.903543 14.76378 2.805118 0 2.903543 0 -2.903543 14.76378 -2.903543 0 -0.04921257 0 -0.04921257 0 -0.04921257 14.76378 -2.903543 14.76378 2.805118 0.04921257 0.04921257 -0.04921257 2.903543 -0.04921257 0.04921257 -0.04921257 2.805118 0.04921257 0.04921257 0.04921257 2.805118 0.04921257 2.903543 -0.04921257 2.903543 0.04921257 2.805118 -0.04921257 2.903543 0.04921257 0.04921257 0.04921257 2.903543 0.04921257 2.805118 -0.04921257 2.903543 -0.04921257 2.805118 -0.04921257 0.04921257 0.04921257 0.04921257 -0.04921257 -0.04921257 14.76378 -0.04921257 0 0.04921257 14.76378 0.04921257 0 0.04921257 14.76378 -0.04921257 0 0.04921257 14.76378 0.04921257 0 1.033465 0 1.033465 0 1.033465 14.76378 0.04921257 14.76378 -1.033465 14.10761 -1.033465 0 -0.9350394 0 -1.033465 14.76378 -1.033465 14.10761 -0.04921257 14.76378 -0.04921257 0 -0.04921257 14.76378 -1.033465 14.10761 -0.04921257 0 -1.033465 14.10761 -0.9350394 0 1.033465 0.04921257 0.04921257 0.04921257 0.9350394 -0.04921257 0.04921257 -0.04921257 0.9350394 -0.04921257 0.04921257 0.04921257 0.9350394 -0.04921257 1.033465 -0.04921257 1.033465 0.04921257 0.04921257 -0.04921257 1.033465 -0.04921257 1.033465 0.04921257 1.033465 0.04921257 0.04921257 0.04921257 0.04921257 -0.04921257 -0.04921251 0 0.04921257 0 0.04921257 14.76378 0.04921257 14.76378 -0.04921251 14.76378 -0.04921251 0 -0.04921257 14.76378 -0.04921257 0 0.04921257 14.10761 0.04921257 0 0.04921257 14.10761 -0.04921257 0 0.04921257 14.10761 0.04921257 14.76378 -0.04921257 14.76378 0.04921257 14.10761 0.04921257 0 1.83727 0 1.83727 0 1.83727 14.10761 0.04921257 14.10761 -1.83727 14.10761 -1.83727 0 -0.04921257 0 -0.04921257 0 -0.04921257 14.10761 -1.83727 14.10761 1.83727 0.04921257 0.04921257 0.04921257 0.04921257 -0.04921257 0.04921257 -0.04921257 1.83727 -0.04921257 1.83727 0.04921257 0.04921251 -0.04921257 1.83727 -0.04921257 1.83727 0.04921257 1.83727 0.04921257 0.04921251 0.04921257 0.04921251 -0.04921257 0.04921257 14.10761 -0.04921257 14.10761 -0.04921257 0 0.04921257 14.10761 -0.04921257 14.10761 -0.04921257 0 -0.04921257 0 0.04921257 0 -0.04921257 14.10761 0.04921257 14.10761 -0.04921257 14.10761 0.04921257 0 0.04921257 0 0.8366142 0 0.04921257 14.10761 0.8366142 0 0.9350394 0 0.9350394 14.10761 0.9350394 14.10761 0.8366142 14.10761 0.8366142 0 0.8366142 0 0.8366142 14.10761 0.04921257 14.10761 -0.9350394 14.10761 -0.9350394 0 0.04921257 0 0.04921257 0 0.04921257 14.10761 -0.9350394 14.10761 0.9350394 0.04921257 0.8366142 0.04921257 0.9350394 -0.04921257 0.04921257 0.04921257 -0.04921257 -0.04921257 0.9350394 -0.04921257 -0.04921257 -0.04921257 0.04921257 0.04921257 -0.04921257 0.04921257 0.04921257 0.04921257 0.9350394 -0.04921257 0.8366142 0.04921257 -0.04921257 -0.04921257 0.04921257 -0.04921257 -0.04921257 0.04921257 0.8366142 -0.04921257 0.9350394 0.04921257 -0.04921257 0.04921257 0.9350394 0.04921257 0.8366142 -0.04921257 0.9350394 -0.04921257 0.8366142 -0.04921257 -0.04921257 0.04921257 0.04921257 -0.04921257 -0.04921257 14.10761 -0.04921257 0 0.04921257 0 0.04921257 0 0.04921257 14.10761 -0.04921257 14.10761 -0.4757218 14.10761 -0.4757218 0 -0.3772966 0 -0.3772966 0 -0.3772966 14.10761 -0.4757218 14.10761 0.04921257 14.10761 0.04921257 0 0.3772966 0 0.04921257 14.10761 0.3772966 0 0.3772966 14.10761 0.3772966 0 0.4757218 14.10761 0.3772966 14.10761 0.4757218 14.10761 0.3772966 0 0.4757218 0 -0.4757218 14.10761 -0.4757218 0 -0.04921257 0 -0.04921257 0 -0.04921257 14.10761 -0.4757218 14.10761 0.3772966 0.04921257 0.04921257 -0.04921257 0.4757218 -0.04921257 0.04921257 -0.04921257 0.3772966 0.04921257 0.04921257 0.04921257 0.3772966 0.04921257 0.4757218 -0.04921257 0.4757218 0.04921257 0.3772966 -0.04921257 0.4757218 0.04921257 0.04921257 0.04921257 0.4757218 0.04921257 0.3772966 -0.04921257 0.4757218 -0.04921257 0.3772966 -0.04921257 0.04921257 0.04921257 0.04921257 -0.04921257 -0.04921257 0 0.04921257 0 0.04921257 14.10761 0.04921257 14.10761 -0.04921257 14.10761 -0.04921257 0 -0.04921257 14.10761 -0.04921257 0 0.04921257 0 0.04921257 0 0.04921257 14.10761 -0.04921257 14.10761 0.04921257 14.10761 0.04921257 0 0.8366142 0 0.04921257 14.10761 0.8366142 0 0.8366142 14.10761 0.8366142 0 0.9350394 14.10761 0.8366142 14.10761 0.9350394 14.10761 0.8366142 0 0.9350394 0 -0.9350394 14.10761 -0.9350394 0 -0.738189 0 -0.9350394 14.10761 -0.738189 0 -0.04921257 14.10761 -0.1476378 0 -0.04921257 0 -0.04921257 14.10761 -0.1476378 0 -0.04921257 14.10761 -0.738189 0 0.8366142 0.04921257 0.04921257 0.04921257 0.738189 -0.04921257 0.9350394 0.04921257 0.8366142 0.04921257 0.9350394 -0.04921257 0.04921257 -0.04921257 0.1476378 -0.04921257 0.04921257 0.04921257 0.738189 -0.04921257 0.9350394 -0.04921257 0.8366142 0.04921257 0.1476378 -0.04921257 0.738189 -0.04921257 0.04921257 0.04921257 0.8366142 -0.04921257 0.9350394 0.04921257 0.04921257 0.04921257 0.9350394 0.04921257 0.8366142 -0.04921257 0.9350394 -0.04921257 0.8366142 -0.04921257 0.04921257 0.04921257 0.04921257 -0.04921257 -0.04921257 0 0.04921257 0 0.04921257 14.10761 0.04921257 14.10761 -0.04921257 14.10761 -0.04921257 0 -0.04921257 14.10761 -0.04921257 0 0.04921257 0 0.04921257 0 0.04921257 14.10761 -0.04921257 14.10761 0.04921257 14.10761 0.04921257 0 0.3772966 0 0.3772966 0 0.3772966 14.10761 0.04921257 14.10761 -0.3772966 14.10761 -0.3772966 0 -0.04921257 0 -0.04921257 0 -0.04921257 14.10761 -0.3772966 14.10761 0.3772966 0.04921257 0.04921257 0.04921257 0.04921257 -0.04921257 0.04921257 -0.04921257 0.3772966 -0.04921257 0.3772966 0.04921257 0.04921257 -0.04921257 0.3772966 -0.04921257 0.3772966 0.04921257 0.3772966 0.04921257 0.04921257 0.04921257 0.04921257 -0.04921257 -0.04921257 0 0.04921257 0 0.04921257 14.10761 0.04921257 14.10761 -0.04921257 14.10761 -0.04921257 0 0 14.10761 0 0 2.830344 0 2.830344 0 2.92877 0 2.92877 14.10761 2.830344 0 2.92877 14.10761 0 14.10761 -2.92877 14.10761 -2.92877 0 0 14.10761 0 0 0 14.10761 -2.92877 0 2.830344 0.04921257 0 -0.04921257 2.92877 -0.04921257 0 -0.04921257 2.830344 0.04921257 0 0.04921257 2.830344 0.04921257 2.92877 -0.04921257 2.92877 0.04921257 0 -0.04921257 2.92877 -0.04921257 2.92877 0.04921257 2.92877 0.04921257 0 0.04921257 0 -0.04921257 0.04921257 0 0.04921257 14.10761 -0.04921257 14.10761 -0.04921257 14.10761 -0.04921257 0 0.04921257 0 -0.04921257 14.10761 -0.04921257 0 0.04921257 0 0.04921257 0 0.04921257 14.10761 -0.04921257 14.10761 0.04921257 14.76378 0.04921257 0 2.805118 0 0.04921257 14.76378 2.805118 0 2.805118 14.76378 2.805118 0 2.903543 14.76378 2.805118 14.76378 2.903543 14.76378 2.805118 0 2.903543 0 -2.903543 14.76378 -2.903543 0 -0.04921257 14.10761 -0.04921257 0 -0.04921257 14.10761 -2.903543 0 -0.04921257 14.10761 -0.04921257 14.76378 -2.903543 14.76378 2.805118 0.04921257 0.04921257 -0.04921257 2.903543 -0.04921257 0.04921257 -0.04921257 2.805118 0.04921257 0.04921257 0.04921257 2.805118 0.04921257 2.903543 -0.04921257 2.903543 0.04921257 2.805118 -0.04921257 2.903543 0.04921257 0.04921257 0.04921257 2.903543 0.04921257 2.805118 -0.04921257 2.903543 -0.04921257 2.805118 -0.04921257 0.04921257 0.04921257 0.04921257 -0.04921257 -0.04921263 14.10761 0.04921245 0 0.04921245 14.76378 0.04921245 14.76378 -0.04921263 14.76378 -0.04921263 14.10761 -0.04921257 14.76378 -0.04921257 0 0.04921257 0 0.04921257 0 0.04921257 14.76378 -0.04921257 14.76378 0.04921257 14.76378 0.04921257 0 1.033465 0 1.033465 0 1.033465 14.76378 0.04921257 14.76378 -1.033465 14.10761 -1.033465 0 -0.9350394 0 -1.033465 14.76378 -1.033465 14.10761 -0.04921257 14.76378 -0.04921257 0 -0.04921257 14.76378 -1.033465 14.10761 -0.04921257 0 -1.033465 14.10761 -0.9350394 0 1.033465 0.04921257 0.04921257 0.04921257 0.9350394 -0.04921257 0.04921257 -0.04921257 0.9350394 -0.04921257 0.04921257 0.04921257 0.9350394 -0.04921257 1.033465 -0.04921257 1.033465 0.04921257 0.04921257 -0.04921257 1.033465 -0.04921257 1.033465 0.04921257 1.033465 0.04921257 0.04921257 0.04921257 0.04921257 -0.04921257 -0.04921251 0 0.04921257 0 0.04921257 14.76378 0.04921257 14.76378 -0.04921251 14.76378 -0.04921251 0 -0.04921257 14.76378 -0.04921257 0 0.04921257 14.10761 0.04921257 0 0.04921257 14.10761 -0.04921257 0 0.04921257 14.10761 0.04921257 14.76378 -0.04921257 14.76378 0.04921257 14.10761 0.04921257 0 1.886483 0 1.886483 0 1.886483 14.10761 0.04921257 14.10761 -1.886483 14.10761 -1.886483 0 -0.04921257 0 -0.04921257 0 -0.04921257 14.10761 -1.886483 14.10761 1.886483 0.04921257 0.04921257 0.04921257 0.04921257 -0.04921257 0.04921257 -0.04921257 1.886483 -0.04921257 1.886483 0.04921257 -0.04921257 14.10761 -0.04921257 0 0.04921257 0 0.04921257 0 0.04921257 14.10761 -0.04921257 14.10761 0.04921251 -0.04921257 1.886483 -0.04921257 1.886483 0.04921257 1.886483 0.04921257 0.04921251 0.04921257 0.04921251 -0.04921257 0.04921257 14.10761 -0.04921257 14.10761 -0.04921257 0 0 14.10761 0 0 2.477034 0 2.477034 0 2.575459 0 2.575459 14.10761 2.477034 0 2.575459 14.10761 0 14.10761 -2.575459 14.10761 -2.575459 0 0 0 0 0 0 14.10761 -2.575459 14.10761 2.477034 0.04921257 0 -0.04921257 2.575459 -0.04921257 0 -0.04921257 2.477034 0.04921257 0 0.04921257 2.477034 0.04921257 2.575459 -0.04921257 2.575459 0.04921257 0 -0.04921257 2.575459 -0.04921257 2.575459 0.04921257 2.575459 0.04921257 0 0.04921257 0 -0.04921257 0.04921257 0 0.04921257 14.10761 -0.04921257 14.10761 -0.04921257 14.10761 -0.04921257 0 0.04921257 0 -0.04921257 14.10761 -0.04921257 0 0.04921257 0 0.04921257 0 0.04921257 14.10761 -0.04921257 14.10761 2.903543 14.10761 0.04921257 14.76378 0.04921257 0 2.903543 14.10761 0.04921257 0 2.805118 0 2.903543 0 2.903543 14.10761 2.805118 0 2.903543 14.10761 2.903543 14.76378 0.04921257 14.76378 -2.903543 14.76378 -2.903543 0 -0.04921257 14.10761 -0.04921257 0 -0.04921257 14.10761 -2.903543 0 -0.04921257 14.10761 -0.04921257 14.76378 -2.903543 14.76378 2.805118 0.04921257 0.04921257 -0.04921257 2.903543 -0.04921257 0.04921257 -0.04921257 2.805118 0.04921257 0.04921257 0.04921257 2.805118 0.04921257 2.903543 -0.04921257 2.903543 0.04921257 0.04921257 -0.04921257 2.903543 -0.04921257 2.903543 0.04921257 2.903543 0.04921257 0.04921257 0.04921257 0.04921257 -0.04921257 -0.04921251 14.10761 0.04921257 0 0.04921257 14.76378 0.04921257 14.76378 -0.04921251 14.76378 -0.04921251 14.10761 -0.04921257 14.10761 0.04921257 0 0.04921257 14.76378 0.04921257 0 -0.04921257 14.10761 -0.04921257 0 -0.04921257 14.10761 0.04921257 14.76378 -0.04921257 14.76378 0.04921257 14.10761 0.04921257 0 2.526247 0 2.526247 0 2.526247 14.10761 0.04921257 14.10761 -2.526247 14.10761 -2.526247 0 -2.411417 0 -2.526247 14.10761 -2.411417 0 -1.820866 0 -1.820866 0 -0.04921257 0 -0.04921257 14.10761 -1.820866 0 -0.04921257 14.10761 -2.526247 14.10761 2.526247 0.04921257 0.04921257 0.04921257 1.820866 -0.04921257 1.820866 -0.04921257 0.04921257 0.04921257 0.04921257 -0.04921257 2.526247 0.04921257 1.820866 -0.04921257 2.411417 -0.04921257 2.411417 -0.04921257 2.526247 -0.04921257 2.526247 0.04921257 -0.04921257 14.10761 -0.04921257 0 0.04921257 0 0.04921257 0 0.04921257 14.10761 -0.04921257 14.10761 0.04921257 -0.04921257 2.526247 -0.04921257 2.526247 0.04921257 2.526247 0.04921257 0.04921257 0.04921257 0.04921257 -0.04921257 -0.04921251 0 0.04921257 0 0.04921257 14.10761 0.04921257 14.10761 -0.04921251 14.10761 -0.04921251 0 0.328084 14.76378 0.328084 0 6.430446 0 6.430446 0 6.430446 14.76378 0.328084 14.76378 -6.430446 14.76378 -6.430446 0 -0.328084 0 -0.328084 0 -0.328084 14.76378 -6.430446 14.76378 6.430446 0.04921257 0.328084 0.04921257 6.430446 -0.04921257 0.328084 -0.04921257 6.430446 -0.04921257 0.328084 0.04921257 -0.04921257 14.76378 -0.04921257 0 0.04921257 0 0.04921257 0 0.04921257 14.76378 -0.04921257 14.76378 0.3280841 -0.04921257 6.430446 -0.04921257 6.430446 0.04921257 6.430446 0.04921257 0.3280841 0.04921257 0.3280841 -0.04921257 -0.04921233 0 0.04921251 0 0.04921251 14.76378 0.04921251 14.76378 -0.04921233 14.76378 -0.04921233 0 -0.04921257 0 0.04921257 0 -0.04921257 14.76378 0.04921257 14.76378 -0.04921257 14.76378 0.04921257 0 0.04921257 0 2.477034 0 0.04921257 14.76378 2.477034 0 2.575459 0 2.575459 14.76378 2.575459 14.76378 2.477034 14.76378 2.477034 0 2.477034 0 2.477034 14.76378 0.04921257 14.76378 -2.575459 14.76378 -2.575459 0 0.04921257 14.76378 0.04921257 0 0.04921257 14.76378 -2.575459 0 2.575459 0.04921257 2.477034 0.04921257 2.575459 -0.04921257 0.04921257 0.04921257 -0.04921257 -0.04921257 2.575459 -0.04921257 -0.04921257 -0.04921257 0.04921257 0.04921257 -0.04921257 0.04921257 0.04921257 0.04921257 2.575459 -0.04921257 2.477034 0.04921257 -0.04921251 -0.04921257 0.04921257 -0.04921257 -0.04921251 0.04921257 2.477034 -0.04921257 2.575459 0.04921257 -0.04921251 0.04921257 2.575459 0.04921257 2.477034 -0.04921257 2.575459 -0.04921257 2.477034 -0.04921257 -0.04921251 0.04921257 0.04921257 -0.04921257 -0.04921257 14.76378 -0.04921257 0 0.04921257 0 0.04921257 0 0.04921257 14.76378 -0.04921257 14.76378 -2.903543 14.76378 -2.903543 0 -2.805118 0 -2.805118 0 -2.805118 14.76378 -2.903543 14.76378 0.04921257 14.76378 0.04921257 0 2.805118 0 0.04921257 14.76378 2.805118 0 2.805118 14.76378 2.805118 0 2.903543 14.76378 2.805118 14.76378 2.903543 14.76378 2.805118 0 2.903543 0 -2.903543 14.76378 -2.903543 0 -0.04921257 0 -0.04921257 0 -0.04921257 14.76378 -2.903543 14.76378 2.805118 0.04921257 0.04921257 -0.04921257 2.903543 -0.04921257 0.04921257 -0.04921257 2.805118 0.04921257 0.04921257 0.04921257 2.805118 0.04921257 2.903543 -0.04921257 2.903543 0.04921257 2.805118 -0.04921257 2.903543 0.04921257 0.04921257 0.04921257 2.903543 0.04921257 2.805118 -0.04921257 2.903543 -0.04921257 2.805118 -0.04921257 0.04921257 0.04921257 0.04921257 -0.04921257 -0.04921257 14.76378 -0.04921257 0 0.04921257 14.76378 0.04921257 0 0.04921257 14.76378 -0.04921257 0 0.04921257 14.76378 0.04921257 0 2.477034 0 0.04921257 14.76378 2.477034 0 2.477034 14.76378 2.477034 0 2.575459 14.76378 2.477034 14.76378 2.575459 14.76378 2.477034 0 2.575459 0 -2.575459 14.76378 -2.575459 0 -0.04921257 0 -0.04921257 0 -0.04921257 14.76378 -2.575459 14.76378 2.477034 0.04921257 0.04921257 -0.04921257 2.575459 -0.04921257 0.04921257 -0.04921257 2.477034 0.04921257 0.04921257 0.04921257 2.477034 0.04921257 2.575459 -0.04921257 2.575459 0.04921257 2.477034 -0.04921257 2.575459 0.04921257 0.04921257 0.04921257 2.575459 0.04921257 2.477034 -0.04921257 2.575459 -0.04921257 2.477034 -0.04921257 0.04921257 0.04921257 0.04921257 -0.04921257 -0.04921251 0 0.04921257 0 0.04921257 14.76378 0.04921257 14.76378 -0.04921251 14.76378 -0.04921251 0 -0.04921257 14.76378 -0.04921257 0 0.04921257 0 0.04921257 0 0.04921257 14.76378 -0.04921257 14.76378 0.04921257 14.76378 0.04921257 0 2.805118 0 2.805118 0 2.805118 14.76378 0.04921257 14.76378 -2.805118 14.76378 -2.805118 0 -0.04921257 0 -0.04921257 0 -0.04921257 14.76378 -2.805118 14.76378 2.805118 0.04921257 0.04921257 0.04921257 2.805118 -0.04921257 0.04921257 -0.04921257 2.805118 -0.04921257 0.04921257 0.04921257 0.04921257 -0.04921257 2.805118 -0.04921257 2.805118 0.04921257 2.805118 0.04921257 0.04921257 0.04921257 0.04921257 -0.04921257 -0.04921257 14.76378 0.04921257 0 0.04921257 14.76378 0.04921257 0 -0.04921257 14.76378 -0.04921257 0 -0.04921257 0 0.04921257 0 -0.04921257 14.76378 0.04921257 14.76378 -0.04921257 14.76378 0.04921257 0 0.04921257 0 2.477034 0 0.04921257 14.76378 2.477034 0 2.575459 0 2.575459 14.76378 2.575459 14.76378 2.477034 14.76378 2.477034 0 2.477034 0 2.477034 14.76378 0.04921257 14.76378 -2.575459 14.76378 -2.575459 0 0.04921257 0 0.04921257 0 0.04921257 14.76378 -2.575459 14.76378 2.575459 0.04921257 2.477034 0.04921257 2.575459 -0.04921257 0.04921257 0.04921257 -0.04921257 -0.04921257 2.575459 -0.04921257 -0.04921257 -0.04921257 0.04921257 0.04921257 -0.04921257 0.04921257 0.04921257 0.04921257 2.575459 -0.04921257 2.477034 0.04921257 -0.04921251 -0.04921257 0.04921257 -0.04921257 -0.04921251 0.04921257 2.477034 -0.04921257 2.575459 0.04921257 -0.04921251 0.04921257 2.575459 0.04921257 2.477034 -0.04921257 2.575459 -0.04921257 2.477034 -0.04921257 -0.04921251 0.04921257 0.04921257 -0.04921257 -0.04921257 14.76378 -0.04921257 0 0.04921257 0 0.04921257 0 0.04921257 14.76378 -0.04921257 14.76378 -2.903543 14.76378 -2.903543 0 -2.805118 0 -2.805118 0 -2.805118 14.76378 -2.903543 14.76378 0.04921257 14.76378 0.04921257 0 2.805118 0 0.04921257 14.76378 2.805118 0 2.805118 14.76378 2.805118 0 2.903543 14.76378 2.805118 14.76378 2.903543 14.76378 2.805118 0 2.903543 0 -2.903543 14.76378 -2.903543 0 -0.04921257 0 -0.04921257 0 -0.04921257 14.76378 -2.903543 14.76378 2.805118 0.04921257 0.04921257 -0.04921257 2.903543 -0.04921257 0.04921257 -0.04921257 2.805118 0.04921257 0.04921257 0.04921257 2.805118 0.04921257 2.903543 -0.04921257 2.903543 0.04921257 2.805118 -0.04921257 2.903543 0.04921257 0.04921257 0.04921257 2.903543 0.04921257 2.805118 -0.04921257 2.903543 -0.04921257 2.805118 -0.04921257 0.04921257 0.04921257 0.04921257 -0.04921257 -0.04921257 14.76378 -0.04921257 0 0.04921257 14.76378 0.04921257 0 0.04921257 14.76378 -0.04921257 0 0.04921257 14.76378 0.04921257 0 2.477034 0 0.04921257 14.76378 2.477034 0 2.477034 14.76378 2.477034 0 2.575459 14.76378 2.477034 14.76378 2.575459 14.76378 2.477034 0 2.575459 0 -2.575459 14.76378 -2.575459 0 -0.04921257 0 -0.04921257 0 -0.04921257 14.76378 -2.575459 14.76378 2.477034 0.04921257 0.04921257 -0.04921257 2.575459 -0.04921257 0.04921257 -0.04921257 2.477034 0.04921257 0.04921257 0.04921257 2.477034 0.04921257 2.575459 -0.04921257 2.575459 0.04921257 2.477034 -0.04921257 2.575459 0.04921257 0.04921257 0.04921257 2.575459 0.04921257 2.477034 -0.04921257 2.575459 -0.04921257 2.477034 -0.04921257 0.04921257 0.04921257 0.04921257 -0.04921257 -0.04921251 0 0.04921257 0 0.04921257 14.76378 0.04921257 14.76378 -0.04921251 14.76378 -0.04921251 0 -0.04921257 14.76378 -0.04921257 0 0.04921257 0 0.04921257 0 0.04921257 14.76378 -0.04921257 14.76378 0.04921257 14.76378 0.04921257 0 2.805118 0 2.805118 0 2.805118 14.76378 0.04921257 14.76378 -2.805118 14.76378 -2.805118 0 -0.04921257 0 -0.04921257 0 -0.04921257 14.76378 -2.805118 14.76378 2.805118 0.04921257 0.04921257 0.04921257 2.805118 -0.04921257 0.04921257 -0.04921257 2.805118 -0.04921257 0.04921257 0.04921257 0.04921257 -0.04921257 2.805118 -0.04921257 2.805118 0.04921257 2.805118 0.04921257 0.04921257 0.04921257 0.04921257 -0.04921257 -0.04921257 14.76378 0.04921257 0 0.04921257 14.76378 0.04921257 0 -0.04921257 14.76378 -0.04921257 0 0 14.76378 0 0 1.902887 0 1.902887 0 1.902887 14.76378 0 14.76378 -1.804462 0 0 0 0 14.76378 -1.804462 0 0 14.76378 -1.804462 14.76378 1.902887 0.04921257 0 0.04921257 1.804462 -0.04921257 0 -0.04921257 1.804462 -0.04921257 0 0.04921257 1.804462 -0.04921257 1.902887 -0.04921257 1.902887 0.04921257 0 -0.04921257 1.902887 -0.04921257 1.804462 0.04921257 1.902887 0.04921257 1.804462 0.04921257 1.902887 -0.04921257 1.804462 0.04921257 0 0.04921257 0 -0.04921257 0.04921257 0 0.04921257 14.76378 -0.04921257 14.76378 -0.04921257 14.76378 -0.04921257 0 0.04921257 0 -0.04921257 14.76378 -0.04921257 0 0.04921257 0 0.04921257 0 0.04921257 14.76378 -0.04921257 14.76378 0.04921257 14.76378 0.04921257 0 2.903543 0 2.903543 0 2.903543 14.76378 0.04921257 14.76378 -2.805118 14.76378 -2.903543 14.76378 -2.805118 0 -2.805118 0 -2.903543 14.76378 -2.903543 0 -2.805118 0 -0.04921257 0 -0.04921257 14.76378 -2.805118 0 -0.04921257 14.76378 -2.805118 14.76378 2.903543 0.04921257 0.04921257 0.04921257 2.805118 -0.04921257 0.04921257 -0.04921257 2.805118 -0.04921257 0.04921257 0.04921257 2.805118 -0.04921257 2.903543 -0.04921257 2.903543 0.04921257 0.04921257 -0.04921257 2.903543 -0.04921257 2.805118 0.04921257 2.903543 0.04921257 2.805118 0.04921257 2.903543 -0.04921257 2.805118 0.04921257 0.04921257 0.04921257 0.04921257 -0.04921257 -0.04921257 0 0.04921251 0 0.04921251 14.76378 0.04921251 14.76378 -0.04921257 14.76378 -0.04921257 0 -0.04921257 14.76378 -0.04921257 0 0.04921257 0 0.04921257 0 0.04921257 14.76378 -0.04921257 14.76378 0.04921257 14.76378 0.04921257 0 1.853675 0 1.853675 0 1.853675 14.76378 0.04921257 14.76378 -1.853675 14.76378 -1.853675 0 -0.04921257 0 -0.04921257 0 -0.04921257 14.76378 -1.853675 14.76378 1.853675 0.04921257 0.04921257 0.04921257 1.853675 -0.04921257 0.04921257 -0.04921257 1.853675 -0.04921257 0.04921257 0.04921257 -0.04921257 14.76378 -0.04921257 0 0.04921257 0 0.04921257 0 0.04921257 14.76378 -0.04921257 14.76378 0.04921257 -0.04921257 1.853675 -0.04921257 1.853675 0.04921257 1.853675 0.04921257 0.04921257 0.04921257 0.04921257 -0.04921257 0 14.10761 0 0 11.81102 0 11.81102 0 11.81102 14.10761 0 14.10761 -11.81102 14.10761 -11.81102 0 0 0 0 0 0 14.10761 -11.81102 14.10761 11.81102 0.04921257 0 0.04921257 0 -0.04921257 0 -0.04921257 11.81102 -0.04921257 11.81102 0.04921257 -0.04921257 14.10761 -0.04921257 0 0.04921257 0 0.04921257 0 0.04921257 14.10761 -0.04921257 14.10761 0 -0.04921257 11.81102 -0.04921257 11.81102 0.04921257 11.81102 0.04921257 0 0.04921257 0 -0.04921257 0.04921257 0 0.04921257 14.10761 -0.04921257 14.10761 -0.04921257 14.10761 -0.04921257 0 0.04921257 0 0 14.10761 0 0 11.81102 0 11.81102 0 11.81102 14.10761 0 14.10761 -11.81102 14.10761 -11.81102 0 0 0 0 0 0 14.10761 -11.81102 14.10761 11.81102 0.04921257 0 0.04921257 11.81102 -0.04921257 0 -0.04921257 11.81102 -0.04921257 0 0.04921257 -0.04921257 14.10761 -0.04921257 0 0.04921257 0 0.04921257 0 0.04921257 14.10761 -0.04921257 14.10761 0 -0.04921257 11.81102 -0.04921257 0 0.04921257 11.81102 0.04921257 0 0.04921257 11.81102 -0.04921257 0.04921257 0 0.04921257 14.10761 -0.04921257 14.10761 -0.04921257 14.10761 -0.04921257 0 0.04921257 0 0 14.10761 0 0 11.81102 0 11.81102 0 11.81102 14.10761 0 14.10761 -11.81102 14.10761 -11.81102 0 0 0 0 0 0 14.10761 -11.81102 14.10761 11.81102 0.04921257 0 0.04921257 0 -0.04921257 0 -0.04921257 11.81102 -0.04921257 11.81102 0.04921257 -0.04921257 14.10761 -0.04921257 0 0.04921257 0 0.04921257 0 0.04921257 14.10761 -0.04921257 14.10761 0 -0.04921257 11.81102 -0.04921257 11.81102 0.04921257 11.81102 0.04921257 0 0.04921257 0 -0.04921257 0.04921257 0 0.04921257 14.10761 -0.04921257 14.10761 -0.04921257 14.10761 -0.04921257 0 0.04921257 0 0 14.10761 0 0 11.81102 0 11.81102 0 11.81102 14.10761 0 14.10761 -11.81102 14.10761 -11.81102 0 0 0 0 0 0 14.10761 -11.81102 14.10761 11.81102 0.04921257 0 0.04921257 0 -0.04921257 0 -0.04921257 11.81102 -0.04921257 11.81102 0.04921257 -0.04921257 14.10761 -0.04921257 0 0.04921257 0 0.04921257 0 0.04921257 14.10761 -0.04921257 14.10761 0 -0.04921257 11.81102 -0.04921257 11.81102 0.04921257 11.81102 0.04921257 0 0.04921257 0 -0.04921257 0.04921257 0 0.04921257 14.10761 -0.04921257 14.10761 -0.04921257 14.10761 -0.04921257 0 0.04921257 0 0 14.10761 0 0 11.81102 0 11.81102 0 11.81102 14.10761 0 14.10761 -11.81102 14.10761 -11.81102 0 0 0 0 0 0 14.10761 -11.81102 14.10761 11.81102 0.04921257 0 0.04921257 0 -0.04921257 0 -0.04921257 11.81102 -0.04921257 11.81102 0.04921257 -0.04921257 14.10761 -0.04921257 0 0.04921257 0 0.04921257 0 0.04921257 14.10761 -0.04921257 14.10761 0 -0.04921257 11.81102 -0.04921257 11.81102 0.04921257 11.81102 0.04921257 0 0.04921257 0 -0.04921257 0.04921257 0 0.04921257 14.10761 -0.04921257 14.10761 -0.04921257 14.10761 -0.04921257 0 0.04921257 0 0 14.10761 0 0 11.81102 0 11.81102 0 11.81102 14.10761 0 14.10761 -11.81102 14.10761 -11.81102 0 0 0 0 0 0 14.10761 -11.81102 14.10761 11.81102 0.04921257 0 0.04921257 0 -0.04921257 0 -0.04921257 11.81102 -0.04921257 11.81102 0.04921257 -0.04921257 14.10761 -0.04921257 0 0.04921257 0 0.04921257 0 0.04921257 14.10761 -0.04921257 14.10761 0 -0.04921257 11.81102 -0.04921257 11.81102 0.04921257 11.81102 0.04921257 0 0.04921257 0 -0.04921257 0.04921257 0 0.04921257 14.10761 -0.04921257 14.10761 -0.04921257 14.10761 -0.04921257 0 0.04921257 0 0 14.76378 0 0 5.905512 14.76378 5.905512 0 5.905512 14.76378 0 0 -5.905512 0 -5.839895 0 -5.905512 14.76378 -5.839895 14.76378 -5.905512 14.76378 -5.839895 0 -5.74147 0 0 0 0 14.76378 0 14.76378 -5.74147 14.76378 -5.74147 0 5.905512 0.328084 0 0.328084 5.74147 -0.328084 5.74147 -0.328084 0 0.328084 0 -0.328084 5.905512 0.328084 5.74147 -0.328084 5.839895 -0.328084 5.839895 -0.328084 5.905512 -0.328084 5.905512 0.328084 -0.328084 14.76378 -0.328084 0 0.328084 0 0.328084 0 0.328084 14.76378 -0.328084 14.76378 0 -0.328084 5.905512 -0.328084 5.74147 0.328084 5.74147 0.328084 5.905512 -0.328084 5.839895 0.328084 0 -0.328084 5.74147 0.328084 0 0.328084 5.905512 0.328084 5.839895 0.328084 5.905512 -0.328084 0.328084 0 0.328084 14.76378 -0.328084 14.76378 -0.328084 14.76378 -0.328084 0 0.328084 0 0 14.27165 0 0 6.233596 0 6.233596 0 6.233596 14.27165 0 14.27165 -6.233596 14.27165 -6.233596 0 0 14.27165 0 0 0 14.27165 -6.233596 0 6.233596 0.328084 0 0.328084 0 -0.328084 0 -0.328084 6.233596 -0.328084 6.233596 0.328084 -0.328084 14.27165 -0.328084 0 0.328084 0 0.328084 0 0.328084 14.27165 -0.328084 14.27165 0 -0.328084 6.233596 -0.328084 0 0.328084 6.233596 0.328084 0 0.328084 6.233596 -0.328084 0.328084 3.67953e-7 0.328084 14.27165 -0.328084 14.27165 -0.328084 14.27165 -0.328084 3.67953e-7 0.328084 3.67953e-7 0 14.76378 0 0 18.86483 0 18.86483 0 18.86483 14.76378 0 14.76378 -18.86483 14.76378 -18.86483 0 0 0 0 0 0 14.76378 -18.86483 14.76378 18.86483 0.328084 0 0.328084 0 -0.328084 0 -0.328084 18.86483 -0.328084 18.86483 0.328084 -0.328084 14.76378 -0.328084 0 0.328084 0 0.328084 0 0.328084 14.76378 -0.328084 14.76378 -6.20766e-7 -0.328084 18.86483 -0.328084 18.86483 0.328084 18.86483 0.328084 -6.20766e-7 0.328084 -6.20766e-7 -0.328084 0.328084 0 0.328084 14.76378 -0.328084 14.76378 -0.328084 14.76378 -0.328084 0 0.328084 0 -0.2711507 0 31.74985 0 -0.2711507 0.1640419 31.74985 0.1640419 -0.2711507 0.1640419 31.74985 0 -39.57892 0 -28.83417 0 -28.83417 0.1640419 -41.89191 0 -39.57892 0 -39.57892 0.1640419 -28.83417 0.1640419 -39.57892 0.1640419 -39.57892 0 -39.57892 0.1640419 -41.89191 0.1640419 -41.89191 0 -2.173074 0 0.271152 0 0.271152 0.1640419 0.271152 0.1640419 -2.173074 0.1640419 -2.173074 0 40.02183 0 41.89191 0 41.89191 0.1640419 41.89191 0.1640419 40.02183 0.1640419 40.02183 0 -5.12583 0 -2.173074 0 -2.173074 0.1640419 -2.173074 0.1640419 -5.12583 0.1640419 -5.12583 0 -41.89191 0 -40.02183 0 -41.89191 0.1640419 -40.02183 0.1640419 -41.89191 0.1640419 -40.02183 0 -8.570712 0 -5.12583 0 -5.12583 0.1640419 -5.12583 0.1640419 -8.570712 0.1640419 -8.570712 0 -41.95753 0 -41.89191 0 -41.89191 0.1640419 -41.89191 0.1640419 -41.95753 0.1640419 -41.95753 0 -27.43554 0 -8.570712 0 -8.570712 0.1640419 -8.570712 0.1640419 -27.43554 0.1640419 -27.43554 0 39.85779 0 41.95753 0 41.95753 0.1640419 41.95753 0.1640419 39.85779 0.1640419 39.85779 0 -30.3883 0 -27.43554 0 -27.43554 0.1640419 -27.43554 0.1640419 -30.3883 0.1640419 -30.3883 0 -40.84204 0 -39.85779 0 -39.85779 0.1640419 -39.85779 0.1640419 -40.84204 0.1640419 -40.84204 0 -31.74985 0 -30.3883 0 -30.3883 0.1640419 -30.3883 0.1640419 -31.74985 0.1640419 -31.74985 0 39.57892 0 40.84204 0 39.57892 0.1640419 28.83417 0 39.57892 0 39.57892 0.1640419 40.84204 0.1640419 39.57892 0.1640419 40.84204 0 39.57892 0.1640419 28.83417 0.1640419 28.83417 0 7.168635 -6.496063 -11.69619 -6.56168 7.168635 -6.56168 -11.69619 -4.461942 -11.69619 -6.56168 7.168635 -6.496063 -16.0105 -4.183071 -14.64895 -4.461942 -11.69619 -4.461942 -16.0105 -4.183071 -16.0105 -5.446194 -14.64895 -4.461942 -16.0105 -5.446194 -14.64895 -5.446194 -14.64895 -4.461942 -16.0105 -4.183071 -11.69619 -4.461942 16.0105 -4.183071 7.168635 -6.496063 10.61352 -4.625984 -11.69619 -4.461942 13.56627 -6.496063 16.0105 -6.496063 13.56627 -4.625984 10.61352 -4.625984 7.168635 -6.496063 10.61352 -6.496063 13.56627 -4.625984 16.0105 -4.183071 10.61352 -4.625984 16.0105 -6.496063 16.0105 -4.183071 13.56627 -4.625984 10.61352 -4.625984 16.0105 -4.183071 -11.69619 -4.461942 -39.95753 -8.570712 -39.95753 -27.43554 -39.89191 -8.570712 -39.89191 -8.570712 -39.95753 -27.43554 -37.85779 -27.43554 -37.85779 -27.43554 -37.85779 -30.3883 -37.57892 -31.74984 -37.85779 -30.3883 -38.84204 -31.74984 -37.57892 -31.74984 -37.85779 -30.3883 -38.84204 -30.3883 -38.84204 -31.74984 -37.57892 0.2711516 -37.85779 -27.43554 -37.57892 -31.74984 -37.85779 -27.43554 -38.02183 -5.12583 -39.89191 -8.570712 -38.02183 -2.173074 -39.89191 0.2711516 -39.89191 -2.173074 -39.89191 -5.12583 -39.89191 -8.570712 -38.02183 -5.12583 -38.02183 -5.12583 -37.57892 0.2711516 -38.02183 -2.173074 -38.02183 -2.173074 -37.57892 0.2711516 -39.89191 0.2711516 -37.85779 -27.43554 -37.57892 0.2711516 -38.02183 -5.12583 16.0105 6.562306 -16.0105 6.562306 -6.626128 2.697645 30.6957 22.36548 26.83104 31.74985 26.83104 -0.2711517 -16.0105 -4.175279 -6.626134 -0.5750893 -9.908438 -0.5809725 -9.908432 2.691588 -9.908432 -0.5892522 -6.626128 -0.58337 -6.626128 -0.58337 -6.626128 2.69747 -9.908432 2.691588 33.97953 25.64778 33.97364 22.36548 37.57383 31.74985 -33.97922 -22.36548 -33.9851 -25.64778 -30.70426 -25.64778 -30.70426 -25.64778 -30.69838 -22.36548 -33.97922 -22.36548 -9.905071 2.691588 -16.00742 6.56168 -16.00742 -4.183071 -16.00742 -4.183071 -9.905071 -0.5892522 -9.905071 2.691588 -16.01049 6.562277 -9.908425 2.691737 -6.626122 2.69762 37.57892 31.74836 26.83417 31.74836 30.70426 25.64601 30.70426 25.64601 33.9851 25.64601 37.57892 31.74836 30.69574 22.36547 30.70162 25.64778 26.83108 31.74985 -16.0105 -4.175324 16.0105 -4.175324 -6.626128 -0.5751386 33.97368 22.36548 37.57387 -0.2711517 37.57387 31.74985 16.01007 -4.183071 16.01007 6.56168 -6.626634 2.69747 -6.626634 2.69747 -6.626634 -0.58337 16.01007 -4.183071 30.69838 22.36555 26.83417 -0.2711511 37.57892 -0.271151 37.57892 -0.271151 33.97922 22.36555 30.69838 22.36555 30.3883 0 31.74985 0 31.74985 0.1640419 31.74985 0.1640419 30.3883 0.1640419 30.3883 0 33.9611 0 34.94535 0 34.94535 0.1640419 34.94535 0.1640419 33.9611 0.1640419 33.9611 0 27.43554 0 30.3883 0 30.3883 0.1640419 30.3883 0.1640419 27.43554 0.1640419 27.43554 0 -35.92961 0 -33.9611 0 -35.92961 0.1640419 -33.9611 0.1640419 -35.92961 0.1640419 -33.9611 0 8.570712 0 27.43554 0 27.43554 0.1640419 27.43554 0.1640419 8.570712 0.1640419 8.570712 0 5.12583 0 8.570712 0 8.570712 0.1640419 8.570712 0.1640419 5.12583 0.1640419 5.12583 0 34.02672 0 35.92961 0 35.92961 0.1640419 35.92961 0.1640419 34.02672 0.1640419 34.02672 0 2.173074 0 5.12583 0 5.12583 0.1640419 5.12583 0.1640419 2.173074 0.1640419 2.173074 0 -35.92961 0 -34.02672 0 -35.92961 0.1640419 -34.02672 0.1640419 -35.92961 0.1640419 -34.02672 0 -0.271152 0 2.173074 0 2.173074 0.1640419 2.173074 0.1640419 -0.271152 0.1640419 -0.271152 0 22.93748 0 35.92961 0 35.92961 0.1640419 35.92961 0.1640419 22.93748 0.1640419 22.93748 0 -31.74984 0 0.271152 0 -31.74984 0.1640419 0.271152 0.1640419 -31.74984 0.1640419 0.271152 0 -34.94536 0 -22.93748 0 -22.93748 0.1640419 -22.93748 0.1640419 -34.94536 0.1640419 -34.94536 0 -16.0105 -6.496063 -11.69619 4.527559 -14.64895 4.527559 -11.69619 4.527559 -16.0105 -6.496063 7.168635 6.496063 -16.0105 -6.496063 -14.64895 4.527559 -16.0105 5.511811 -14.64895 5.511811 -16.0105 5.511811 -14.64895 4.527559 -11.69619 4.527559 7.168635 6.496063 -11.69619 6.496063 10.61352 4.593176 16.0105 -6.496063 13.56627 4.593176 16.0105 -6.496063 10.61352 4.593176 7.168635 6.496063 13.56627 4.593176 16.0105 -6.496063 16.0105 6.496063 7.168635 6.496063 10.61352 4.593176 10.61352 6.496063 13.56627 4.593176 16.0105 6.496063 13.56627 6.496063 16.0105 -6.496063 7.168635 6.496063 -16.0105 -6.496063 35.9611 -30.3883 35.9611 -27.43554 24.93748 -31.74985 37.92961 -8.570712 24.93748 -31.74985 35.9611 -27.43554 36.94535 -31.74985 35.9611 -30.3883 24.93748 -31.74985 35.9611 -30.3883 36.94535 -31.74985 36.94535 -30.3883 37.92961 -27.43554 37.92961 -8.570712 35.9611 -27.43554 36.02672 -2.173074 24.93748 0.2711521 36.02672 -5.12583 37.92961 -8.570712 36.02672 -5.12583 24.93748 0.2711521 37.92961 0.2711521 24.93748 0.2711521 36.02672 -2.173074 37.92961 -5.12583 36.02672 -5.12583 37.92961 -8.570712 37.92961 -2.173074 37.92961 0.2711521 36.02672 -2.173074 24.93748 -31.74985 37.92961 -8.570712 24.93748 0.2711521 30.3883 0 31.74985 0 31.74985 0.1640419 31.74985 0.1640419 30.3883 0.1640419 30.3883 0 -17.22 0 -16.23575 0 -16.23575 0.1640419 -16.23575 0.1640419 -17.22 0.1640419 -17.22 0 27.43554 0 30.3883 0 30.3883 0.1640419 30.3883 0.1640419 27.43554 0.1640419 27.43554 0 16.0389 0 17.22 0 16.0389 0.1640419 17.22 0.1640419 16.0389 0.1640419 17.22 0 5.12583 0 27.43554 0 27.43554 0.1640419 27.43554 0.1640419 5.12583 0.1640419 5.12583 0 -17.05596 0 -16.0389 0 -16.0389 0.1640419 -16.0389 0.1640419 -17.05596 0.1640419 -17.05596 0 2.173074 0 5.12583 0 5.12583 0.1640419 5.12583 0.1640419 2.173074 0.1640419 2.173074 0 16.0389 0 17.05596 0 17.05596 0.1640419 17.05596 0.1640419 16.0389 0.1640419 16.0389 0 -0.271152 0 2.173074 0 2.173074 0.1640419 2.173074 0.1640419 -0.271152 0.1640419 -0.271152 0 -17.49887 0 -16.0389 0 -17.49887 0.1640419 -28.24362 0 -17.49887 0 -17.49887 0.1640419 -16.0389 0.1640419 -17.49887 0.1640419 -16.0389 0 -17.49887 0.1640419 -28.24362 0.1640419 -28.24362 0 -31.74984 0 0.271152 0 -31.74984 0.1640419 0.271152 0.1640419 -31.74984 0.1640419 0.271152 0 17.49887 0 28.24362 0 28.24362 0.1640419 16.23575 0 17.49887 0 17.49887 0.1640419 28.24362 0.1640419 17.49887 0.1640419 17.49887 0 17.49887 0.1640419 16.23575 0.1640419 16.23575 0 -16.0105 -6.098269 16.0105 -6.098269 -6.625066 -2.419217 22.56252 22.36441 26.24158 -0.2711528 26.24158 31.74985 13.56627 5.085302 16.0105 6.102362 13.56627 6.102362 16.0105 4.642388 13.56627 5.085302 10.61352 5.085302 13.56627 5.085302 16.0105 4.642388 16.0105 6.102362 16.0105 4.642388 10.61352 5.085302 -11.69619 4.92126 10.61352 6.102362 -11.69619 6.102362 10.61352 5.085302 -14.64895 5.905512 -16.0105 5.905512 -14.64895 4.92126 -11.69619 4.92126 -14.64895 4.92126 -16.0105 4.642388 -16.0105 4.642388 -14.64895 4.92126 -16.0105 5.905512 -11.69619 4.92126 -16.0105 4.642388 16.0105 4.642388 -11.69619 6.102362 -11.69619 4.92126 10.61352 5.085302 -14.0389 -2.173074 -14.0389 0.2711521 -15.05596 -2.173074 -15.05596 -5.12583 -15.05596 -2.173074 -15.49887 0.2711521 -14.0389 0.2711521 -15.49887 0.2711521 -15.05596 -2.173074 -15.22 -27.43554 -15.05596 -5.12583 -15.49887 0.2711521 -15.05596 -5.12583 -14.0389 -27.43554 -14.0389 -5.12583 -15.22 -30.3883 -14.23575 -31.74985 -14.23575 -30.3883 -15.49887 -31.74985 -15.22 -30.3883 -15.22 -27.43554 -14.23575 -31.74985 -15.22 -30.3883 -15.49887 -31.74985 -15.49887 0.2711521 -15.49887 -31.74985 -15.22 -27.43554 -15.05596 -5.12583 -15.22 -27.43554 -14.0389 -27.43554 -16.00837 4.642389 -16.00837 -6.102362 -9.903594 0.8504783 -9.903594 -2.430362 -9.903594 0.8504783 -16.00837 -6.102362 -16.0105 -6.098247 -6.625072 -2.419192 -9.905904 -2.425957 -9.905899 0.8504784 -9.905899 -2.430362 -6.625066 -2.423597 -6.625066 -2.423597 -6.625066 0.857243 -9.905899 0.8504784 19.29078 25.64418 26.24362 31.74895 15.49887 31.74895 26.24362 31.74895 19.29078 25.64418 22.57162 25.64418 22.56927 25.64525 22.56251 22.36441 26.24156 31.74985 -22.56486 -22.36441 -22.57162 -25.64525 -19.29078 -25.64525 -19.29078 -25.64525 -19.28402 -22.36441 -22.56486 -22.36441 -16.01049 4.641528 -9.905894 0.8493415 -6.625061 0.8561067 19.28317 22.36441 19.28994 25.64525 15.49775 31.74985 -16.0105 4.641539 -6.625066 0.8561148 16.0105 4.64154 -6.625446 -2.423597 16.01016 -6.102362 -6.625446 0.8572429 16.01016 4.642389 -6.625446 0.8572429 16.01016 -6.102362 15.49773 -0.2711511 19.28315 22.36441 15.49773 31.74985 19.28402 22.36446 26.24362 -0.271151 22.56486 22.36446 26.24362 -0.271151 19.28402 22.36446 15.49887 -0.271151 -31.74985 0 -30.3883 0 -30.3883 0.1640419 -30.3883 0.1640419 -31.74985 0.1640419 -31.74985 0 16.23575 0 17.22 0 17.22 0.1640419 17.22 0.1640419 16.23575 0.1640419 16.23575 0 -30.3883 0 -27.43554 0 -27.43554 0.1640419 -27.43554 0.1640419 -30.3883 0.1640419 -30.3883 0 -17.22 0 -16.0389 0 -16.0389 0.1640419 -16.0389 0.1640419 -17.22 0.1640419 -17.22 0 -27.43554 0 -5.12583 0 -5.12583 0.1640419 -5.12583 0.1640419 -27.43554 0.1640419 -27.43554 0 16.0389 0 17.05596 0 17.05596 0.1640419 17.05596 0.1640419 16.0389 0.1640419 16.0389 0 -5.12583 0 -2.173074 0 -2.173074 0.1640419 -2.173074 0.1640419 -5.12583 0.1640419 -5.12583 0 -17.05596 0 -16.0389 0 -16.0389 0.1640419 -16.0389 0.1640419 -17.05596 0.1640419 -17.05596 0 -2.173074 0 0.271152 0 0.271152 0.1640419 0.271152 0.1640419 -2.173074 0.1640419 -2.173074 0 17.49887 0 28.24362 0 28.24362 0.1640419 16.0389 0 17.49887 0 17.49887 0.1640419 28.24362 0.1640419 17.49887 0.1640419 17.49887 0 17.49887 0.1640419 16.0389 0.1640419 16.0389 0 -0.2711507 0 31.74985 0 -0.2711507 0.1640419 31.74985 0.1640419 -0.2711507 0.1640419 31.74985 0 -17.49887 0 -16.23575 0 -17.49887 0.1640419 -28.24362 0 -17.49887 0 -17.49887 0.1640419 -16.23575 0.1640419 -17.49887 0.1640419 -16.23575 0 -17.49887 0.1640419 -28.24362 0.1640419 -28.24362 0 -14.64895 -4.92126 -16.0105 -5.905512 -14.64895 -5.905512 10.61352 -5.085302 -11.69619 -6.102362 10.61352 -6.102362 13.56627 -5.085302 13.56627 -6.102362 16.0105 -6.102362 -16.0105 -4.642388 -14.64895 -4.92126 -11.69619 -4.92126 -11.69619 -6.102362 10.61352 -5.085302 -11.69619 -4.92126 -16.0105 -5.905512 -14.64895 -4.92126 -16.0105 -4.642388 16.0105 -4.642388 -16.0105 -4.642388 -11.69619 -4.92126 13.56627 -5.085302 16.0105 -4.642388 10.61352 -5.085302 -11.69619 -4.92126 10.61352 -5.085302 16.0105 -4.642388 16.0105 -6.102362 16.0105 -4.642388 13.56627 -5.085302 -14.23575 30.3883 -14.23575 31.74985 -15.22 30.3883 -14.0389 5.12583 -14.0389 27.43554 -15.05596 5.12583 -14.0389 -0.2711521 -14.0389 2.173074 -15.05596 2.173074 -15.22 27.43554 -15.22 30.3883 -15.49887 31.74985 -15.22 27.43554 -15.05596 5.12583 -14.0389 27.43554 -15.49887 31.74985 -15.22 30.3883 -14.23575 31.74985 -15.22 27.43554 -15.49887 31.74985 -15.49887 -0.2711521 -15.05596 5.12583 -15.49887 -0.2711521 -15.05596 2.173074 -15.49887 -0.2711521 -15.05596 5.12583 -15.22 27.43554 -15.05596 2.173074 -15.49887 -0.2711521 -14.0389 -0.2711521 16.0105 46.38534 -16.0105 46.38534 -6.634965 42.42141 -22.2788 22.37431 -26.24272 31.74985 -26.24272 -0.2711527 -9.900324 2.129626 -9.900324 -1.151214 -6.634965 -1.142268 -6.634965 -1.142268 -6.634965 2.138572 -9.900324 2.129626 -16.01049 35.63788 -6.634962 39.13816 -9.900321 39.12921 -18.99899 22.37431 -18.99004 25.63967 -22.27088 25.63967 -22.27088 25.63967 -22.27983 22.37431 -18.99899 22.37431 -18.9895 25.63967 -18.99845 22.37431 -15.49817 31.74985 -9.900659 42.41214 -16.01092 46.38488 -16.01092 35.64012 -16.01092 35.64012 -9.900659 39.1313 -9.900659 42.41214 -16.0105 46.38533 -9.900327 42.41246 -6.634969 42.42141 -15.49887 31.74939 -26.24362 31.74939 -22.27088 25.63912 -22.27088 25.63912 -18.99004 25.63912 -15.49887 31.74939 -22.2788 22.37431 -22.26986 25.63967 -26.24273 31.74985 -16.0105 35.63791 16.0105 35.63791 -6.634965 39.13818 -18.99846 22.37431 -15.49819 -0.2711527 -15.49819 31.74985 16.01074 -4.642388 16.01074 6.102362 -6.634752 2.138572 -6.634752 2.138572 -6.634751 -1.142268 16.01074 -4.642388 -22.27983 22.37434 -26.24362 -0.2711517 -15.49887 -0.2711516 -15.49887 -0.2711516 -18.99899 22.37434 -22.27983 22.37434 30.3883 0 31.74985 0 31.74985 0.1640419 31.74985 0.1640419 30.3883 0.1640419 30.3883 0 -17.22 0 -16.23575 0 -16.23575 0.1640419 -16.23575 0.1640419 -17.22 0.1640419 -17.22 0 27.43554 0 30.3883 0 30.3883 0.1640419 30.3883 0.1640419 27.43554 0.1640419 27.43554 0 16.0389 0 17.22 0 17.22 0.1640419 17.22 0.1640419 16.0389 0.1640419 16.0389 0 5.12583 0 27.43554 0 5.12583 0.1640419 27.43554 0.1640419 5.12583 0.1640419 27.43554 0 -17.05596 0 -16.0389 0 -17.05596 0.1640419 -16.0389 0.1640419 -17.05596 0.1640419 -16.0389 0 2.173074 0 5.12583 0 5.12583 0.1640419 5.12583 0.1640419 2.173074 0.1640419 2.173074 0 16.0389 0 17.05596 0 17.05596 0.1640419 17.05596 0.1640419 16.0389 0.1640419 16.0389 0 -0.271152 0 2.173074 0 2.173074 0.1640419 2.173074 0.1640419 -0.271152 0.1640419 -0.271152 0 -17.49887 0 -16.0389 0 -17.49887 0.1640419 -28.24362 0 -17.49887 0 -17.49887 0.1640419 -16.0389 0.1640419 -17.49887 0.1640419 -16.0389 0 -17.49887 0.1640419 -28.24362 0.1640419 -28.24362 0 -31.74984 0 0.271152 0 -31.74984 0.1640419 0.271152 0.1640419 -31.74984 0.1640419 0.271152 0 17.49887 0 28.24362 0 17.49887 0.1640419 16.23575 0 17.49887 0 17.49887 0.1640419 28.24362 0.1640419 17.49887 0.1640419 28.24362 0 17.49887 0.1640419 16.23575 0.1640419 16.23575 0 -16.0105 -6.102862 16.0105 -6.102862 -6.624056 -2.354645 22.49504 22.3634 26.24326 -0.2711519 26.24326 31.74985 13.56627 5.085302 16.0105 6.102362 13.56627 6.102362 16.0105 4.642388 13.56627 5.085302 10.61352 5.085302 13.56627 5.085302 16.0105 4.642388 16.0105 6.102362 16.0105 4.642388 10.61352 5.085302 -11.69619 4.92126 10.61352 6.102362 -11.69619 6.102362 10.61352 5.085302 -14.64895 5.905512 -16.0105 5.905512 -14.64895 4.92126 -11.69619 4.92126 -14.64895 4.92126 -16.0105 4.642388 -16.0105 4.642388 -14.64895 4.92126 -16.0105 5.905512 -11.69619 4.92126 -16.0105 4.642388 16.0105 4.642388 -11.69619 6.102362 -11.69619 4.92126 10.61352 5.085302 -14.0389 -2.173074 -14.0389 0.2711521 -15.05596 -2.173074 -15.05596 -5.12583 -15.05596 -2.173074 -15.49887 0.2711521 -14.0389 0.2711521 -15.49887 0.2711521 -15.05596 -2.173074 -15.22 -27.43554 -15.05596 -5.12583 -15.49887 0.2711521 -15.05596 -5.12583 -14.0389 -27.43554 -14.0389 -5.12583 -15.22 -30.3883 -14.23575 -31.74985 -14.23575 -30.3883 -15.49887 -31.74985 -15.22 -30.3883 -15.22 -27.43554 -14.23575 -31.74985 -15.22 -30.3883 -15.49887 -31.74985 -15.49887 0.2711521 -15.49887 -31.74985 -15.22 -27.43554 -15.05596 -5.12583 -15.22 -27.43554 -14.0389 -27.43554 -16.01086 4.642388 -16.01086 -6.102362 -9.894657 -2.369398 -9.894657 -2.369398 -9.894657 0.9114422 -16.01086 4.642388 -16.01049 -6.102868 -6.624053 -2.35465 -9.894321 -2.36985 -9.894325 0.9114421 -9.894325 -2.369398 -6.624056 -2.354197 -6.624056 -2.354197 -6.624056 0.9266422 -9.894325 0.9114421 22.51066 25.63348 26.24362 31.74968 15.49887 31.74968 15.49887 31.74968 19.22982 25.63348 22.51066 25.63348 22.51024 25.63367 22.49504 22.3634 26.24325 31.74985 -22.49546 -22.3634 -22.51066 -25.63367 -19.22982 -25.63367 -19.22982 -25.63367 -19.21462 -22.3634 -22.49546 -22.3634 -16.0105 4.643456 -9.894329 0.9124583 -6.62406 0.9276589 19.21446 22.3634 19.22966 25.63367 15.49866 31.74985 -6.623922 -2.354197 16.01064 -6.102362 16.01064 4.642388 16.01064 4.642388 -6.623922 0.9266422 -6.623922 -2.354197 -15.49887 0.2711519 -26.24362 0.2711519 -22.49546 -22.36341 -22.49546 -22.36341 -19.21462 -22.36341 -15.49887 0.2711519 -16.0105 4.643475 -6.624056 0.9276768 16.0105 4.643475 15.49865 -0.2711514 19.21445 22.3634 15.49865 31.74985 -31.74985 0 -30.3883 0 -30.3883 0.1640419 -30.3883 0.1640419 -31.74985 0.1640419 -31.74985 0 16.23575 0 17.22 0 17.22 0.1640419 17.22 0.1640419 16.23575 0.1640419 16.23575 0 -30.3883 0 -27.43554 0 -27.43554 0.1640419 -27.43554 0.1640419 -30.3883 0.1640419 -30.3883 0 -17.22 0 -16.0389 0 -16.0389 0.1640419 -16.0389 0.1640419 -17.22 0.1640419 -17.22 0 -27.43554 0 -5.12583 0 -27.43554 0.1640419 -5.12583 0.1640419 -27.43554 0.1640419 -5.12583 0 16.0389 0 17.05596 0 16.0389 0.1640419 17.05596 0.1640419 16.0389 0.1640419 17.05596 0 -5.12583 0 -2.173074 0 -2.173074 0.1640419 -2.173074 0.1640419 -5.12583 0.1640419 -5.12583 0 -17.05596 0 -16.0389 0 -16.0389 0.1640419 -16.0389 0.1640419 -17.05596 0.1640419 -17.05596 0 -2.173074 0 0.271152 0 0.271152 0.1640419 0.271152 0.1640419 -2.173074 0.1640419 -2.173074 0 17.49887 0 28.24362 0 28.24362 0.1640419 16.0389 0 17.49887 0 17.49887 0.1640419 28.24362 0.1640419 17.49887 0.1640419 17.49887 0 17.49887 0.1640419 16.0389 0.1640419 16.0389 0 -0.2711507 0 31.74985 0 31.74985 0.1640419 31.74985 0.1640419 -0.2711507 0.1640419 -0.2711507 0 -17.49887 0 -16.23575 0 -17.49887 0.1640419 -28.24362 0 -17.49887 0 -17.49887 0.1640419 -16.23575 0.1640419 -17.49887 0.1640419 -16.23575 0 -17.49887 0.1640419 -28.24362 0.1640419 -28.24362 0 -14.64895 -4.92126 -16.0105 -5.905512 -14.64895 -5.905512 10.61352 -5.085302 -11.69619 -6.102362 10.61352 -6.102362 13.56627 -5.085302 13.56627 -6.102362 16.0105 -6.102362 -16.0105 -4.642388 -14.64895 -4.92126 -11.69619 -4.92126 -11.69619 -6.102362 10.61352 -5.085302 -11.69619 -4.92126 -16.0105 -5.905512 -14.64895 -4.92126 -16.0105 -4.642388 16.0105 -4.642388 -16.0105 -4.642388 -11.69619 -4.92126 13.56627 -5.085302 16.0105 -4.642388 10.61352 -5.085302 -11.69619 -4.92126 10.61352 -5.085302 16.0105 -4.642388 16.0105 -6.102362 16.0105 -4.642388 13.56627 -5.085302 -14.23575 30.3883 -14.23575 31.74985 -15.22 30.3883 -14.0389 5.12583 -14.0389 27.43554 -15.05596 5.12583 -14.0389 -0.2711521 -14.0389 2.173074 -15.05596 2.173074 -15.22 27.43554 -15.22 30.3883 -15.49887 31.74985 -15.22 27.43554 -15.05596 5.12583 -14.0389 27.43554 -15.49887 31.74985 -15.22 30.3883 -14.23575 31.74985 -15.22 27.43554 -15.49887 31.74985 -15.49887 -0.2711521 -15.05596 5.12583 -15.49887 -0.2711521 -15.05596 2.173074 -15.49887 -0.2711521 -15.05596 5.12583 -15.22 27.43554 -15.05596 2.173074 -15.49887 -0.2711521 -14.0389 -0.2711521 16.0105 46.38521 -16.0105 46.38521 -6.629714 42.51992 -22.37824 22.36906 -26.24353 31.74985 -26.24353 -0.2711524 -9.915545 2.228948 -16.01072 6.102362 -16.01072 -4.642389 -16.01072 -4.642389 -9.915545 -1.051892 -9.915545 2.228948 -15.49887 31.7498 -26.24362 31.7498 -22.37021 25.65463 -22.37021 25.65463 -19.08937 25.65463 -15.49887 31.7498 -9.915328 2.228948 -9.915329 -1.051892 -6.629714 -1.043759 -6.629714 -1.043759 -6.629714 2.237081 -9.915328 2.228948 -16.0105 35.63962 -6.629713 39.23826 -9.915328 39.23012 -19.0975 22.36906 -19.08937 25.65468 -22.37021 25.65468 -22.37021 25.65468 -22.37834 22.36906 -19.0975 22.36906 -19.08932 25.65468 -19.09745 22.36906 -15.49881 31.74985 -16.0105 46.38521 -9.915329 42.51178 -6.629714 42.51992 -22.37824 22.36906 -22.37011 25.65468 -26.24354 31.74985 -16.0105 35.63962 16.0105 35.63962 -6.629714 39.23826 -19.09745 22.36906 -15.49881 -0.2711524 -15.49881 31.74985 16.01057 -4.642389 16.01057 6.102362 -6.629645 2.237081 -6.629645 2.237081 -6.629644 -1.043759 16.01057 -4.642389 -22.37834 22.36906 -26.24362 -0.2711516 -15.49887 -0.2711515 -15.49887 -0.2711515 -19.0975 22.36906 -22.37834 22.36906 -6.767215 0 -0.271152 0 -0.271152 0.1640419 -0.271152 0.1640419 -6.767215 0.1640419 -6.767215 0 22.15008 0 36.06084 0 36.06084 0.1640419 36.06084 0.1640419 22.15008 0.1640419 22.15008 0 -39.41157 0 -6.767215 0 -6.767215 0.1640419 -6.767215 0.1640419 -39.41157 0.1640419 -39.41157 0 -2.456218 0 22.15008 0 22.15008 0.1640419 22.15008 0.1640419 -2.456218 0.1640419 -2.456218 0 36.29477 0 39.41157 0 39.41157 0.1640419 39.41157 0.1640419 36.29477 0.1640419 36.29477 0 33.91616 0 35.80265 0 35.80265 0.1640419 35.80265 0.1640419 33.91616 0.1640419 33.91616 0 -14.93223 0 -6.730133 0 -6.730133 0.1640419 -6.730133 0.1640419 -14.93223 0.1640419 -14.93223 0 14.72325 0 33.91616 0 33.91616 0.1640419 33.91616 0.1640419 14.72325 0.1640419 14.72325 0 6.767215 0 36.29477 0 6.767215 0.1640419 36.29477 0.1640419 6.767215 0.1640419 36.29477 0 -42.48246 0 -2.456218 0 -2.456218 0.1640419 -2.456218 0.1640419 -42.48246 0.1640419 -42.48246 0 0.2711522 0 6.767215 0 6.767215 0.1640419 6.767215 0.1640419 0.2711522 0.1640419 0.2711522 0 -36.06084 0 42.48246 0 42.48246 0.1640419 42.48246 0.1640419 -36.06084 0.1640419 -36.06084 0 -42.5689 19.86549 -42.5689 13.36942 -2.542651 13.36942 -42.5689 19.86549 -2.542651 13.36942 35.97441 19.86549 5.987533 5.413386 14.18963 10.66273 -2.542651 13.36942 22.06365 13.36942 -2.542651 13.36942 14.18963 10.66273 35.97441 13.36942 35.97441 19.86549 22.06365 13.36942 22.06365 13.36942 14.8458 10.66273 14.8458 5.413386 22.06365 13.36942 35.97441 19.86549 -2.542651 13.36942 14.8458 5.413386 22.06365 -19.27493 22.06365 13.36942 14.18963 10.66273 14.8458 10.66273 22.06365 13.36942 5.987533 -15.66601 5.987533 5.413386 -2.542651 -16.15814 -2.542651 -16.15814 -2.542651 -19.27493 5.987533 -15.66601 5.987533 5.413386 -2.542651 13.36942 -2.542651 -16.15814 5.987533 -15.66601 -2.542651 -19.27493 6.643701 -15.66601 14.8458 -13.77953 6.643701 -15.66601 22.06365 -19.27493 6.643701 -15.66601 14.8458 -13.77953 6.643701 -13.77953 22.06365 -19.27493 6.643701 -15.66601 -2.542651 -19.27493 22.06365 -19.27493 14.8458 5.413386 14.8458 -13.77953 5.987533 5.413386 14.18963 5.413386 14.18963 10.66273 -0.4562184 6.767215 -40.48247 6.767215 -40.48247 0.2711521 38.06084 0.2711521 -0.4562184 6.767215 -40.48247 0.2711521 -0.4562184 6.767215 16.27606 9.473908 8.073966 14.72325 16.27606 9.473908 -0.4562184 6.767215 24.15008 6.767215 24.15008 6.767215 38.06084 0.2711521 38.06084 6.767215 16.93223 14.72325 16.93223 9.473908 24.15008 6.767215 -0.4562184 6.767215 38.06084 0.2711521 24.15008 6.767215 24.15008 6.767215 24.15008 39.41157 16.93223 14.72325 24.15008 6.767215 16.93223 9.473908 16.27606 9.473908 -0.4562184 36.29477 8.073966 14.72325 8.073966 35.80265 8.073966 35.80265 -0.4562184 39.41157 -0.4562184 36.29477 -0.4562184 36.29477 -0.4562184 6.767215 8.073966 14.72325 8.730134 35.80265 -0.4562184 39.41157 8.073966 35.80265 24.15008 39.41157 8.730134 35.80265 16.93223 33.91616 8.730134 33.91616 16.93223 33.91616 8.730134 35.80265 -0.4562184 39.41157 8.730134 35.80265 24.15008 39.41157 16.93223 33.91616 16.93223 14.72325 24.15008 39.41157 16.27606 9.473908 16.27606 14.72325 8.073966 14.72325 9.473908 0 14.72325 0 14.72325 0.1640419 14.72325 0.1640419 9.473908 0.1640419 9.473908 0 14.27606 0 14.93223 0 14.93223 0.1640419 14.93223 0.1640419 14.27606 0.1640419 14.27606 0 -14.72325 0 -9.473908 0 -9.473908 0.1640419 -9.473908 0.1640419 -14.72325 0.1640419 -14.72325 0 6.073965 0 14.27606 0 14.27606 0.1640419 14.27606 0.1640419 6.073965 0.1640419 6.073965 0 -35.80265 0 -14.72325 0 -14.72325 0.1640419 -14.72325 0.1640419 -35.80265 0.1640419 -35.80265 0 -6.730133 0 -6.073965 0 -6.073965 0.1640419 -6.073965 0.1640419 -6.730133 0.1640419 -6.730133 0 0.2952756 12.13911 0.2952756 0 9.711287 0 9.711287 0 9.711287 12.13911 0.2952756 12.13911 -9.711287 12.13911 -9.711287 0 -0.2952756 12.13911 -0.2952756 0 -0.2952756 12.13911 -9.711287 0 0 9.711287 0 0.2952756 0.5905512 9.711287 0.5905512 0.2952756 0.5905512 9.711287 0 0.2952756 0 12.13911 0 0 0.5905512 0 0.5905512 0 0.5905512 12.13911 0 12.13911 0 9.416011 0 0 0.5905512 9.416011 0.5905512 0 0.5905512 9.416011 0 0 0 12.13911 0 0 1.312336 0 1.312336 0 1.312336 12.13911 0 12.13911 -1.312336 0 -0.9514436 0 -1.312336 12.13911 -0.9514436 12.13911 -1.312336 12.13911 -0.9514436 0 -0.9514436 0 -0.3608924 0 -0.9514436 12.13911 -0.3608924 0 0 0 0 12.13911 0 12.13911 -0.3608924 12.13911 -0.3608924 0 -0.3608924 0 -0.3608924 12.13911 -0.9514436 12.13911 0 1.312336 0 0 0.5905512 0.3608924 0.5905512 0.3608924 0 0 0.5905512 0 0 1.312336 0.5905512 0.3608924 0.5905512 0.9514436 0.5905512 0.9514436 0.5905512 1.312336 0 1.312336 0 12.13911 0 0 0.5905512 0 0.5905512 0 0.5905512 12.13911 0 12.13911 0 1.312336 0 0 0.5905512 0.3608924 0.5905512 0.3608924 0 0 0.5905512 0 0 1.312336 0.5905512 0.3608924 0.5905512 0.9514436 0.5905512 0.9514436 0.5905512 1.312336 0 1.312336 0 12.13911 0 0 0.5905512 0 0.5905512 0 0.5905512 12.13911 0 12.13911 0 12.13911 0 0 17.71654 0 17.71654 0 17.71654 12.13911 0 12.13911 -17.71654 0 -9.153544 0 -17.71654 12.13911 -9.153544 12.13911 -17.71654 12.13911 -9.153544 0 -9.153544 0 -8.562993 0 -9.153544 12.13911 -8.562993 0 0 0 0 12.13911 0 12.13911 -8.562993 12.13911 -8.562993 0 -8.562993 0 -8.562993 12.13911 -9.153544 12.13911 0 17.71654 0 0 0.5905512 8.562993 0.5905512 8.562993 0 0 0.5905512 0 0 17.71654 0.5905512 8.562993 0.5905512 9.153544 0.5905512 9.153544 0.5905512 17.71654 0 17.71654 0 12.13911 0 0 0.5905512 0 0.5905512 0 0.5905512 12.13911 0 12.13911 0 17.71654 0 0 0.5905512 8.562993 0.5905512 8.562993 0 0 0.5905512 0 0 17.71654 0.5905512 8.562993 0.5905512 9.153544 0.5905512 9.153544 0.5905512 17.71654 0 17.71654 0 12.13911 0 0 0.5905512 0 0.5905512 0 0.5905512 12.13911 0 12.13911 0 12.13911 0 0 1.312336 0 1.312336 0 1.312336 12.13911 0 12.13911 -1.312336 0 -0.9514436 0 -1.312336 12.13911 -0.9514436 12.13911 -1.312336 12.13911 -0.9514436 0 -0.9514436 0 -0.3608924 12.13911 -0.9514436 12.13911 -0.3608924 0 0 0 0 12.13911 0 12.13911 -0.3608924 12.13911 -0.3608924 0 -0.3608924 0 -0.3608924 12.13911 -0.9514436 0 0 1.312336 0 0 0.5905512 0.3608924 0.5905512 0.3608924 0 0 0.5905512 0 0 1.312336 0.5905512 0.3608924 0.5905512 0.9514436 0.5905512 0.9514436 0.5905512 1.312336 0 1.312336 0 12.13911 0 0 0.5905512 0 0.5905512 0 0.5905512 12.13911 0 12.13911 0 1.312336 0 0 0.5905512 0.3608924 0.5905512 0.3608924 0 0 0.5905512 0 0 1.312336 0.5905512 0.3608924 0.5905512 0.9514436 0.5905512 0.9514436 0.5905512 1.312336 0 1.312336 0 12.13911 0 0 0.5905512 0 0.5905512 0 0.5905512 12.13911 0 12.13911 0 12.13911 0 0 17.71654 0 17.71654 0 17.71654 12.13911 0 12.13911 -17.71654 0 -9.153544 0 -17.71654 12.13911 -9.153544 12.13911 -17.71654 12.13911 -9.153544 0 -9.153544 0 -8.562993 0 -9.153544 12.13911 -8.562993 0 0 0 0 12.13911 0 12.13911 -8.562993 12.13911 -8.562993 0 -8.562993 0 -8.562993 12.13911 -9.153544 12.13911 0 17.71654 0 0 0.5905512 8.562993 0.5905512 8.562993 0 0 0.5905512 0 0 17.71654 0.5905512 8.562993 0.5905512 9.153544 0.5905512 9.153544 0.5905512 17.71654 0 17.71654 0 12.13911 0 0 0.5905512 12.13911 0.5905512 0 0.5905512 12.13911 0 0 0 17.71654 0 0 0.5905512 8.562993 0.5905512 8.562993 0 0 0.5905512 0 0 17.71654 0.5905512 8.562993 0.5905512 9.153544 0.5905512 9.153544 0.5905512 17.71654 0 17.71654 0 12.13911 0 0 0.5905512 12.13911 0.5905512 0 0.5905512 12.13911 0 0 0 12.13911 0 0 1.312336 0 1.312336 0 1.312336 12.13911 0 12.13911 -1.312336 0 -0.9514436 0 -1.312336 12.13911 -0.9514436 12.13911 -1.312336 12.13911 -0.9514436 0 -0.9514436 0 -0.3608924 0 -0.9514436 12.13911 -0.3608924 0 0 0 0 12.13911 0 12.13911 -0.3608924 12.13911 -0.3608924 0 -0.3608924 0 -0.3608924 12.13911 -0.9514436 12.13911 0 1.312336 0 0 0.5905512 0.3608924 0.5905512 0.3608924 0 0 0.5905512 0 0 1.312336 0.5905512 0.3608924 0.5905512 0.9514436 0.5905512 0.9514436 0.5905512 1.312336 0 1.312336 0 12.13911 0 0 0.5905512 12.13911 0.5905512 0 0.5905512 12.13911 0 0 0 1.312336 0 0 0.5905512 0.3608924 0.5905512 0.3608924 0 0 0.5905512 0 0 1.312336 0.5905512 0.3608924 0.5905512 0.9514436 0.5905512 0.9514436 0.5905512 1.312336 0 1.312336 0 12.13911 0 0 0.5905512 12.13911 0.5905512 0 0.5905512 12.13911 0 0 0 12.13911 0 0 9.350394 0 9.350394 0 9.350394 12.13911 0 12.13911 -9.350394 12.13911 -9.350394 0 0 0 0 0 0 12.13911 -9.350394 12.13911 0 9.350394 0 0 0.5905512 0 0.5905512 0 0.5905512 9.350394 0 9.350394 0 9.678478 0 0.328084 0.5905512 0.328084 0.5905512 0.328084 0.5905512 9.678478 0 9.678478 0 12.13911 0 0 0.5905512 0 0.5905512 0 0.5905512 12.13911 0 12.13911 -10.28487 12.13911 -10.87542 0 -10.87542 12.13911 -10.87542 0 -10.28487 12.13911 -10.28487 0</float_array>
          <technique_common>
            <accessor source="#기본_벽__W1__434829__Geometry-mesh-map-0-array" count="5400" stride="2">
              <param name="S" type="float"/>
              <param name="T" type="float"/>
            </accessor>
          </technique_common>
        </source>
        <vertices id="기본_벽__W1__434829__Geometry-mesh-vertices">
          <input semantic="POSITION" source="#기본_벽__W1__434829__Geometry-mesh-positions"/>
        </vertices>
        <triangles count="1800">
          <input semantic="VERTEX" source="#기본_벽__W1__434829__Geometry-mesh-vertices" offset="0"/>
          <input semantic="NORMAL" source="#기본_벽__W1__434829__Geometry-mesh-normals" offset="1"/>
          <input semantic="TEXCOORD" source="#기본_벽__W1__434829__Geometry-mesh-map-0" offset="2" set="0"/>
          <p>3 0 0 0 0 1 1 0 2 1 0 3 2 0 4 3 0 5 6 1 6 555 1 7 4 1 8 4 1 9 5 1 10 6 1 11 1 2 12 0 2 13 4 2 14 4 2 15 555 2 16 1 2 17 2 3 18 1 3 19 555 3 20 555 3 21 6 3 22 2 3 23 3 4 24 2 4 25 6 4 26 6 4 27 5 4 28 3 4 29 0 5 30 3 5 31 5 5 32 5 5 33 4 5 34 0 5 35 11 5 36 7 5 37 8 5 38 11 5 39 8 5 40 18 5 41 18 5 42 9 5 43 10 5 44 9 5 45 18 5 46 8 5 47 15 3 48 12 3 49 14 3 50 13 3 51 14 3 52 12 3 53 8 2 54 13 2 55 12 2 56 13 2 57 8 2 58 7 2 59 8 2 60 12 2 61 9 2 62 18 4 63 15 4 64 14 4 65 15 4 66 18 4 67 10 4 68 18 4 69 14 4 70 11 4 71 7 1 72 11 1 73 14 1 74 14 1 75 13 1 76 7 1 77 10 0 78 9 0 79 12 0 80 12 0 81 15 0 82 10 0 83 18 1 84 8 1 85 16 1 86 16 1 87 17 1 88 18 1 89 21 0 90 22 0 91 693 0 92 25 0 93 20 0 94 19 0 95 21 0 96 9 0 97 20 0 98 9 0 99 10 0 100 20 0 101 19 0 102 20 0 103 10 0 104 21 0 105 693 0 106 9 0 107 16 2 108 8 2 109 693 2 110 9 2 111 693 2 112 8 2 113 693 2 114 22 2 115 16 2 116 18 6 117 17 7 118 19 8 119 25 4 120 19 8 121 17 7 122 19 8 123 10 4 124 18 6 125 17 5 126 16 5 127 20 5 128 20 5 129 16 5 130 21 5 131 17 5 132 20 5 133 25 5 134 22 5 135 21 5 136 16 5 137 25 5 138 22 5 139 23 5 140 23 5 141 24 5 142 25 5 143 27 3 144 28 3 145 26 3 146 26 3 147 28 3 148 33 3 149 33 3 150 693 3 151 19 3 152 33 3 153 19 3 154 26 3 155 23 2 156 22 2 157 33 2 158 693 2 159 33 2 160 22 2 161 33 2 162 28 2 163 23 2 164 25 4 165 24 4 166 26 4 167 27 4 168 26 4 169 24 4 170 26 4 171 19 4 172 25 4 173 693 1 174 22 1 175 25 1 176 25 1 177 19 1 178 693 1 179 24 0 180 23 0 181 28 0 182 28 0 183 27 0 184 24 0 185 27 0 186 28 0 187 29 0 188 27 0 189 29 0 190 32 0 191 32 0 192 30 0 193 31 0 194 30 0 195 32 0 196 29 0 197 34 1 198 690 1 199 33 1 200 33 1 201 26 1 202 34 1 203 29 9 204 33 10 205 690 11 206 33 10 207 29 9 208 28 2 209 29 9 210 690 11 211 30 2 212 32 12 213 34 13 214 26 14 215 34 13 216 32 12 217 31 4 218 32 12 219 26 14 220 27 4 221 33 5 222 28 5 223 27 5 224 27 5 225 26 5 226 33 5 227 31 3 228 30 3 229 690 3 230 690 3 231 34 3 232 31 3 233 32 5 234 29 5 235 36 5 236 35 5 237 36 5 238 29 5 239 37 3 240 38 3 241 31 3 242 30 3 243 31 3 244 38 3 245 35 2 246 29 2 247 38 2 248 30 2 249 38 2 250 29 2 251 32 4 252 36 4 253 37 4 254 37 4 255 31 4 256 32 4 257 35 0 258 38 0 259 37 0 260 37 0 261 36 0 262 35 0 263 42 0 264 39 0 265 40 0 266 40 0 267 41 0 268 42 0 269 44 1 270 45 1 271 777 1 272 777 1 273 43 1 274 44 1 275 40 2 276 39 2 277 777 2 278 777 2 279 45 2 280 40 2 281 41 3 282 40 3 283 45 3 284 45 3 285 44 3 286 41 3 287 42 4 288 41 4 289 44 4 290 44 4 291 43 4 292 42 4 293 39 5 294 42 5 295 43 5 296 43 5 297 777 5 298 39 5 299 48 0 300 46 0 301 47 0 302 0 0 303 47 0 304 46 0 305 51 1 306 4 1 307 49 1 308 49 1 309 50 1 310 51 1 311 0 2 312 46 2 313 49 2 314 49 2 315 4 2 316 0 2 317 47 3 318 0 3 319 4 3 320 4 3 321 51 3 322 47 3 323 48 4 324 47 4 325 50 4 326 51 4 327 50 4 328 47 4 329 46 5 330 48 5 331 50 5 332 50 5 333 49 5 334 46 5 335 54 5 336 52 5 337 57 5 338 53 5 339 57 5 340 52 5 341 56 3 342 715 3 343 55 3 344 55 3 345 70 3 346 56 3 347 53 2 348 52 2 349 55 2 350 55 2 351 715 2 352 53 2 353 54 4 354 57 4 355 56 4 356 56 4 357 70 4 358 54 4 359 53 0 360 715 0 361 56 0 362 56 0 363 57 0 364 53 0 365 55 1 366 52 1 367 54 1 368 54 1 369 70 1 370 55 1 371 714 1 372 715 1 373 56 1 374 714 1 375 56 1 376 58 1 377 56 1 378 715 1 379 57 1 380 715 1 381 53 1 382 57 1 383 61 1 384 62 1 385 53 1 386 53 1 387 62 1 388 57 1 389 60 0 390 700 0 391 59 0 392 713 0 393 59 0 394 700 0 395 63 2 396 61 15 397 700 16 398 715 17 399 713 18 400 53 19 401 713 18 402 715 17 403 714 2 404 53 19 405 700 16 406 61 15 407 700 16 408 53 19 409 713 18 410 62 4 411 64 4 412 60 4 413 57 20 414 60 4 415 59 21 416 60 4 417 57 20 418 62 4 419 56 22 420 59 21 421 58 4 422 59 21 423 56 22 424 57 20 425 714 3 426 58 3 427 59 3 428 59 3 429 713 3 430 714 3 431 64 5 432 63 5 433 700 5 434 700 5 435 60 5 436 64 5 437 62 3 438 61 3 439 73 3 440 73 3 441 71 3 442 62 3 443 65 5 444 66 5 445 64 5 446 63 5 447 64 5 448 66 5 449 73 2 450 61 2 451 66 2 452 63 2 453 66 2 454 61 2 455 62 4 456 71 4 457 65 4 458 65 4 459 64 4 460 62 4 461 63 0 462 61 0 463 62 0 464 62 0 465 64 0 466 63 0 467 73 1 468 66 1 469 65 1 470 65 1 471 71 1 472 73 1 473 69 1 474 716 1 475 67 1 476 67 1 477 68 1 478 69 1 479 696 0 480 66 0 481 65 0 482 696 0 483 65 0 484 72 0 485 65 0 486 66 0 487 71 0 488 66 0 489 73 0 490 71 0 491 52 0 492 54 0 493 73 0 494 73 0 495 54 0 496 71 0 497 67 2 498 716 23 499 73 24 500 73 24 501 716 23 502 52 25 503 67 2 504 73 24 505 66 2 506 55 2 507 52 25 508 716 23 509 66 2 510 696 2 511 67 2 512 68 5 513 67 5 514 696 5 515 696 5 516 72 5 517 68 5 518 69 26 519 68 27 520 71 28 521 71 28 522 68 27 523 65 4 524 69 26 525 71 28 526 54 4 527 72 4 528 65 4 529 68 27 530 54 4 531 70 4 532 69 26 533 70 3 534 55 3 535 716 3 536 716 3 537 69 3 538 70 3 539 75 1 540 74 1 541 734 1 542 734 1 543 730 1 544 75 1 545 731 0 546 78 0 547 77 0 548 76 0 549 77 0 550 78 0 551 734 2 552 74 2 553 76 2 554 76 2 555 78 2 556 734 2 557 75 4 558 730 4 559 731 4 560 731 4 561 77 4 562 75 4 563 74 3 564 75 3 565 76 3 566 77 3 567 76 3 568 75 3 569 730 5 570 78 5 571 731 5 572 78 5 573 730 5 574 734 5 575 79 1 576 614 1 577 751 1 578 755 1 579 751 1 580 614 1 581 81 0 582 754 0 583 80 0 584 646 0 585 80 0 586 754 0 587 755 2 588 614 2 589 646 2 590 646 2 591 754 2 592 755 2 593 79 4 594 751 4 595 81 4 596 81 4 597 80 4 598 79 4 599 614 3 600 79 3 601 80 3 602 80 3 603 646 3 604 614 3 605 755 5 606 754 5 607 81 5 608 81 5 609 751 5 610 755 5 611 83 1 612 318 1 613 82 1 614 775 1 615 82 1 616 318 1 617 772 0 618 85 0 619 319 0 620 319 0 621 84 0 622 772 0 623 775 2 624 318 2 625 319 2 626 319 2 627 85 2 628 775 2 629 83 4 630 82 4 631 772 4 632 772 4 633 84 4 634 83 4 635 84 3 636 318 3 637 83 3 638 318 3 639 84 3 640 319 3 641 82 5 642 85 5 643 772 5 644 85 5 645 82 5 646 775 5 647 88 1 648 374 1 649 86 1 650 86 1 651 87 1 652 88 1 653 721 0 654 91 0 655 720 0 656 720 0 657 91 0 658 717 0 659 720 0 660 89 0 661 90 0 662 720 0 663 90 0 664 721 0 665 86 2 666 374 2 667 720 2 668 89 2 669 720 2 670 374 2 671 720 2 672 717 2 673 86 2 674 88 29 675 87 30 676 721 31 677 91 4 678 721 31 679 87 30 680 721 31 681 90 4 682 88 29 683 90 3 684 374 3 685 88 3 686 374 3 687 90 3 688 89 3 689 87 5 690 86 5 691 91 5 692 717 5 693 91 5 694 86 5 695 93 1 696 572 1 697 574 1 698 574 1 699 92 1 700 93 1 701 95 0 702 96 0 703 602 0 704 602 0 705 94 0 706 95 0 707 574 2 708 572 2 709 602 2 710 602 2 711 96 2 712 574 2 713 92 5 714 574 5 715 95 5 716 96 5 717 95 5 718 574 5 719 93 4 720 92 4 721 95 4 722 95 4 723 94 4 724 93 4 725 572 3 726 93 3 727 602 3 728 94 3 729 602 3 730 93 3 731 98 1 732 97 1 733 581 1 734 581 1 735 741 1 736 98 1 737 742 0 738 609 0 739 607 0 740 607 0 741 99 0 742 742 0 743 581 2 744 97 2 745 607 2 746 607 2 747 609 2 748 581 2 749 98 4 750 741 4 751 99 4 752 742 4 753 99 4 754 741 4 755 97 3 756 98 3 757 607 3 758 99 3 759 607 3 760 98 3 761 741 5 762 609 5 763 742 5 764 609 5 765 741 5 766 581 5 767 103 1 768 100 1 769 101 1 770 101 1 771 102 1 772 103 1 773 106 0 774 107 0 775 104 0 776 104 0 777 105 0 778 106 0 779 101 2 780 100 2 781 104 2 782 104 2 783 107 2 784 101 2 785 102 5 786 101 5 787 106 5 788 107 5 789 106 5 790 101 5 791 103 4 792 102 4 793 106 4 794 106 4 795 105 4 796 103 4 797 100 3 798 103 3 799 104 3 800 105 3 801 104 3 802 103 3 803 108 1 804 639 1 805 762 1 806 641 1 807 762 1 808 639 1 809 111 0 810 765 0 811 109 0 812 109 0 813 110 0 814 111 0 815 641 2 816 639 2 817 109 2 818 109 2 819 765 2 820 641 2 821 108 4 822 762 4 823 110 4 824 111 4 825 110 4 826 762 4 827 639 3 828 108 3 829 109 3 830 110 3 831 109 3 832 108 3 833 762 5 834 765 5 835 111 5 836 765 5 837 762 5 838 641 5 839 115 1 840 112 1 841 113 1 842 113 1 843 114 1 844 115 1 845 117 0 846 527 0 847 529 0 848 529 0 849 116 0 850 117 0 851 113 2 852 112 2 853 529 2 854 529 2 855 527 2 856 113 2 857 114 5 858 113 5 859 117 5 860 527 5 861 117 5 862 113 5 863 115 4 864 114 4 865 117 4 866 117 4 867 116 4 868 115 4 869 112 3 870 115 3 871 529 3 872 116 3 873 529 3 874 115 3 875 118 5 876 119 5 877 122 5 878 153 5 879 122 5 880 119 5 881 119 5 882 120 5 883 153 5 884 120 5 885 130 5 886 121 5 887 121 5 888 129 5 889 120 5 890 120 5 891 129 5 892 153 5 893 125 3 894 126 3 895 123 3 896 123 3 897 124 3 898 125 3 899 130 2 900 120 2 901 126 2 902 119 2 903 123 2 904 126 2 905 123 2 906 119 2 907 118 2 908 119 2 909 126 2 910 120 2 911 122 4 912 153 4 913 124 4 914 129 4 915 125 4 916 124 4 917 125 4 918 129 4 919 121 4 920 129 4 921 124 4 922 153 4 923 121 0 924 130 0 925 126 0 926 126 0 927 125 0 928 121 0 929 124 1 930 123 1 931 118 1 932 118 1 933 122 1 934 124 1 935 129 1 936 120 1 937 128 1 938 127 1 939 128 1 940 120 1 941 135 0 942 132 0 943 131 0 944 131 0 945 130 0 946 121 0 947 131 0 948 121 0 949 135 0 950 127 2 951 120 2 952 131 2 953 130 2 954 131 2 955 120 2 956 131 2 957 132 2 958 127 2 959 129 4 960 128 4 961 135 4 962 135 4 963 121 4 964 129 4 965 130 3 966 120 3 967 129 3 968 129 3 969 121 3 970 130 3 971 128 5 972 127 5 973 132 5 974 132 5 975 135 5 976 128 5 977 135 32 978 132 5 979 139 33 980 134 5 981 135 32 982 141 34 983 142 35 984 133 36 985 135 32 986 141 34 987 135 32 988 133 36 989 135 32 990 139 33 991 142 35 992 137 3 993 138 3 994 131 3 995 131 3 996 136 3 997 137 3 998 139 2 999 131 2 1000 138 2 1001 131 2 1002 139 2 1003 132 2 1004 139 2 1005 138 2 1006 142 2 1007 141 4 1008 137 4 1009 136 4 1010 137 4 1011 141 4 1012 133 4 1013 141 4 1014 136 4 1015 134 4 1016 136 1 1017 131 1 1018 135 1 1019 134 1 1020 136 1 1021 135 1 1022 133 0 1023 142 0 1024 138 0 1025 138 0 1026 137 0 1027 133 0 1028 149 1 1029 141 1 1030 139 1 1031 149 1 1032 139 1 1033 145 1 1034 148 1 1035 149 1 1036 145 1 1037 149 1 1038 140 1 1039 141 1 1040 143 0 1041 144 0 1042 142 0 1043 142 0 1044 133 0 1045 143 0 1046 145 2 1047 142 2 1048 144 2 1049 142 2 1050 145 2 1051 139 2 1052 145 2 1053 144 2 1054 148 2 1055 141 4 1056 140 4 1057 143 4 1058 143 4 1059 133 4 1060 141 4 1061 142 3 1062 139 3 1063 141 3 1064 141 3 1065 133 3 1066 142 3 1067 149 5 1068 144 5 1069 143 5 1070 144 5 1071 149 5 1072 148 5 1073 149 5 1074 143 5 1075 140 5 1076 147 3 1077 145 3 1078 152 3 1079 147 3 1080 152 3 1081 154 3 1082 152 3 1083 155 3 1084 154 3 1085 155 3 1086 152 3 1087 146 3 1088 150 5 1089 151 5 1090 148 5 1091 148 5 1092 149 5 1093 150 5 1094 152 2 1095 148 2 1096 151 2 1097 148 2 1098 152 2 1099 145 2 1100 152 2 1101 151 2 1102 146 2 1103 154 4 1104 150 4 1105 149 4 1106 150 4 1107 154 4 1108 155 4 1109 154 4 1110 149 4 1111 147 4 1112 148 0 1113 145 0 1114 147 0 1115 147 0 1116 149 0 1117 148 0 1118 155 1 1119 146 1 1120 151 1 1121 151 1 1122 150 1 1123 155 1 1124 154 0 1125 152 0 1126 119 0 1127 119 0 1128 153 0 1129 154 0 1130 122 1 1131 118 1 1132 146 1 1133 146 1 1134 155 1 1135 122 1 1136 119 2 1137 152 2 1138 146 2 1139 146 2 1140 118 2 1141 119 2 1142 154 4 1143 153 4 1144 122 4 1145 122 4 1146 155 4 1147 154 4 1148 146 5 1149 152 5 1150 154 5 1151 154 5 1152 155 5 1153 146 5 1154 156 5 1155 176 5 1156 179 5 1157 158 5 1158 179 5 1159 176 5 1160 176 5 1161 165 5 1162 158 5 1163 163 5 1164 166 5 1165 157 5 1166 157 5 1167 165 5 1168 163 5 1169 163 5 1170 165 5 1171 176 5 1172 161 3 1173 162 3 1174 159 3 1175 159 3 1176 160 3 1177 161 3 1178 166 2 1179 163 2 1180 162 2 1181 176 2 1182 159 2 1183 162 2 1184 159 2 1185 176 2 1186 156 2 1187 176 2 1188 162 2 1189 163 2 1190 179 4 1191 158 4 1192 160 4 1193 165 4 1194 161 4 1195 160 4 1196 161 4 1197 165 4 1198 157 4 1199 165 4 1200 160 4 1201 158 4 1202 157 0 1203 166 0 1204 162 0 1205 162 0 1206 161 0 1207 157 0 1208 160 1 1209 159 1 1210 156 1 1211 156 1 1212 179 1 1213 160 1 1214 165 1 1215 163 1 1216 169 1 1217 165 1 1218 169 1 1219 171 1 1220 169 1 1221 172 1 1222 171 1 1223 172 1 1224 169 1 1225 164 1 1226 167 0 1227 168 0 1228 166 0 1229 166 0 1230 157 0 1231 167 0 1232 169 37 1233 166 38 1234 168 39 1235 166 38 1236 169 37 1237 163 2 1238 169 37 1239 168 39 1240 164 2 1241 171 4 1242 167 4 1243 157 4 1244 167 4 1245 171 4 1246 172 4 1247 171 4 1248 157 4 1249 165 4 1250 166 3 1251 163 3 1252 165 3 1253 165 3 1254 157 3 1255 166 3 1256 172 5 1257 164 5 1258 168 5 1259 168 5 1260 167 5 1261 172 5 1262 171 3 1263 169 3 1264 175 3 1265 171 3 1266 175 3 1267 170 3 1268 175 3 1269 178 3 1270 170 3 1271 178 3 1272 175 3 1273 177 3 1274 173 5 1275 174 5 1276 164 5 1277 164 5 1278 172 5 1279 173 5 1280 175 2 1281 164 2 1282 174 2 1283 164 2 1284 175 2 1285 169 2 1286 175 2 1287 174 2 1288 177 2 1289 170 4 1290 173 4 1291 172 4 1292 173 4 1293 170 4 1294 178 4 1295 170 4 1296 172 4 1297 171 4 1298 164 0 1299 169 0 1300 171 0 1301 171 0 1302 172 0 1303 164 0 1304 178 1 1305 177 1 1306 174 1 1307 174 1 1308 173 1 1309 178 1 1310 170 0 1311 175 0 1312 176 0 1313 176 0 1314 158 0 1315 170 0 1316 179 1 1317 156 1 1318 177 1 1319 177 1 1320 178 1 1321 179 1 1322 176 2 1323 175 2 1324 177 2 1325 177 2 1326 156 2 1327 176 2 1328 170 4 1329 158 4 1330 179 4 1331 179 4 1332 178 4 1333 170 4 1334 177 5 1335 175 5 1336 170 5 1337 170 5 1338 178 5 1339 177 5 1340 180 5 1341 181 5 1342 186 5 1343 185 5 1344 186 5 1345 181 5 1346 181 5 1347 193 5 1348 185 5 1349 182 5 1350 183 5 1351 184 5 1352 184 5 1353 193 5 1354 182 5 1355 182 5 1356 193 5 1357 181 5 1358 189 3 1359 190 3 1360 188 3 1361 187 3 1362 188 3 1363 190 3 1364 183 2 1365 182 2 1366 190 2 1367 181 2 1368 187 2 1369 190 2 1370 187 2 1371 181 2 1372 180 2 1373 181 2 1374 190 2 1375 182 2 1376 186 4 1377 185 4 1378 188 4 1379 193 4 1380 189 4 1381 188 4 1382 189 4 1383 193 4 1384 184 4 1385 193 4 1386 188 4 1387 185 4 1388 184 0 1389 183 0 1390 190 0 1391 190 0 1392 189 0 1393 184 0 1394 188 1 1395 187 1 1396 180 1 1397 180 1 1398 186 1 1399 188 1 1400 193 1 1401 182 1 1402 191 1 1403 191 1 1404 192 1 1405 193 1 1406 199 0 1407 194 0 1408 195 0 1409 195 0 1410 183 0 1411 184 0 1412 195 0 1413 184 0 1414 199 0 1415 191 2 1416 182 2 1417 195 2 1418 183 2 1419 195 2 1420 182 2 1421 195 2 1422 194 2 1423 191 2 1424 193 4 1425 192 4 1426 199 4 1427 199 4 1428 184 4 1429 193 4 1430 183 3 1431 182 3 1432 193 3 1433 193 3 1434 184 3 1435 183 3 1436 192 5 1437 191 5 1438 194 5 1439 194 5 1440 199 5 1441 192 5 1442 199 40 1443 194 5 1444 196 41 1445 198 5 1446 199 40 1447 204 42 1448 197 43 1449 205 44 1450 199 40 1451 204 42 1452 199 40 1453 205 44 1454 199 40 1455 196 41 1456 197 43 1457 201 3 1458 599 3 1459 195 3 1460 195 3 1461 200 3 1462 201 3 1463 196 2 1464 195 2 1465 599 2 1466 195 2 1467 196 2 1468 194 2 1469 196 2 1470 599 2 1471 197 2 1472 204 4 1473 201 4 1474 200 4 1475 201 4 1476 204 4 1477 205 4 1478 204 4 1479 200 4 1480 198 4 1481 200 45 1482 195 46 1483 199 47 1484 198 1 1485 200 45 1486 199 47 1487 205 0 1488 197 0 1489 599 0 1490 599 0 1491 201 0 1492 205 0 1493 204 1 1494 196 1 1495 208 1 1496 204 1 1497 208 1 1498 203 1 1499 208 1 1500 202 1 1501 203 1 1502 202 1 1503 208 1 1504 209 1 1505 206 0 1506 207 0 1507 197 0 1508 197 0 1509 205 0 1510 206 0 1511 208 2 1512 197 2 1513 207 2 1514 197 2 1515 208 2 1516 196 2 1517 208 2 1518 207 2 1519 209 2 1520 203 4 1521 206 4 1522 205 4 1523 206 4 1524 203 4 1525 202 4 1526 203 4 1527 205 4 1528 204 4 1529 205 3 1530 196 3 1531 204 3 1532 196 3 1533 205 3 1534 197 3 1535 202 5 1536 209 5 1537 206 5 1538 207 5 1539 206 5 1540 209 5 1541 203 3 1542 208 3 1543 212 3 1544 203 3 1545 212 3 1546 214 3 1547 210 5 1548 211 5 1549 209 5 1550 209 5 1551 202 5 1552 210 5 1553 212 2 1554 209 2 1555 211 2 1556 209 2 1557 212 2 1558 208 2 1559 212 2 1560 211 2 1561 215 2 1562 214 4 1563 210 4 1564 202 4 1565 210 4 1566 214 4 1567 216 4 1568 214 4 1569 202 4 1570 203 4 1571 209 0 1572 208 0 1573 203 0 1574 203 0 1575 202 0 1576 209 0 1577 216 1 1578 215 1 1579 211 1 1580 211 1 1581 210 1 1582 216 1 1583 214 0 1584 212 0 1585 219 0 1586 214 0 1587 219 0 1588 213 0 1589 219 0 1590 223 0 1591 213 0 1592 223 0 1593 219 0 1594 222 0 1595 217 1 1596 218 1 1597 215 1 1598 215 1 1599 216 1 1600 217 1 1601 219 2 1602 215 2 1603 218 2 1604 215 2 1605 219 2 1606 212 2 1607 219 2 1608 218 2 1609 222 2 1610 213 4 1611 217 4 1612 216 4 1613 217 4 1614 213 4 1615 223 4 1616 213 4 1617 216 4 1618 214 4 1619 216 5 1620 212 5 1621 214 5 1622 212 5 1623 216 5 1624 215 5 1625 223 3 1626 222 3 1627 217 3 1628 218 3 1629 217 3 1630 222 3 1631 213 5 1632 219 5 1633 220 5 1634 220 5 1635 221 5 1636 213 5 1637 225 3 1638 226 3 1639 227 3 1640 224 3 1641 225 48 1642 223 3 1643 222 49 1644 223 3 1645 225 48 1646 222 49 1647 225 48 1648 227 50 1649 220 2 1650 219 2 1651 227 2 1652 222 2 1653 227 2 1654 219 2 1655 227 2 1656 226 2 1657 220 2 1658 213 4 1659 221 4 1660 224 4 1661 224 4 1662 223 4 1663 213 4 1664 222 1 1665 219 1 1666 213 1 1667 213 1 1668 223 1 1669 222 1 1670 221 0 1671 220 0 1672 225 0 1673 226 0 1674 225 0 1675 220 0 1676 225 0 1677 224 0 1678 221 0 1679 225 0 1680 226 0 1681 181 0 1682 181 0 1683 185 0 1684 225 0 1685 186 1 1686 180 1 1687 227 1 1688 227 1 1689 228 1 1690 186 1 1691 181 2 1692 226 2 1693 180 2 1694 227 2 1695 180 2 1696 226 2 1697 225 4 1698 185 4 1699 186 4 1700 186 4 1701 228 4 1702 225 4 1703 225 5 1704 228 5 1705 227 5 1706 252 5 1707 229 5 1708 251 5 1709 232 5 1710 251 5 1711 229 5 1712 229 5 1713 231 5 1714 232 5 1715 230 5 1716 237 5 1717 238 5 1718 238 5 1719 231 5 1720 230 5 1721 230 5 1722 231 5 1723 229 5 1724 235 3 1725 236 3 1726 233 3 1727 233 3 1728 234 3 1729 235 3 1730 237 2 1731 230 2 1732 236 2 1733 229 2 1734 233 2 1735 236 2 1736 233 2 1737 229 2 1738 252 2 1739 229 2 1740 236 2 1741 230 2 1742 251 4 1743 232 4 1744 234 4 1745 231 4 1746 235 4 1747 234 4 1748 235 4 1749 231 4 1750 238 4 1751 231 4 1752 234 4 1753 232 4 1754 238 0 1755 237 0 1756 236 0 1757 236 0 1758 235 0 1759 238 0 1760 234 1 1761 233 1 1762 252 1 1763 252 1 1764 251 1 1765 234 1 1766 231 1 1767 230 1 1768 241 1 1769 231 1 1770 241 1 1771 243 1 1772 241 1 1773 245 1 1774 243 1 1775 245 1 1776 241 1 1777 244 1 1778 239 0 1779 240 0 1780 237 0 1781 237 0 1782 238 0 1783 239 0 1784 241 51 1785 237 52 1786 240 53 1787 237 52 1788 241 51 1789 230 2 1790 241 51 1791 240 53 1792 244 2 1793 243 4 1794 239 4 1795 238 4 1796 239 4 1797 243 4 1798 245 4 1799 243 4 1800 238 4 1801 231 4 1802 237 3 1803 230 3 1804 231 3 1805 231 3 1806 238 3 1807 237 3 1808 245 5 1809 244 5 1810 240 5 1811 240 5 1812 239 5 1813 245 5 1814 243 3 1815 241 3 1816 248 3 1817 243 3 1818 248 3 1819 249 3 1820 248 3 1821 250 3 1822 249 3 1823 250 3 1824 248 3 1825 242 3 1826 246 5 1827 247 5 1828 244 5 1829 244 5 1830 245 5 1831 246 5 1832 248 2 1833 244 2 1834 247 2 1835 244 2 1836 248 2 1837 241 2 1838 248 2 1839 247 2 1840 242 2 1841 249 4 1842 246 4 1843 245 4 1844 246 4 1845 249 4 1846 250 4 1847 249 4 1848 245 4 1849 243 4 1850 244 0 1851 241 0 1852 243 0 1853 243 0 1854 245 0 1855 244 0 1856 250 1 1857 242 1 1858 247 1 1859 247 1 1860 246 1 1861 250 1 1862 249 0 1863 248 0 1864 229 0 1865 229 0 1866 232 0 1867 249 0 1868 251 1 1869 252 1 1870 242 1 1871 242 1 1872 250 1 1873 251 1 1874 229 2 1875 248 2 1876 252 2 1877 242 2 1878 252 2 1879 248 2 1880 249 4 1881 232 4 1882 251 4 1883 251 4 1884 250 4 1885 249 4 1886 242 5 1887 248 5 1888 249 5 1889 249 5 1890 250 5 1891 242 5 1892 253 5 1893 294 5 1894 298 5 1895 294 5 1896 256 5 1897 295 5 1898 254 5 1899 255 5 1900 263 5 1901 263 5 1902 256 5 1903 254 5 1904 254 5 1905 256 5 1906 294 5 1907 259 3 1908 260 3 1909 257 3 1910 257 3 1911 258 3 1912 259 3 1913 255 2 1914 254 2 1915 260 2 1916 294 2 1917 257 2 1918 260 2 1919 257 2 1920 294 2 1921 253 2 1922 294 2 1923 260 2 1924 254 2 1925 298 4 1926 295 4 1927 258 4 1928 256 4 1929 259 4 1930 258 4 1931 259 4 1932 256 4 1933 263 4 1934 256 4 1935 258 4 1936 295 4 1937 263 0 1938 255 0 1939 260 0 1940 260 0 1941 259 0 1942 263 0 1943 258 1 1944 257 1 1945 253 1 1946 253 1 1947 298 1 1948 258 1 1949 256 1 1950 254 1 1951 261 1 1952 261 1 1953 262 1 1954 256 1 1955 270 0 1956 265 0 1957 264 0 1958 264 0 1959 255 0 1960 263 0 1961 264 0 1962 263 0 1963 270 0 1964 261 2 1965 254 2 1966 264 2 1967 255 2 1968 264 2 1969 254 2 1970 264 2 1971 265 2 1972 261 2 1973 256 4 1974 262 4 1975 270 4 1976 270 4 1977 263 4 1978 256 4 1979 255 3 1980 254 3 1981 256 3 1982 256 3 1983 263 3 1984 255 3 1985 262 5 1986 261 5 1987 265 5 1988 265 5 1989 270 5 1990 262 5 1991 270 40 1992 265 5 1993 266 41 1994 269 5 1995 270 40 1996 268 42 1997 267 43 1998 276 44 1999 270 40 2000 268 42 2001 270 40 2002 276 44 2003 270 40 2004 266 41 2005 267 43 2006 272 3 2007 660 3 2008 264 3 2009 264 3 2010 271 3 2011 272 3 2012 266 2 2013 264 2 2014 660 2 2015 264 2 2016 266 2 2017 265 2 2018 266 2 2019 660 2 2020 267 2 2021 268 4 2022 272 4 2023 271 4 2024 272 4 2025 268 4 2026 276 4 2027 268 4 2028 271 4 2029 269 4 2030 271 45 2031 264 46 2032 270 47 2033 269 1 2034 271 45 2035 270 47 2036 276 0 2037 267 0 2038 660 0 2039 660 0 2040 272 0 2041 276 0 2042 268 1 2043 266 1 2044 273 1 2045 268 1 2046 273 1 2047 275 1 2048 273 1 2049 274 1 2050 275 1 2051 274 1 2052 273 1 2053 281 1 2054 277 0 2055 278 0 2056 267 0 2057 267 0 2058 276 0 2059 277 0 2060 273 2 2061 267 2 2062 278 2 2063 267 2 2064 273 2 2065 266 2 2066 273 2 2067 278 2 2068 281 2 2069 275 4 2070 277 4 2071 276 4 2072 277 4 2073 275 4 2074 274 4 2075 275 4 2076 276 4 2077 268 4 2078 276 3 2079 266 3 2080 268 3 2081 266 3 2082 276 3 2083 267 3 2084 274 5 2085 281 5 2086 277 5 2087 278 5 2088 277 5 2089 281 5 2090 275 3 2091 273 3 2092 283 3 2093 275 3 2094 283 3 2095 280 3 2096 283 3 2097 279 3 2098 280 3 2099 279 3 2100 283 3 2101 286 3 2102 282 5 2103 633 5 2104 281 5 2105 281 5 2106 274 5 2107 282 5 2108 283 2 2109 281 2 2110 633 2 2111 281 2 2112 283 2 2113 273 2 2114 283 2 2115 633 2 2116 286 2 2117 280 4 2118 282 4 2119 274 4 2120 282 4 2121 280 4 2122 279 4 2123 280 4 2124 274 4 2125 275 4 2126 281 0 2127 273 0 2128 275 0 2129 275 0 2130 274 0 2131 281 0 2132 279 1 2133 286 1 2134 633 1 2135 633 1 2136 282 1 2137 279 1 2138 280 0 2139 283 0 2140 288 0 2141 280 0 2142 288 0 2143 285 0 2144 288 0 2145 284 0 2146 285 0 2147 284 0 2148 288 0 2149 291 0 2150 287 1 2151 631 1 2152 286 1 2153 286 1 2154 279 1 2155 287 1 2156 288 2 2157 286 2 2158 631 2 2159 286 2 2160 288 2 2161 283 2 2162 288 2 2163 631 2 2164 291 2 2165 285 4 2166 287 4 2167 279 4 2168 287 4 2169 285 4 2170 284 4 2171 285 4 2172 279 4 2173 280 4 2174 284 3 2175 291 3 2176 287 3 2177 631 3 2178 287 3 2179 291 3 2180 285 5 2181 288 5 2182 289 5 2183 289 5 2184 290 5 2185 285 5 2186 296 3 2187 293 3 2188 629 3 2189 292 3 2190 296 54 2191 284 3 2192 291 55 2193 284 3 2194 296 54 2195 291 55 2196 296 54 2197 629 56 2198 289 2 2199 288 2 2200 629 2 2201 291 2 2202 629 2 2203 288 2 2204 629 2 2205 293 2 2206 289 2 2207 285 4 2208 290 4 2209 292 4 2210 292 4 2211 284 4 2212 285 4 2213 291 1 2214 288 1 2215 285 1 2216 285 1 2217 284 1 2218 291 1 2219 290 0 2220 289 0 2221 296 0 2222 293 0 2223 296 0 2224 289 0 2225 296 0 2226 292 0 2227 290 0 2228 296 0 2229 293 0 2230 294 0 2231 294 0 2232 295 0 2233 296 0 2234 298 1 2235 253 1 2236 629 1 2237 629 1 2238 297 1 2239 298 1 2240 294 2 2241 293 2 2242 629 2 2243 629 2 2244 253 2 2245 294 2 2246 296 4 2247 295 4 2248 298 4 2249 298 4 2250 297 4 2251 296 4 2252 298 3 2253 295 3 2254 294 3 2255 296 5 2256 297 5 2257 629 5 2258 324 5 2259 299 5 2260 303 5 2261 320 5 2262 303 5 2263 299 5 2264 299 5 2265 300 5 2266 320 5 2267 300 5 2268 301 5 2269 310 5 2270 310 5 2271 302 5 2272 300 5 2273 300 5 2274 302 5 2275 320 5 2276 306 3 2277 307 3 2278 304 3 2279 304 3 2280 305 3 2281 306 3 2282 301 2 2283 300 2 2284 307 2 2285 299 2 2286 304 2 2287 307 2 2288 304 2 2289 299 2 2290 324 2 2291 299 2 2292 307 2 2293 300 2 2294 303 4 2295 320 4 2296 305 4 2297 302 4 2298 306 4 2299 305 4 2300 306 4 2301 302 4 2302 310 4 2303 302 4 2304 305 4 2305 320 4 2306 310 0 2307 301 0 2308 307 0 2309 307 0 2310 306 0 2311 310 0 2312 305 1 2313 304 1 2314 324 1 2315 324 1 2316 303 1 2317 305 1 2318 302 1 2319 300 1 2320 308 1 2321 302 1 2322 308 1 2323 309 1 2324 308 1 2325 315 1 2326 309 1 2327 315 1 2328 308 1 2329 314 1 2330 311 0 2331 312 0 2332 301 0 2333 301 0 2334 310 0 2335 311 0 2336 308 37 2337 301 38 2338 312 39 2339 301 38 2340 308 37 2341 300 2 2342 308 37 2343 312 39 2344 314 2 2345 309 4 2346 311 4 2347 310 4 2348 311 4 2349 309 4 2350 315 4 2351 309 4 2352 310 4 2353 302 4 2354 301 3 2355 300 3 2356 302 3 2357 302 3 2358 310 3 2359 301 3 2360 315 5 2361 314 5 2362 312 5 2363 312 5 2364 311 5 2365 315 5 2366 309 3 2367 308 3 2368 313 3 2369 309 3 2370 313 3 2371 321 3 2372 313 3 2373 323 3 2374 321 3 2375 323 3 2376 313 3 2377 322 3 2378 316 57 2379 317 5 2380 318 58 2381 316 57 2382 318 58 2383 315 59 2384 319 60 2385 314 5 2386 315 59 2387 319 60 2388 315 59 2389 318 58 2390 313 2 2391 308 2 2392 318 2 2393 322 2 2394 313 2 2395 317 2 2396 314 2 2397 319 2 2398 308 2 2399 318 2 2400 317 2 2401 313 2 2402 319 2 2403 318 2 2404 308 2 2405 321 4 2406 316 4 2407 315 4 2408 316 4 2409 321 4 2410 323 4 2411 321 4 2412 315 4 2413 309 4 2414 314 0 2415 308 0 2416 309 0 2417 309 0 2418 315 0 2419 314 0 2420 323 1 2421 322 1 2422 317 1 2423 317 1 2424 316 1 2425 323 1 2426 321 0 2427 313 0 2428 299 0 2429 299 0 2430 320 0 2431 321 0 2432 303 1 2433 324 1 2434 322 1 2435 322 1 2436 323 1 2437 303 1 2438 299 2 2439 313 2 2440 322 2 2441 322 2 2442 324 2 2443 299 2 2444 321 4 2445 320 4 2446 303 4 2447 303 4 2448 323 4 2449 321 4 2450 322 5 2451 313 5 2452 321 5 2453 321 5 2454 323 5 2455 322 5 2456 328 3 2457 325 3 2458 333 3 2459 333 3 2460 326 3 2461 327 3 2462 333 3 2463 327 3 2464 328 3 2465 331 5 2466 332 5 2467 330 5 2468 329 5 2469 330 5 2470 332 5 2471 333 2 2472 329 2 2473 332 2 2474 329 2 2475 333 2 2476 325 2 2477 333 2 2478 332 2 2479 326 2 2480 328 4 2481 327 4 2482 331 4 2483 331 4 2484 330 4 2485 328 4 2486 325 0 2487 328 0 2488 330 0 2489 330 0 2490 329 0 2491 325 0 2492 327 1 2493 326 1 2494 332 1 2495 332 1 2496 331 1 2497 327 1 2498 335 0 2499 333 0 2500 339 0 2501 335 0 2502 339 0 2503 342 0 2504 339 0 2505 334 0 2506 342 0 2507 334 0 2508 339 0 2509 343 0 2510 337 61 2511 338 62 2512 327 63 2513 326 1 2514 327 63 2515 338 62 2516 327 63 2517 336 1 2518 337 61 2519 339 2 2520 326 2 2521 338 2 2522 326 2 2523 339 2 2524 333 2 2525 339 2 2526 338 2 2527 343 2 2528 342 4 2529 337 4 2530 336 4 2531 337 4 2532 342 4 2533 334 4 2534 342 4 2535 336 4 2536 335 4 2537 327 5 2538 333 5 2539 335 5 2540 335 5 2541 336 5 2542 327 5 2543 334 3 2544 343 3 2545 338 3 2546 338 3 2547 337 3 2548 334 3 2549 342 5 2550 339 5 2551 340 5 2552 340 5 2553 341 5 2554 342 5 2555 345 3 2556 346 3 2557 349 3 2558 344 3 2559 345 64 2560 334 3 2561 343 65 2562 334 3 2563 345 64 2564 343 65 2565 345 64 2566 349 66 2567 340 2 2568 339 2 2569 349 2 2570 343 2 2571 349 2 2572 339 2 2573 349 2 2574 346 2 2575 340 2 2576 342 4 2577 341 4 2578 344 4 2579 344 4 2580 334 4 2581 342 4 2582 343 1 2583 339 1 2584 342 1 2585 342 1 2586 334 1 2587 343 1 2588 341 0 2589 340 0 2590 345 0 2591 346 0 2592 345 0 2593 340 0 2594 345 0 2595 344 0 2596 341 0 2597 345 0 2598 346 0 2599 347 0 2600 347 0 2601 348 0 2602 345 0 2603 351 1 2604 352 1 2605 349 1 2606 349 1 2607 350 1 2608 351 1 2609 347 2 2610 346 2 2611 349 2 2612 349 2 2613 352 2 2614 347 2 2615 348 3 2616 347 3 2617 352 3 2618 352 3 2619 351 3 2620 348 3 2621 345 4 2622 348 4 2623 351 4 2624 351 4 2625 350 4 2626 345 4 2627 345 5 2628 350 5 2629 349 5 2630 356 5 2631 353 5 2632 360 5 2633 360 5 2634 354 5 2635 355 5 2636 360 5 2637 355 5 2638 356 5 2639 359 3 2640 525 3 2641 357 3 2642 357 3 2643 358 3 2644 359 3 2645 360 2 2646 357 2 2647 525 2 2648 357 2 2649 360 2 2650 353 2 2651 360 2 2652 525 2 2653 354 2 2654 356 4 2655 355 4 2656 359 4 2657 359 4 2658 358 4 2659 356 4 2660 353 1 2661 356 1 2662 358 1 2663 358 1 2664 357 1 2665 353 1 2666 355 0 2667 354 0 2668 525 0 2669 525 0 2670 359 0 2671 355 0 2672 371 1 2673 363 1 2674 360 1 2675 371 1 2676 360 1 2677 367 1 2678 361 1 2679 371 1 2680 367 1 2681 371 1 2682 362 1 2683 363 1 2684 365 0 2685 366 0 2686 355 0 2687 354 0 2688 355 0 2689 366 0 2690 355 0 2691 364 0 2692 365 0 2693 367 2 2694 354 2 2695 366 2 2696 354 2 2697 367 2 2698 360 2 2699 367 2 2700 366 2 2701 361 2 2702 363 4 2703 362 4 2704 365 4 2705 365 4 2706 364 4 2707 363 4 2708 355 3 2709 360 3 2710 363 3 2711 363 3 2712 364 3 2713 355 3 2714 371 5 2715 366 5 2716 365 5 2717 366 5 2718 371 5 2719 361 5 2720 371 5 2721 365 5 2722 362 5 2723 370 3 2724 367 3 2725 368 3 2726 368 3 2727 369 3 2728 370 3 2729 372 5 2730 373 5 2731 374 5 2732 372 5 2733 374 5 2734 89 5 2735 89 5 2736 361 5 2737 371 5 2738 89 5 2739 371 5 2740 372 5 2741 368 2 2742 367 2 2743 89 2 2744 89 2 2745 367 2 2746 361 2 2747 368 2 2748 89 2 2749 374 2 2750 374 2 2751 373 2 2752 368 2 2753 369 1 2754 368 1 2755 373 1 2756 373 1 2757 372 1 2758 369 1 2759 370 4 2760 369 4 2761 372 4 2762 372 4 2763 371 4 2764 370 4 2765 361 0 2766 367 0 2767 370 0 2768 370 0 2769 371 0 2770 361 0 2771 377 3 2772 499 3 2773 375 3 2774 375 3 2775 376 3 2776 377 3 2777 378 5 2778 379 5 2779 500 5 2780 500 5 2781 496 5 2782 378 5 2783 375 2 2784 499 2 2785 379 2 2786 500 2 2787 379 2 2788 499 2 2789 376 1 2790 375 1 2791 379 1 2792 379 1 2793 378 1 2794 376 1 2795 377 4 2796 376 4 2797 378 4 2798 378 4 2799 496 4 2800 377 4 2801 500 0 2802 499 0 2803 377 0 2804 377 0 2805 496 0 2806 500 0 2807 380 5 2808 381 5 2809 401 5 2810 399 5 2811 401 5 2812 381 5 2813 381 5 2814 382 5 2815 399 5 2816 382 5 2817 383 5 2818 384 5 2819 384 5 2820 385 5 2821 382 5 2822 382 5 2823 385 5 2824 399 5 2825 387 3 2826 388 3 2827 386 3 2828 576 3 2829 386 3 2830 388 3 2831 383 2 2832 382 2 2833 388 2 2834 381 2 2835 576 2 2836 388 2 2837 576 2 2838 381 2 2839 380 2 2840 381 2 2841 388 2 2842 382 2 2843 401 4 2844 399 4 2845 386 4 2846 385 4 2847 387 4 2848 386 4 2849 387 4 2850 385 4 2851 384 4 2852 385 4 2853 386 4 2854 399 4 2855 384 0 2856 383 0 2857 388 0 2858 388 0 2859 387 0 2860 384 0 2861 386 1 2862 576 1 2863 380 1 2864 380 1 2865 401 1 2866 386 1 2867 385 1 2868 382 1 2869 391 1 2870 385 1 2871 391 1 2872 395 1 2873 391 1 2874 397 1 2875 395 1 2876 397 1 2877 391 1 2878 396 1 2879 389 0 2880 390 0 2881 383 0 2882 383 0 2883 384 0 2884 389 0 2885 391 2 2886 383 2 2887 390 2 2888 383 2 2889 391 2 2890 382 2 2891 391 2 2892 390 2 2893 396 2 2894 395 4 2895 389 4 2896 384 4 2897 389 4 2898 395 4 2899 397 4 2900 395 4 2901 384 4 2902 385 4 2903 397 5 2904 396 5 2905 389 5 2906 390 5 2907 389 5 2908 396 5 2909 395 3 2910 391 3 2911 392 3 2912 395 3 2913 392 3 2914 400 3 2915 392 3 2916 394 3 2917 400 3 2918 394 3 2919 392 3 2920 393 3 2921 398 5 2922 578 5 2923 396 5 2924 396 5 2925 397 5 2926 398 5 2927 392 2 2928 396 2 2929 578 2 2930 396 2 2931 392 2 2932 391 2 2933 392 2 2934 578 2 2935 393 2 2936 400 4 2937 398 4 2938 397 4 2939 398 4 2940 400 4 2941 394 4 2942 400 4 2943 397 4 2944 395 4 2945 396 0 2946 391 0 2947 395 0 2948 395 0 2949 397 0 2950 396 0 2951 394 1 2952 393 1 2953 578 1 2954 578 1 2955 398 1 2956 394 1 2957 400 0 2958 392 0 2959 381 0 2960 381 0 2961 399 0 2962 400 0 2963 401 1 2964 380 1 2965 393 1 2966 393 1 2967 394 1 2968 401 1 2969 381 2 2970 392 2 2971 380 2 2972 393 2 2973 380 2 2974 392 2 2975 400 4 2976 399 4 2977 401 4 2978 401 4 2979 394 4 2980 400 4 2981 399 3 2982 380 3 2983 401 3 2984 380 3 2985 399 3 2986 381 3 2987 402 5 2988 421 5 2989 406 5 2990 422 5 2991 406 5 2992 421 5 2993 421 5 2994 410 5 2995 422 5 2996 410 5 2997 403 5 2998 404 5 2999 404 5 3000 405 5 3001 410 5 3002 410 5 3003 405 5 3004 422 5 3005 409 3 3006 665 3 3007 407 3 3008 407 3 3009 408 3 3010 409 3 3011 403 2 3012 410 2 3013 665 2 3014 421 2 3015 407 2 3016 665 2 3017 407 2 3018 421 2 3019 402 2 3020 421 2 3021 665 2 3022 410 2 3023 406 4 3024 422 4 3025 408 4 3026 405 4 3027 409 4 3028 408 4 3029 409 4 3030 405 4 3031 404 4 3032 405 4 3033 408 4 3034 422 4 3035 404 0 3036 403 0 3037 665 0 3038 665 0 3039 409 0 3040 404 0 3041 408 1 3042 407 1 3043 402 1 3044 402 1 3045 406 1 3046 408 1 3047 405 1 3048 410 1 3049 411 1 3050 405 1 3051 411 1 3052 416 1 3053 411 1 3054 417 1 3055 416 1 3056 417 1 3057 411 1 3058 412 1 3059 413 0 3060 667 0 3061 403 0 3062 403 0 3063 404 0 3064 413 0 3065 411 2 3066 403 2 3067 667 2 3068 403 2 3069 411 2 3070 410 2 3071 411 2 3072 667 2 3073 412 2 3074 416 4 3075 413 4 3076 404 4 3077 413 4 3078 416 4 3079 417 4 3080 416 4 3081 404 4 3082 405 4 3083 417 5 3084 412 5 3085 413 5 3086 667 5 3087 413 5 3088 412 5 3089 416 3 3090 411 3 3091 420 3 3092 416 3 3093 420 3 3094 415 3 3095 420 3 3096 423 3 3097 415 3 3098 423 3 3099 420 3 3100 414 3 3101 418 5 3102 419 5 3103 412 5 3104 412 5 3105 417 5 3106 418 5 3107 420 2 3108 412 2 3109 419 2 3110 412 2 3111 420 2 3112 411 2 3113 420 2 3114 419 2 3115 414 2 3116 415 4 3117 418 4 3118 417 4 3119 418 4 3120 415 4 3121 423 4 3122 415 4 3123 417 4 3124 416 4 3125 412 0 3126 411 0 3127 416 0 3128 416 0 3129 417 0 3130 412 0 3131 423 1 3132 414 1 3133 419 1 3134 419 1 3135 418 1 3136 423 1 3137 415 0 3138 420 0 3139 421 0 3140 421 0 3141 422 0 3142 415 0 3143 406 1 3144 402 1 3145 414 1 3146 414 1 3147 423 1 3148 406 1 3149 421 2 3150 420 2 3151 402 2 3152 414 2 3153 402 2 3154 420 2 3155 415 4 3156 422 4 3157 406 4 3158 406 4 3159 423 4 3160 415 4 3161 422 3 3162 402 3 3163 406 3 3164 402 3 3165 422 3 3166 421 3 3167 426 3 3168 424 3 3169 559 3 3170 559 3 3171 425 3 3172 426 3 3173 432 5 3174 427 5 3175 428 5 3176 432 5 3177 428 5 3178 433 5 3179 559 2 3180 424 2 3181 432 2 3182 427 2 3183 432 2 3184 424 2 3185 432 2 3186 429 2 3187 559 2 3188 426 4 3189 425 4 3190 433 4 3191 431 4 3192 433 4 3193 425 4 3194 433 4 3195 428 4 3196 426 4 3197 424 0 3198 426 0 3199 428 0 3200 428 0 3201 427 0 3202 424 0 3203 425 1 3204 559 1 3205 429 1 3206 429 1 3207 431 1 3208 425 1 3209 431 1 3210 429 1 3211 561 1 3212 561 1 3213 430 1 3214 431 1 3215 434 0 3216 435 0 3217 439 0 3218 439 0 3219 435 0 3220 436 0 3221 439 0 3222 432 0 3223 433 0 3224 439 0 3225 433 0 3226 434 0 3227 561 2 3228 429 2 3229 439 2 3230 432 2 3231 439 2 3232 429 2 3233 439 2 3234 436 2 3235 561 2 3236 431 67 3237 430 68 3238 434 69 3239 435 4 3240 434 69 3241 430 68 3242 434 69 3243 433 4 3244 431 67 3245 432 3 3246 429 3 3247 431 3 3248 431 3 3249 433 3 3250 432 3 3251 430 5 3252 561 5 3253 436 5 3254 436 5 3255 435 5 3256 430 5 3257 435 5 3258 436 5 3259 437 5 3260 437 5 3261 438 5 3262 435 5 3263 440 3 3264 441 3 3265 439 3 3266 439 3 3267 434 3 3268 440 3 3269 437 2 3270 436 2 3271 441 2 3272 439 2 3273 441 2 3274 436 2 3275 438 0 3276 437 0 3277 441 0 3278 441 0 3279 440 0 3280 438 0 3281 435 4 3282 438 4 3283 440 4 3284 440 4 3285 434 4 3286 435 4 3287 445 5 3288 442 5 3289 443 5 3290 443 5 3291 444 5 3292 445 5 3293 448 3 3294 449 3 3295 446 3 3296 446 3 3297 447 3 3298 448 3 3299 443 2 3300 442 2 3301 446 2 3302 446 2 3303 449 2 3304 443 2 3305 444 0 3306 443 0 3307 449 0 3308 449 0 3309 448 0 3310 444 0 3311 445 4 3312 444 4 3313 448 4 3314 448 4 3315 447 4 3316 445 4 3317 442 1 3318 445 1 3319 447 1 3320 447 1 3321 446 1 3322 442 1 3323 453 3 3324 450 3 3325 451 3 3326 451 3 3327 452 3 3328 453 3 3329 456 5 3330 457 5 3331 454 5 3332 454 5 3333 455 5 3334 456 5 3335 451 2 3336 450 2 3337 457 2 3338 454 2 3339 457 2 3340 450 2 3341 452 1 3342 451 1 3343 457 1 3344 457 1 3345 456 1 3346 452 1 3347 453 4 3348 452 4 3349 455 4 3350 456 4 3351 455 4 3352 452 4 3353 450 0 3354 453 0 3355 455 0 3356 455 0 3357 454 0 3358 450 0 3359 461 5 3360 458 5 3361 459 5 3362 459 5 3363 460 5 3364 461 5 3365 464 3 3366 465 3 3367 462 3 3368 462 3 3369 463 3 3370 464 3 3371 459 2 3372 458 2 3373 462 2 3374 462 2 3375 465 2 3376 459 2 3377 460 0 3378 459 0 3379 465 0 3380 465 0 3381 464 0 3382 460 0 3383 461 4 3384 460 4 3385 464 4 3386 464 4 3387 463 4 3388 461 4 3389 458 1 3390 461 1 3391 463 1 3392 463 1 3393 462 1 3394 458 1 3395 469 3 3396 466 3 3397 467 3 3398 467 3 3399 468 3 3400 469 3 3401 472 5 3402 473 5 3403 470 5 3404 470 5 3405 471 5 3406 472 5 3407 467 2 3408 466 2 3409 470 2 3410 470 2 3411 473 2 3412 467 2 3413 468 1 3414 467 1 3415 473 1 3416 473 1 3417 472 1 3418 468 1 3419 469 4 3420 468 4 3421 472 4 3422 472 4 3423 471 4 3424 469 4 3425 466 0 3426 469 0 3427 471 0 3428 471 0 3429 470 0 3430 466 0 3431 477 5 3432 474 5 3433 475 5 3434 475 5 3435 476 5 3436 477 5 3437 480 3 3438 481 3 3439 478 3 3440 478 3 3441 479 3 3442 480 3 3443 475 2 3444 474 2 3445 478 2 3446 478 2 3447 481 2 3448 475 2 3449 476 0 3450 475 0 3451 481 0 3452 481 0 3453 480 0 3454 476 0 3455 477 4 3456 476 4 3457 480 4 3458 480 4 3459 479 4 3460 477 4 3461 474 1 3462 477 1 3463 479 1 3464 479 1 3465 478 1 3466 474 1 3467 485 3 3468 482 3 3469 483 3 3470 483 3 3471 484 3 3472 485 3 3473 488 5 3474 489 5 3475 486 5 3476 486 5 3477 487 5 3478 488 5 3479 483 2 3480 482 2 3481 486 2 3482 486 2 3483 489 2 3484 483 2 3485 484 1 3486 483 1 3487 489 1 3488 489 1 3489 488 1 3490 484 1 3491 485 4 3492 484 4 3493 488 4 3494 488 4 3495 487 4 3496 485 4 3497 482 0 3498 485 0 3499 487 0 3500 487 0 3501 486 0 3502 482 0 3503 493 0 3504 490 0 3505 492 0 3506 491 0 3507 492 0 3508 490 0 3509 498 1 3510 499 1 3511 497 1 3512 377 1 3513 497 1 3514 499 1 3515 500 1 3516 494 1 3517 495 1 3518 495 1 3519 496 1 3520 500 1 3521 491 70 3522 490 71 3523 500 72 3524 500 72 3525 490 71 3526 494 2 3527 491 70 3528 500 72 3529 499 2 3530 499 2 3531 498 2 3532 491 70 3533 492 3 3534 491 3 3535 498 3 3536 498 3 3537 497 3 3538 492 3 3539 493 73 3540 492 74 3541 496 75 3542 496 75 3543 492 74 3544 377 4 3545 493 73 3546 496 75 3547 495 4 3548 497 4 3549 377 4 3550 492 74 3551 490 5 3552 493 5 3553 495 5 3554 495 5 3555 494 5 3556 490 5 3557 504 0 3558 501 0 3559 502 0 3560 502 0 3561 503 0 3562 504 0 3563 507 1 3564 508 1 3565 506 1 3566 505 1 3567 506 1 3568 508 1 3569 502 2 3570 501 2 3571 505 2 3572 505 2 3573 508 2 3574 502 2 3575 503 3 3576 502 3 3577 508 3 3578 508 3 3579 507 3 3580 503 3 3581 504 4 3582 503 4 3583 506 4 3584 507 4 3585 506 4 3586 503 4 3587 501 5 3588 504 5 3589 506 5 3590 506 5 3591 505 5 3592 501 5 3593 512 0 3594 509 0 3595 510 0 3596 510 0 3597 511 0 3598 512 0 3599 515 1 3600 516 1 3601 513 1 3602 513 1 3603 514 1 3604 515 1 3605 510 2 3606 509 2 3607 513 2 3608 513 2 3609 516 2 3610 510 2 3611 511 3 3612 510 3 3613 516 3 3614 516 3 3615 515 3 3616 511 3 3617 512 4 3618 511 4 3619 515 4 3620 515 4 3621 514 4 3622 512 4 3623 509 5 3624 512 5 3625 514 5 3626 514 5 3627 513 5 3628 509 5 3629 734 0 3630 74 0 3631 518 0 3632 517 0 3633 518 0 3634 74 0 3635 521 5 3636 734 5 3637 518 5 3638 720 5 3639 521 5 3640 519 5 3641 518 5 3642 519 5 3643 521 5 3644 519 5 3645 520 5 3646 720 5 3647 89 1 3648 720 1 3649 520 1 3650 520 1 3651 522 1 3652 89 1 3653 366 3 3654 89 3 3655 522 3 3656 522 3 3657 523 3 3658 366 3 3659 525 1 3660 366 1 3661 523 1 3662 523 1 3663 524 1 3664 525 1 3665 527 5 3666 525 5 3667 526 5 3668 524 5 3669 526 5 3670 525 5 3671 529 1 3672 527 1 3673 526 1 3674 526 1 3675 528 1 3676 529 1 3677 531 5 3678 529 5 3679 528 5 3680 528 5 3681 530 5 3682 531 5 3683 533 1 3684 531 1 3685 530 1 3686 530 1 3687 532 1 3688 533 1 3689 144 3 3690 533 3 3691 532 3 3692 532 3 3693 534 3 3694 144 3 3695 138 1 3696 144 1 3697 534 1 3698 534 1 3699 535 1 3700 138 1 3701 131 5 3702 138 5 3703 535 5 3704 535 5 3705 536 5 3706 131 5 3707 538 1 3708 131 1 3709 536 1 3710 536 1 3711 537 1 3712 538 1 3713 540 3 3714 538 3 3715 539 3 3716 74 3 3717 540 3 3718 539 3 3719 537 3 3720 539 3 3721 538 3 3722 539 3 3723 517 3 3724 74 3 3725 528 4 3726 532 4 3727 530 4 3728 534 76 3729 532 4 3730 528 4 3731 539 77 3732 535 4 3733 534 76 3734 539 77 3735 537 4 3736 535 4 3737 537 4 3738 536 4 3739 535 4 3740 539 77 3741 534 76 3742 519 78 3743 528 4 3744 524 79 3745 534 76 3746 522 4 3747 520 4 3748 523 80 3749 524 79 3750 528 4 3751 526 4 3752 523 80 3753 519 78 3754 524 79 3755 520 4 3756 519 78 3757 523 80 3758 524 79 3759 519 78 3760 534 76 3761 531 2 3762 533 2 3763 529 81 3764 529 81 3765 533 2 3766 144 82 3767 144 82 3768 138 2 3769 540 83 3770 138 2 3771 538 2 3772 540 83 3773 138 2 3774 131 2 3775 538 2 3776 521 84 3777 144 82 3778 540 83 3779 144 82 3780 525 85 3781 529 81 3782 366 86 3783 720 2 3784 89 2 3785 527 2 3786 529 81 3787 525 85 3788 525 85 3789 521 84 3790 366 86 3791 366 86 3792 521 84 3793 720 2 3794 144 82 3795 521 84 3796 525 85 3797 518 87 3798 517 88 3799 541 89 3800 542 90 3801 74 91 3802 734 92 3803 539 93 3804 543 94 3805 544 95 3806 545 96 3807 544 97 3808 543 98 3809 543 98 3810 541 99 3811 545 96 3812 546 100 3813 547 101 3814 540 102 3815 547 103 3816 546 104 3817 548 105 3818 548 105 3819 542 106 3820 547 103 3821 545 96 3822 517 107 3823 539 108 3824 539 108 3825 544 97 3826 545 96 3827 517 88 3828 545 109 3829 541 89 3830 540 110 3831 74 111 3832 548 105 3833 548 105 3834 546 104 3835 540 110 3836 542 90 3837 548 112 3838 74 91 3839 539 93 3840 519 113 3841 543 94 3842 547 101 3843 521 114 3844 540 102 3845 519 115 3846 518 116 3847 541 99 3848 541 99 3849 543 98 3850 519 115 3851 542 106 3852 734 117 3853 521 118 3854 521 118 3855 547 103 3856 542 106 3857 349 0 3858 549 0 3859 550 0 3860 550 0 3861 551 0 3862 349 0 3863 338 5 3864 349 5 3865 551 5 3866 551 5 3867 552 5 3868 338 5 3869 332 0 3870 338 0 3871 552 0 3872 552 0 3873 553 0 3874 332 0 3875 555 3 3876 332 3 3877 554 3 3878 553 3 3879 554 3 3880 332 3 3881 4 0 3882 555 0 3883 554 0 3884 554 0 3885 556 0 3886 4 0 3887 424 0 3888 4 0 3889 556 0 3890 556 0 3891 557 0 3892 424 0 3893 559 5 3894 424 5 3895 557 5 3896 557 5 3897 558 5 3898 559 5 3899 561 0 3900 559 0 3901 558 0 3902 558 0 3903 560 0 3904 561 0 3905 437 3 3906 561 3 3907 562 3 3908 560 3 3909 562 3 3910 561 3 3911 783 0 3912 437 0 3913 562 0 3914 562 0 3915 563 0 3916 783 0 3917 85 5 3918 783 5 3919 563 5 3920 563 5 3921 564 5 3922 85 5 3923 319 1 3924 85 1 3925 565 1 3926 564 1 3927 565 1 3928 85 1 3929 549 3 3930 319 3 3931 565 3 3932 565 3 3933 550 3 3934 549 3 3935 565 119 3936 553 4 3937 552 4 3938 553 4 3939 565 119 3940 556 120 3941 565 119 3942 552 4 3943 550 4 3944 551 4 3945 550 4 3946 552 4 3947 553 4 3948 556 120 3949 554 4 3950 558 121 3951 564 122 3952 560 123 3953 564 122 3954 558 121 3955 556 120 3956 560 123 3957 564 122 3958 563 4 3959 556 120 3960 558 121 3961 557 4 3962 560 123 3963 563 4 3964 562 4 3965 564 122 3966 556 120 3967 565 119 3968 338 2 3969 332 124 3970 319 125 3971 4 126 3972 319 125 3973 332 124 3974 549 2 3975 338 2 3976 319 125 3977 338 2 3978 549 2 3979 349 2 3980 555 2 3981 4 126 3982 332 124 3983 561 2 3984 85 127 3985 559 128 3986 4 126 3987 559 128 3988 85 127 3989 783 2 3990 85 127 3991 561 2 3992 424 2 3993 559 128 3994 4 126 3995 437 2 3996 783 2 3997 561 2 3998 319 125 3999 4 126 4000 85 127 4001 227 0 4002 566 0 4003 567 0 4004 567 0 4005 568 0 4006 227 0 4007 218 5 4008 227 5 4009 568 5 4010 568 5 4011 569 5 4012 218 5 4013 211 0 4014 218 0 4015 569 0 4016 569 0 4017 570 0 4018 211 0 4019 572 3 4020 211 3 4021 571 3 4022 570 3 4023 571 3 4024 211 3 4025 574 0 4026 572 0 4027 571 0 4028 571 0 4029 573 0 4030 574 0 4031 576 5 4032 574 5 4033 573 5 4034 573 5 4035 575 5 4036 576 5 4037 578 0 4038 576 0 4039 575 0 4040 575 0 4041 577 0 4042 578 0 4043 97 3 4044 578 3 4045 577 3 4046 577 3 4047 579 3 4048 97 3 4049 581 0 4050 97 0 4051 579 0 4052 579 0 4053 580 0 4054 581 0 4055 584 5 4056 581 5 4057 582 5 4058 78 5 4059 584 5 4060 582 5 4061 580 5 4062 582 5 4063 581 5 4064 582 5 4065 583 5 4066 78 5 4067 76 1 4068 78 1 4069 585 1 4070 583 1 4071 585 1 4072 78 1 4073 587 3 4074 76 3 4075 585 3 4076 566 3 4077 587 3 4078 586 3 4079 585 3 4080 586 3 4081 587 3 4082 586 3 4083 567 3 4084 566 3 4085 585 129 4086 583 130 4087 588 131 4088 589 132 4089 78 133 4090 76 134 4091 577 135 4092 580 4 4093 579 4 4094 582 136 4095 577 135 4096 575 137 4097 577 135 4098 582 136 4099 580 4 4100 582 136 4101 575 137 4102 570 138 4103 573 4 4104 571 4 4105 575 137 4106 568 4 4107 567 4 4108 569 4 4109 570 138 4110 569 4 4111 586 139 4112 586 139 4113 569 4 4114 567 4 4115 570 138 4116 586 139 4117 582 136 4118 571 4 4119 570 138 4120 575 137 4121 97 2 4122 581 2 4123 578 140 4124 576 141 4125 578 140 4126 584 142 4127 581 2 4128 584 142 4129 578 140 4130 211 143 4131 576 141 4132 584 142 4133 576 141 4134 572 2 4135 574 2 4136 218 2 4137 566 2 4138 227 2 4139 587 144 4140 218 2 4141 211 143 4142 566 2 4143 218 2 4144 587 144 4145 584 142 4146 587 144 4147 211 143 4148 576 141 4149 211 143 4150 572 2 4151 586 145 4152 585 146 4153 591 147 4154 590 148 4155 591 147 4156 585 146 4157 585 129 4158 588 131 4159 590 149 4160 591 150 4161 590 149 4162 588 131 4163 588 131 4164 592 151 4165 591 150 4166 593 152 4167 76 153 4168 587 154 4169 76 153 4170 593 152 4171 594 155 4172 594 156 4173 589 132 4174 76 134 4175 589 132 4176 594 156 4177 593 2 4178 593 2 4179 595 157 4180 589 132 4181 586 139 4182 591 150 4183 592 151 4184 595 157 4185 593 158 4186 587 144 4187 586 139 4188 592 151 4189 582 136 4190 588 131 4191 583 130 4192 592 151 4193 582 136 4194 592 151 4195 583 130 4196 584 142 4197 595 157 4198 587 144 4199 595 157 4200 78 133 4201 589 132 4202 78 133 4203 595 157 4204 584 142 4205 598 1 4206 195 1 4207 596 1 4208 596 1 4209 597 1 4210 598 1 4211 195 5 4212 599 5 4213 600 5 4214 600 5 4215 596 5 4216 195 5 4217 599 1 4218 207 1 4219 601 1 4220 601 1 4221 600 1 4222 599 1 4223 207 3 4224 602 3 4225 603 3 4226 603 3 4227 601 3 4228 207 3 4229 602 1 4230 96 1 4231 604 1 4232 604 1 4233 603 1 4234 602 1 4235 96 5 4236 388 5 4237 605 5 4238 605 5 4239 604 5 4240 96 5 4241 388 1 4242 390 1 4243 606 1 4244 606 1 4245 605 1 4246 388 1 4247 390 3 4248 607 3 4249 608 3 4250 608 3 4251 606 3 4252 390 3 4253 607 1 4254 609 1 4255 610 1 4256 610 1 4257 608 1 4258 607 1 4259 613 5 4260 755 5 4261 611 5 4262 609 5 4263 613 5 4264 612 5 4265 611 5 4266 612 5 4267 613 5 4268 612 5 4269 610 5 4270 609 5 4271 755 0 4272 614 0 4273 611 0 4274 615 0 4275 611 0 4276 614 0 4277 617 3 4278 598 3 4279 616 3 4280 614 3 4281 617 3 4282 616 3 4283 597 3 4284 616 3 4285 598 3 4286 616 3 4287 615 3 4288 614 3 4289 600 4 4290 597 4 4291 596 4 4292 605 159 4293 603 4 4294 604 4 4295 606 80 4296 608 4 4297 610 4 4298 616 160 4299 600 4 4300 601 161 4301 603 4 4302 605 159 4303 601 161 4304 597 4 4305 600 4 4306 616 160 4307 612 162 4308 616 160 4309 601 161 4310 606 80 4311 612 162 4312 605 159 4313 601 161 4314 605 159 4315 612 162 4316 610 4 4317 612 162 4318 606 80 4319 195 2 4320 598 2 4321 599 2 4322 96 2 4323 602 2 4324 388 163 4325 609 2 4326 607 2 4327 390 86 4328 207 164 4329 599 2 4330 617 165 4331 207 164 4332 388 163 4333 602 2 4334 617 165 4335 599 2 4336 598 2 4337 207 164 4338 617 165 4339 613 166 4340 388 163 4341 613 166 4342 390 86 4343 613 166 4344 388 163 4345 207 164 4346 390 86 4347 613 166 4348 609 2 4349 611 167 4350 615 168 4351 618 169 4352 619 170 4353 614 171 4354 755 172 4355 622 173 4356 620 174 4357 621 175 4358 621 175 4359 618 169 4360 622 173 4361 616 160 4362 621 175 4363 620 174 4364 625 176 4365 623 177 4366 624 178 4367 624 178 4368 619 170 4369 625 176 4370 623 177 4371 625 176 4372 617 165 4373 622 173 4374 615 168 4375 616 160 4376 616 160 4377 620 174 4378 622 173 4379 615 168 4380 622 173 4381 618 169 4382 617 165 4383 614 171 4384 624 178 4385 624 178 4386 623 177 4387 617 165 4388 619 170 4389 624 178 4390 614 171 4391 616 160 4392 612 162 4393 621 175 4394 625 176 4395 613 166 4396 617 165 4397 612 162 4398 611 167 4399 618 169 4400 618 169 4401 621 175 4402 612 162 4403 619 170 4404 755 172 4405 613 166 4406 613 166 4407 625 176 4408 619 170 4409 629 0 4410 626 0 4411 627 0 4412 627 0 4413 628 0 4414 629 0 4415 631 5 4416 629 5 4417 628 5 4418 628 5 4419 630 5 4420 631 5 4421 633 0 4422 631 0 4423 630 0 4424 630 0 4425 632 0 4426 633 0 4427 100 3 4428 633 3 4429 632 3 4430 632 3 4431 634 3 4432 100 3 4433 101 0 4434 100 0 4435 635 0 4436 634 0 4437 635 0 4438 100 0 4439 407 5 4440 101 5 4441 636 5 4442 635 5 4443 636 5 4444 101 5 4445 419 0 4446 407 0 4447 636 0 4448 636 0 4449 637 0 4450 419 0 4451 639 3 4452 419 3 4453 637 3 4454 637 3 4455 638 3 4456 639 3 4457 641 0 4458 639 0 4459 638 0 4460 638 0 4461 640 0 4462 641 0 4463 644 5 4464 641 5 4465 642 5 4466 754 5 4467 644 5 4468 642 5 4469 640 5 4470 642 5 4471 641 5 4472 642 5 4473 643 5 4474 754 5 4475 646 1 4476 754 1 4477 645 1 4478 643 1 4479 645 1 4480 754 1 4481 648 3 4482 646 3 4483 647 3 4484 626 3 4485 648 3 4486 647 3 4487 645 3 4488 647 3 4489 646 3 4490 647 3 4491 627 3 4492 626 3 4493 645 179 4494 643 180 4495 649 181 4496 650 182 4497 754 183 4498 646 184 4499 637 185 4500 640 4 4501 638 4 4502 642 186 4503 637 185 4504 636 187 4505 637 185 4506 642 186 4507 640 4 4508 642 186 4509 636 187 4510 632 188 4511 635 4 4512 634 4 4513 636 187 4514 628 4 4515 627 4 4516 630 4 4517 632 188 4518 630 4 4519 647 189 4520 647 189 4521 630 4 4522 627 4 4523 632 188 4524 647 189 4525 642 186 4526 634 4 4527 632 188 4528 636 187 4529 639 2 4530 641 2 4531 419 190 4532 407 191 4533 419 190 4534 644 192 4535 641 2 4536 644 192 4537 419 190 4538 633 193 4539 407 191 4540 644 192 4541 407 191 4542 100 2 4543 101 2 4544 631 2 4545 626 2 4546 629 2 4547 648 194 4548 631 2 4549 633 193 4550 626 2 4551 631 2 4552 648 194 4553 644 192 4554 648 194 4555 633 193 4556 407 191 4557 633 193 4558 100 2 4559 647 189 4560 645 179 4561 651 195 4562 651 195 4563 652 196 4564 647 189 4565 645 179 4566 649 181 4567 651 195 4568 652 196 4569 651 195 4570 649 181 4571 649 181 4572 653 197 4573 652 196 4574 655 198 4575 646 184 4576 648 194 4577 648 194 4578 654 199 4579 655 198 4580 655 198 4581 650 182 4582 646 184 4583 650 182 4584 655 198 4585 654 199 4586 654 199 4587 656 200 4588 650 182 4589 647 189 4590 652 196 4591 653 197 4592 656 200 4593 654 199 4594 648 194 4595 649 181 4596 643 180 4597 642 186 4598 642 186 4599 653 197 4600 649 181 4601 644 192 4602 754 183 4603 650 182 4604 650 182 4605 656 200 4606 644 192 4607 647 189 4608 653 197 4609 642 186 4610 644 192 4611 656 200 4612 648 194 4613 659 1 4614 264 1 4615 657 1 4616 657 1 4617 658 1 4618 659 1 4619 264 5 4620 660 5 4621 661 5 4622 661 5 4623 657 5 4624 264 5 4625 660 1 4626 278 1 4627 662 1 4628 662 1 4629 661 1 4630 660 1 4631 278 3 4632 104 3 4633 663 3 4634 663 3 4635 662 3 4636 278 3 4637 104 1 4638 107 1 4639 663 1 4640 664 1 4641 663 1 4642 107 1 4643 107 5 4644 665 5 4645 664 5 4646 666 5 4647 664 5 4648 665 5 4649 665 1 4650 667 1 4651 668 1 4652 668 1 4653 666 1 4654 665 1 4655 667 3 4656 109 3 4657 669 3 4658 669 3 4659 668 3 4660 667 3 4661 109 1 4662 765 1 4663 670 1 4664 670 1 4665 669 1 4666 109 1 4667 673 5 4668 775 5 4669 671 5 4670 765 5 4671 673 5 4672 672 5 4673 671 5 4674 672 5 4675 673 5 4676 672 5 4677 670 5 4678 765 5 4679 775 0 4680 318 0 4681 674 0 4682 674 0 4683 671 0 4684 775 0 4685 676 3 4686 659 3 4687 675 3 4688 318 3 4689 676 3 4690 675 3 4691 658 3 4692 675 3 4693 659 3 4694 675 3 4695 674 3 4696 318 3 4697 661 4 4698 658 4 4699 657 4 4700 666 159 4701 663 4 4702 664 4 4703 668 80 4704 669 4 4705 670 4 4706 675 201 4707 661 4 4708 662 161 4709 663 4 4710 666 159 4711 662 161 4712 658 4 4713 661 4 4714 675 201 4715 672 202 4716 675 201 4717 662 161 4718 668 80 4719 672 202 4720 666 159 4721 662 161 4722 666 159 4723 672 202 4724 670 4 4725 672 202 4726 668 80 4727 264 2 4728 659 2 4729 660 2 4730 107 2 4731 104 2 4732 665 163 4733 765 2 4734 109 2 4735 667 86 4736 278 164 4737 660 2 4738 676 203 4739 278 164 4740 665 163 4741 104 2 4742 676 203 4743 660 2 4744 659 2 4745 278 164 4746 676 203 4747 673 204 4748 665 163 4749 673 204 4750 667 86 4751 673 204 4752 665 163 4753 278 164 4754 667 86 4755 673 204 4756 765 2 4757 671 205 4758 674 206 4759 677 207 4760 678 208 4761 318 209 4762 775 210 4763 680 211 4764 674 206 4765 675 201 4766 675 201 4767 679 212 4768 680 211 4769 676 203 4770 318 209 4771 681 213 4772 681 213 4773 682 214 4774 676 203 4775 680 211 4776 679 212 4777 683 215 4778 683 215 4779 677 207 4780 680 211 4781 675 201 4782 683 215 4783 679 212 4784 684 216 4785 682 214 4786 681 213 4787 681 213 4788 678 208 4789 684 216 4790 682 214 4791 684 216 4792 676 203 4793 674 206 4794 680 211 4795 677 207 4796 678 208 4797 681 213 4798 318 209 4799 675 201 4800 672 202 4801 683 215 4802 684 216 4803 673 204 4804 676 203 4805 672 202 4806 671 205 4807 677 207 4808 677 207 4809 683 215 4810 672 202 4811 678 208 4812 775 210 4813 673 204 4814 673 204 4815 684 216 4816 678 208 4817 688 0 4818 685 0 4819 686 0 4820 686 0 4821 687 0 4822 688 0 4823 690 5 4824 688 5 4825 687 5 4826 687 5 4827 689 5 4828 690 5 4829 33 0 4830 690 0 4831 689 0 4832 689 0 4833 691 0 4834 33 0 4835 693 5 4836 33 5 4837 691 5 4838 691 5 4839 692 5 4840 693 5 4841 695 1 4842 693 1 4843 692 1 4844 692 1 4845 694 1 4846 695 1 4847 66 1 4848 696 1 4849 697 1 4850 697 1 4851 698 1 4852 66 1 4853 700 3 4854 66 3 4855 698 3 4856 698 3 4857 699 3 4858 700 3 4859 702 1 4860 700 1 4861 699 1 4862 699 1 4863 701 1 4864 702 1 4865 12 1 4866 695 1 4867 703 1 4868 694 1 4869 703 1 4870 695 1 4871 705 5 4872 12 5 4873 703 5 4874 703 5 4875 704 5 4876 705 5 4877 707 1 4878 705 1 4879 704 1 4880 704 1 4881 706 1 4882 707 1 4883 685 3 4884 707 3 4885 706 3 4886 706 3 4887 686 3 4888 685 3 4889 706 4 4890 704 4 4891 703 217 4892 706 4 4893 703 217 4894 686 4 4895 709 218 4896 711 4 4897 703 217 4898 689 4 4899 703 217 4900 711 4 4901 687 4 4902 686 4 4903 689 4 4904 689 4 4905 712 4 4906 701 4 4907 689 4 4908 686 4 4909 703 217 4910 701 4 4911 691 4 4912 689 4 4913 711 4 4914 712 4 4915 689 4 4916 708 219 4917 709 218 4918 694 220 4919 694 220 4920 692 221 4921 708 219 4922 709 218 4923 703 217 4924 694 220 4925 708 219 4926 692 221 4927 697 4 4928 699 4 4929 697 4 4930 691 4 4931 697 4 4932 699 4 4933 698 4 4934 691 4 4935 697 4 4936 692 221 4937 691 4 4938 701 4 4939 699 4 4940 709 218 4941 710 4 4942 711 4 4943 12 222 4944 705 2 4945 707 2 4946 685 2 4947 12 222 4948 707 2 4949 12 222 4950 714 2 4951 716 223 4952 714 2 4953 12 222 4954 690 224 4955 690 224 4956 685 2 4957 688 2 4958 702 225 4959 713 2 4960 690 224 4961 12 222 4962 685 2 4963 690 224 4964 690 224 4965 33 226 4966 702 225 4967 690 224 4968 713 2 4969 714 2 4970 695 227 4971 716 223 4972 67 2 4973 67 2 4974 693 2 4975 695 227 4976 695 227 4977 12 222 4978 716 223 4979 696 228 4980 693 2 4981 67 2 4982 33 226 4983 696 228 4984 700 229 4985 66 2 4986 700 229 4987 696 228 4988 693 2 4989 696 228 4990 33 226 4991 700 229 4992 702 225 4993 33 226 4994 714 2 4995 715 2 4996 716 223 4997 713 1 4998 702 1 4999 701 1 5000 701 1 5001 712 1 5002 713 1 5003 714 5 5004 713 5 5005 712 5 5006 712 5 5007 711 5 5008 714 5 5009 715 0 5010 714 0 5011 711 0 5012 711 0 5013 710 0 5014 715 0 5015 716 5 5016 715 5 5017 710 5 5018 710 5 5019 709 5 5020 716 5 5021 67 0 5022 716 0 5023 709 0 5024 709 0 5025 708 0 5026 67 0 5027 696 3 5028 67 3 5029 708 3 5030 708 3 5031 697 3 5032 696 3 5033 91 5 5034 717 5 5035 718 5 5036 718 5 5037 719 5 5038 91 5 5039 722 3 5040 723 3 5041 721 3 5042 720 3 5043 721 3 5044 723 3 5045 718 2 5046 717 2 5047 723 2 5048 720 2 5049 723 2 5050 717 2 5051 719 0 5052 718 0 5053 723 0 5054 723 0 5055 722 0 5056 719 0 5057 91 4 5058 719 4 5059 721 4 5060 722 4 5061 721 4 5062 719 4 5063 727 5 5064 724 5 5065 725 5 5066 725 5 5067 726 5 5068 727 5 5069 733 3 5070 78 3 5071 732 3 5072 731 3 5073 732 3 5074 78 3 5075 78 3 5076 734 3 5077 731 3 5078 734 3 5079 728 3 5080 729 3 5081 729 3 5082 730 3 5083 734 3 5084 734 3 5085 730 3 5086 731 3 5087 725 2 5088 724 2 5089 734 2 5090 734 2 5091 724 2 5092 728 2 5093 725 2 5094 734 2 5095 78 2 5096 78 2 5097 733 2 5098 725 2 5099 726 0 5100 725 0 5101 733 0 5102 733 0 5103 732 0 5104 726 0 5105 727 4 5106 726 4 5107 731 4 5108 731 4 5109 726 4 5110 732 4 5111 727 4 5112 731 4 5113 730 4 5114 730 4 5115 729 4 5116 727 4 5117 724 1 5118 727 1 5119 729 1 5120 729 1 5121 728 1 5122 724 1 5123 738 5 5124 735 5 5125 736 5 5126 736 5 5127 737 5 5128 738 5 5129 744 3 5130 609 3 5131 743 3 5132 742 3 5133 743 3 5134 609 3 5135 609 3 5136 581 3 5137 742 3 5138 581 3 5139 739 3 5140 740 3 5141 740 3 5142 741 3 5143 581 3 5144 581 3 5145 741 3 5146 742 3 5147 736 2 5148 735 2 5149 581 2 5150 581 2 5151 735 2 5152 739 2 5153 736 2 5154 581 2 5155 609 2 5156 609 2 5157 744 2 5158 736 2 5159 737 0 5160 736 0 5161 744 0 5162 744 0 5163 743 0 5164 737 0 5165 738 4 5166 737 4 5167 742 4 5168 742 4 5169 737 4 5170 743 4 5171 738 4 5172 742 4 5173 741 4 5174 741 4 5175 740 4 5176 738 4 5177 735 1 5178 738 1 5179 740 1 5180 740 1 5181 739 1 5182 735 1 5183 748 5 5184 745 5 5185 746 5 5186 746 5 5187 747 5 5188 748 5 5189 753 3 5190 754 3 5191 752 3 5192 81 3 5193 752 3 5194 754 3 5195 754 3 5196 751 3 5197 81 3 5198 755 3 5199 749 3 5200 750 3 5201 750 3 5202 751 3 5203 755 3 5204 755 3 5205 751 3 5206 754 3 5207 746 2 5208 745 2 5209 755 2 5210 755 2 5211 745 2 5212 749 2 5213 746 2 5214 755 2 5215 754 2 5216 754 2 5217 753 2 5218 746 2 5219 747 0 5220 746 0 5221 753 0 5222 753 0 5223 752 0 5224 747 0 5225 748 4 5226 747 4 5227 81 4 5228 81 4 5229 747 4 5230 752 4 5231 748 4 5232 81 4 5233 751 4 5234 751 4 5235 750 4 5236 748 4 5237 745 1 5238 748 1 5239 750 1 5240 750 1 5241 749 1 5242 745 1 5243 759 5 5244 756 5 5245 757 5 5246 757 5 5247 758 5 5248 759 5 5249 764 3 5250 765 3 5251 763 3 5252 111 3 5253 763 3 5254 765 3 5255 765 3 5256 641 3 5257 111 3 5258 641 3 5259 760 3 5260 761 3 5261 761 3 5262 762 3 5263 641 3 5264 641 3 5265 762 3 5266 111 3 5267 757 2 5268 756 2 5269 641 2 5270 641 2 5271 756 2 5272 760 2 5273 757 2 5274 641 2 5275 765 2 5276 765 2 5277 764 2 5278 757 2 5279 758 0 5280 757 0 5281 763 0 5282 764 0 5283 763 0 5284 757 0 5285 759 4 5286 758 4 5287 111 4 5288 111 4 5289 758 4 5290 763 4 5291 759 4 5292 111 4 5293 762 4 5294 762 4 5295 761 4 5296 759 4 5297 756 1 5298 759 1 5299 760 1 5300 761 1 5301 760 1 5302 759 1 5303 769 5 5304 766 5 5305 767 5 5306 767 5 5307 768 5 5308 769 5 5309 774 3 5310 85 3 5311 773 3 5312 772 3 5313 773 3 5314 85 3 5315 85 3 5316 775 3 5317 772 3 5318 775 3 5319 770 3 5320 771 3 5321 771 3 5322 82 3 5323 775 3 5324 775 3 5325 82 3 5326 772 3 5327 767 2 5328 766 2 5329 775 2 5330 775 2 5331 766 2 5332 770 2 5333 767 2 5334 775 2 5335 85 2 5336 85 2 5337 774 2 5338 767 2 5339 768 0 5340 767 0 5341 773 0 5342 774 0 5343 773 0 5344 767 0 5345 769 4 5346 768 4 5347 772 4 5348 772 4 5349 768 4 5350 773 4 5351 769 4 5352 772 4 5353 82 4 5354 82 4 5355 771 4 5356 769 4 5357 766 1 5358 769 1 5359 770 1 5360 771 1 5361 770 1 5362 769 1 5363 779 5 5364 776 5 5365 777 5 5366 777 5 5367 778 5 5368 779 5 5369 782 3 5370 783 3 5371 780 3 5372 780 3 5373 781 3 5374 782 3 5375 777 2 5376 776 2 5377 780 2 5378 780 2 5379 783 2 5380 777 2 5381 779 4 5382 778 4 5383 782 4 5384 782 4 5385 781 4 5386 779 4 5387 776 1 5388 779 1 5389 781 1 5390 781 1 5391 780 1 5392 776 1 5393 778 0 5394 783 0 5395 782 0 5396 783 0 5397 778 0 5398 777 0 5399</p>
        </triangles>
      </mesh>
    </geometry>
  </library_geometries>
  <library_visual_scenes>
    <visual_scene id="Scene" name="Scene">
      <node id="기본_벽__W1__434829_" name="기본 벽 #W1 [434829]" type="NODE">
        <matrix sid="transform">0.3048 0 0 0 0 0.3048 0 0 0 0 0.3048 0 0 0 0 1</matrix>
        <instance_geometry url="#기본_벽__W1__434829__Geometry-mesh" name="기본 벽 #W1 [434829]"/>
      </node>
      <node id="_D_뷰___3D_" name="3D 뷰: {3D}" type="NODE">
        <matrix sid="transform">0.287778 -0.08031465 0.06030272 12.75078 0.1004334 0.2301307 -0.1727891 -26.09161 -3.02361e-8 0.1830095 0.2437428 57.80791 0 0 0 1</matrix>
        <instance_camera url="#_D_뷰___3D_-camera"/>
      </node>
      <node id="Camera" name="Camera" type="NODE">
        <matrix sid="transform">0.6859207 -0.3240135 0.6515582 7.358891 0.7276763 0.3054208 -0.6141704 -6.925791 0 0.8953956 0.4452714 4.958309 0 0 0 1</matrix>
        <instance_camera url="#Camera-camera"/>
      </node>
      <node id="Light" name="Light" type="NODE">
        <matrix sid="transform">-0.2908646 -0.7711008 0.5663932 4.076245 0.9551712 -0.1998834 0.2183912 1.005454 -0.05518906 0.6045247 0.7946723 5.903862 0 0 0 1</matrix>
        <instance_light url="#Light-light"/>
      </node>
    </visual_scene>
  </library_visual_scenes>
  <scene>
    <instance_visual_scene url="#Scene"/>
  </scene>
</COLLADA>
